file_path,disposition,family,normalized_candidate_path
基于PSARMACD和RSI的多时间框架量化交易策略Multi-timeframe-Quantitative-Trading-Strategy-Based-on-PSAR-MACD-and-RSI.md,normalized_candidate,multi_indicator_combo,multi-indicator-combo-2026-08-31.md
动态RSI双均线买卖策略Dynamic-RSI-and-Dual-Moving-Average-Buy-Sell-Strategy.md,variant_or_duplicate,multi_indicator_combo,multi-indicator-combo-2026-08-31.md
均线回转反转策略Mean-Reversion-Reverse-Strategy-Based-on-Moving-Average.md,variant_or_duplicate,multi_indicator_combo,multi-indicator-combo-2026-08-31.md
动态风险管理的均线交叉与布林带策略-Dynamic-Risk-Managed-EMA-Crossover-with-Bollinger-Bands-Strategy.md,variant_or_duplicate,multi_indicator_combo,multi-indicator-combo-2026-08-31.md
双RSI配合布林带的趋势追踪策略Dual-RSI-Combined-with-Bollinger-Band-for-Trend-Following.md,variant_or_duplicate,multi_indicator_combo,multi-indicator-combo-2026-08-31.md
Bollinger带通道-RSI双线策略Bollinger-Band-RSI-Dual-Line-Strategy.md,variant_or_duplicate,multi_indicator_combo,multi-indicator-combo-2026-08-31.md
MACD-RSI交叉趋势跟踪策略结合布林带优化系统-MACD-RSI-Crossover-Trend-Following-Strategy-with-Bollinger-Bands-Optimization-System.md,variant_or_duplicate,multi_indicator_combo,multi-indicator-combo-2026-08-31.md
多指标趋势动量交叉策略EMA双均线与MACDRSI协同信号系统-Multi-Indicator-Trend-Momentum-Crossover-Strategy-EMA-Dual-Moving-Average-with-MACD-RSI-Synergy-System.md,variant_or_duplicate,multi_indicator_combo,multi-indicator-combo-2026-08-31.md
基于随机RSI和EMA交叉的加密货币回调交易策略Crypto-Pullback-Trading-Strategy-Based-on-Stochastic-RSI-and-EMA-Crossover.md,variant_or_duplicate,multi_indicator_combo,multi-indicator-combo-2026-08-31.md
EMA交叉与布林带双重入场策略结合趋势跟踪与波动突破的量化交易系统EMA-Crossover-with-Bollinger-Bands-Double-Entry-Strategy-A-Quantitative-Trading-System-Combining-Trend-Following-and-Volatility-Breakout.md,variant_or_duplicate,multi_indicator_combo,multi-indicator-combo-2026-08-31.md
基于相对强弱指数RSI和滑动平均SMA的波动率标准差DEV交易策略-Standard-Deviation-DEV-Trading-Strategy-Based-on-Relative-Strength-Index-RSI-and-Simple-Moving-Average-SMA.md,variant_or_duplicate,multi_indicator_combo,multi-indicator-combo-2026-08-31.md
均线穿越与布林带突破策略Moving-Average-Breakout-and-Bollinger-Band-Breakout-Strategy.md,variant_or_duplicate,multi_indicator_combo,multi-indicator-combo-2026-08-31.md
多指标合成多维决策交易系统-基于RSIMACD布林带成交量及趋势的量化策略-Multi-Indicator-Composite-Multi-Dimensional-Decision-Trading-System-A-Quantitative-Strategy-Based-on-RSI-MACD-Bollinger-Bands-Volume-and-Trend.md,variant_or_duplicate,multi_indicator_combo,multi-indicator-combo-2026-08-31.md
多指标趋势动量融合策略-RSI-MACD-双重超趋势跟踪系统-Multi-Indicator-Trend-Momentum-Fusion-Strategy-RSI-MACD-Dual-Supertrend-Tracking-System.md,variant_or_duplicate,multi_indicator_combo,multi-indicator-combo-2026-08-31.md
RSI指标与平均线交叉策略Relative-Strength-Index-and-Moving-Average-Crossover-Strategy.md,variant_or_duplicate,multi_indicator_combo,multi-indicator-combo-2026-08-31.md
融合布林带与RSI的动态多指标交易策略-Dynamic-Multi-Indicator-Trading-Strategy-Combining-Bollinger-Bands-and-RSI.md,variant_or_duplicate,multi_indicator_combo,multi-indicator-combo-2026-08-31.md
波林格带和EMA趋势跟踪策略-Bollinger-Bands-and-EMA-Trend-Following-Strategy.md,variant_or_duplicate,multi_indicator_combo,multi-indicator-combo-2026-08-31.md
均线突破布林带策略Moving-Average-Bollinger-Bands-Breakout-Strategy.md,variant_or_duplicate,multi_indicator_combo,multi-indicator-combo-2026-08-31.md
自适应波段突破结合均线交叉量化策略系统-Adaptive-Bollinger-Breakout-with-Moving-Average-Quantitative-Strategy-System.md,variant_or_duplicate,multi_indicator_combo,multi-indicator-combo-2026-08-31.md
均线动态趋势跟踪与RSI-ADX复合指标交易策略-Dynamic-Moving-Average-Trend-Following-Strategy-with-RSI-ADX-Composite-Indicators.md,variant_or_duplicate,multi_indicator_combo,multi-indicator-combo-2026-08-31.md
RSI和布林带双重策略RSI-and-Bollinger-Bands-Double-Strategy.md,variant_or_duplicate,multi_indicator_combo,multi-indicator-combo-2026-08-31.md
MACD-BB-波段突破策略-MACD-BB-Breakout-Strategy.md,variant_or_duplicate,multi_indicator_combo,multi-indicator-combo-2026-08-31.md
基于RSI2的动态突破交易策略结合移动平均线过滤系统-RSI2-Based-Dynamic-Breakout-Trading-Strategy-with-Moving-Average-Filter-System.md,variant_or_duplicate,multi_indicator_combo,multi-indicator-combo-2026-08-31.md
多时间周期RSI-SMA动态交叉自适应交易系统-Multi-Timeframe-RSI-SMA-Dynamic-Crossover-Adaptive-Trading-System.md,variant_or_duplicate,multi_indicator_combo,multi-indicator-combo-2026-08-31.md
多指标交叉动量趋势追踪策略Hull与EMA结合RSI和双重随机震荡器的量化交易系统-Multi-Indicator-Crossover-Momentum-Trend-Following-Strategy-Quantitative-Trading-System-Combining-Hull-with-EMA-RSI-and-Dual-Stochastic-Oscillators.md,variant_or_duplicate,multi_indicator_combo,multi-indicator-combo-2026-08-31.md
MACD和EMA金叉死叉策略MACD-and-EMA-Crossover-Strategy.md,variant_or_duplicate,multi_indicator_combo,multi-indicator-combo-2026-08-31.md
双均线交叉结合RSI动量优化交易策略-Dual-Moving-Average-Crossover-with-RSI-Momentum-Enhancement-Strategy.md,variant_or_duplicate,multi_indicator_combo,multi-indicator-combo-2026-08-31.md
双BB指标RSI量化交易策略Flawless-Victory-Quantitative-Trading-Strategy-Based-on-Double-BB-Indicators-and-RSI.md,variant_or_duplicate,multi_indicator_combo,multi-indicator-combo-2026-08-31.md
MACD-TEMA-交叉策略-MACD-TEMA-Crossover-Strategy.md,variant_or_duplicate,multi_indicator_combo,multi-indicator-combo-2026-08-31.md
基于布林带移动平均线和相对强弱指数的短线交易策略-Short-Term-Trading-Strategy-Based-on-Bollinger-Bands-Moving-Average-and-RSI.md,variant_or_duplicate,multi_indicator_combo,multi-indicator-combo-2026-08-31.md
季节范围均线RSI策略Seasonal-Range-Moving-Average-RSI-Strategy.md,variant_or_duplicate,multi_indicator_combo,multi-indicator-combo-2026-08-31.md
基于RSI和MACD指标的交易策略Trading-Strategy-Based-on-RSI-and-MACD-Indicators.md,variant_or_duplicate,multi_indicator_combo,multi-indicator-combo-2026-08-31.md
基于移动平均线均回复策略Based-on-the-Moving-Average-Reversion-Strategy.md,variant_or_duplicate,multi_indicator_combo,multi-indicator-combo-2026-08-31.md
RSI与布林带双重策略RSI-and-Bollinger-Bands-Dual-Strategy.md,variant_or_duplicate,multi_indicator_combo,multi-indicator-combo-2026-08-31.md
双均线RSI趋势发散策略基于指数移动平均和相对强弱的趋势捕捉系统-Dual-EMA-RSI-Divergence-Strategy-A-Trend-Capture-System-Based-on-Exponential-Moving-Average-and-Relative-Strength.md,variant_or_duplicate,multi_indicator_combo,multi-indicator-combo-2026-08-31.md
MACD-RSI-一目均衡Ichimoku动量趋势多头策略-MACD-RSI-Ichimoku-Momentum-Trend-Following-Long-Strategy.md,variant_or_duplicate,multi_indicator_combo,multi-indicator-combo-2026-08-31.md
多因子均值回归策略结合随机相对强弱指标与布林带的均值回归交易系统-Multi-Factor-Mean-Reversion-Strategy-A-Mean-Reversion-Trading-System-Combining-Stochastic-RSI-and-Bollinger-Bands.md,variant_or_duplicate,multi_indicator_combo,multi-indicator-combo-2026-08-31.md
基于均线的布林带短线反转量化策略Bollinger-Band-Short-term-Reversion-Quantitative-Strategy-Based-on-Moving-Average.md,variant_or_duplicate,multi_indicator_combo,multi-indicator-combo-2026-08-31.md
基于21日EMA成交量和RSI的趋势动量策略Trend-Momentum-Strategy-Based-on-21-EMA-Volume-and-RSI.md,variant_or_duplicate,multi_indicator_combo,multi-indicator-combo-2026-08-31.md
多时间周期动量协同交易策略-融合EMA-MA-RSI的量化交易系统-Multi-Timeframe-Momentum-Convergence-Trading-System-Integrating-EMA-MA-RSI-for-Quantitative-Market-Analysis.md,variant_or_duplicate,multi_indicator_combo,multi-indicator-combo-2026-08-31.md
基于EMA均线和MACD指标的趋势跟踪策略EMA-Crossover-and-MACD-Signals-Trend-Following-Strategy.md,variant_or_duplicate,multi_indicator_combo,multi-indicator-combo-2026-08-31.md
基于EMA与趋势线突破的双均线-RSI-动量策略-Dual-Moving-Average-RSI-Momentum-Strategy-Based-on-EMA-and-Trendline-Breakouts.md,variant_or_duplicate,multi_indicator_combo,multi-indicator-combo-2026-08-31.md
RSI-Divergence-with-Pivot-BB-SMA-EMA-SMMA-WMA-VWMA.md,variant_or_duplicate,multi_indicator_combo,multi-indicator-combo-2026-08-31.md
动态均线与MACD交叉策略Dynamic-EMA-and-MACD-Crossover-Strategy.md,variant_or_duplicate,multi_indicator_combo,multi-indicator-combo-2026-08-31.md
霍尔指标与随机指标组合交易策略Hull-Moving-Average-and-Stochastic-RSI-Combination-Trading-Strategy.md,variant_or_duplicate,multi_indicator_combo,multi-indicator-combo-2026-08-31.md
均线黄金交叉RSI-MACD策略Improved-RSI-MACD-Moving-Average-Strategy.md,variant_or_duplicate,multi_indicator_combo,multi-indicator-combo-2026-08-31.md
Triple-EMA-MACD.md,variant_or_duplicate,multi_indicator_combo,multi-indicator-combo-2026-08-31.md
双移动均线与RSI反转交易策略Dual-Moving-Average-and-RSI-Reversal-Trading-Strategy.md,variant_or_duplicate,multi_indicator_combo,multi-indicator-combo-2026-08-31.md
SMA-RSI-MACD多指标组合动态限价交易策略-SMA-RSI-MACD-Multi-Indicator-Dynamic-Limit-Order-Trading-Strategy.md,variant_or_duplicate,multi_indicator_combo,multi-indicator-combo-2026-08-31.md
双均线RSI动量突破交易策略-Dual-EMA-RSI-Momentum-Breakout-Trading-Strategy.md,variant_or_duplicate,multi_indicator_combo,multi-indicator-combo-2026-08-31.md
动态波幅捕捉RSI-布林带策略Volatility-Capture-RSI-Bollinger-Band-Strategy.md,variant_or_duplicate,multi_indicator_combo,multi-indicator-combo-2026-08-31.md
EMA背离均值回归策略-EMA-Divergence-Mean-Reversion-Strategy.md,variant_or_duplicate,multi_indicator_combo,multi-indicator-combo-2026-08-31.md
基于MACD和RSI的5分钟动量交易策略MACD-and-RSI-Based-5-Minute-Momentum-Trading-Strategy.md,variant_or_duplicate,multi_indicator_combo,multi-indicator-combo-2026-08-31.md
基于布林带和MACD的量化交易策略Trading-Strategy-Based-on-Bollinger-Bands-and-MACD.md,variant_or_duplicate,multi_indicator_combo,multi-indicator-combo-2026-08-31.md
EMA与布林带突破策略-EMA-and-Bollinger-Bands-Breakout-Strategy.md,variant_or_duplicate,multi_indicator_combo,multi-indicator-combo-2026-08-31.md
双重均线布林带趋势追踪策略Dual-Moving-Average-Bollinger-Band-Trend-Tracking-Strategy.md,variant_or_duplicate,multi_indicator_combo,multi-indicator-combo-2026-08-31.md
EMA与RSI-MACD-ATR结合的双均线交叉策略-Enhanced-EMA-Crossover-Strategy-with-RSI-MACD-ATR.md,variant_or_duplicate,multi_indicator_combo,multi-indicator-combo-2026-08-31.md
MACD-RSI-组合趋势策略MACD-RSI-Combo-Trend-Strategy.md,variant_or_duplicate,multi_indicator_combo,multi-indicator-combo-2026-08-31.md
多周期均线带及MACD交叉策略系统-Multi-Period-Moving-Average-Ribbon-and-MACD-Crossover-Strategy-System.md,variant_or_duplicate,multi_indicator_combo,multi-indicator-combo-2026-08-31.md
基于EMA和ATRRSI过滤器的趋势跟踪策略An-Advanced-EMA-Trend-Following-Strategy-with-Relaxed-RSI-and-ATR-Filters.md,variant_or_duplicate,multi_indicator_combo,multi-indicator-combo-2026-08-31.md
动态RSI增强型指数均线趋势交易策略-Dynamic-RSI-Enhanced-EMA-Trend-Trading-Strategy.md,variant_or_duplicate,multi_indicator_combo,multi-indicator-combo-2026-08-31.md
玻尔班带RSIADXATR反转交易策略Reversal-Trading-Strategy-with-Bollinger-Bands-RSI-ADX-and-ATR.md,variant_or_duplicate,multi_indicator_combo,multi-indicator-combo-2026-08-31.md
基于RSI极值与SMA均线过滤的趋势跟踪策略A-Trend-Following-Strategy.md,variant_or_duplicate,multi_indicator_combo,multi-indicator-combo-2026-08-31.md
多指标决策树策略IMACDEMA和一目均衡表Multi-Indicator-Decision-Tree-Strategy-IMACD-EMA-and-Ichimoku.md,variant_or_duplicate,multi_indicator_combo,multi-indicator-combo-2026-08-31.md
DEMA策略MACD指标组合DEMA-MACD-Combination-Strategy.md,variant_or_duplicate,multi_indicator_combo,multi-indicator-combo-2026-08-31.md
高精度RSI和布林带突破策略与优化风险比-High-Precision-RSI-and-Bollinger-Bands-Breakout-Strategy-with-Optimized-Risk-Reward-Ratio.md,variant_or_duplicate,multi_indicator_combo,multi-indicator-combo-2026-08-31.md
动态波动率自适应EMAxRSI交叉策略-Dynamic-Volatility-Adaptive-EMA-RSI-Crossover-Strategy.md,variant_or_duplicate,multi_indicator_combo,multi-indicator-combo-2026-08-31.md
基于多重EMA和RSI的趋势追踪策略Multi-EMA-and-RSI-Trend-Following-Strategy.md,variant_or_duplicate,multi_indicator_combo,multi-indicator-combo-2026-08-31.md
Multi-EMA趋势追踪型RSI-MACD动量验证策略-Multi-EMA-Trend-Following-Strategy-with-RSI-MACD-Momentum-Validation.md,variant_or_duplicate,multi_indicator_combo,multi-indicator-combo-2026-08-31.md
基于RSI-SMA的突发性买卖策略SMA-RSI-Sudden-Buy-Sell-Strategy.md,variant_or_duplicate,multi_indicator_combo,multi-indicator-combo-2026-08-31.md
基于255-EMA-与-MACD-的反转交易策略255-EMA-and-MACD-Reversal-Trading-Strategy.md,variant_or_duplicate,multi_indicator_combo,multi-indicator-combo-2026-08-31.md
动量驱动型布林带突破与智能资金概念融合策略-Momentum-Driven-Bollinger-Breakout-with-Smart-Money-Concepts-Integration-Strategy.md,variant_or_duplicate,multi_indicator_combo,multi-indicator-combo-2026-08-31.md
双重均线交叉与RSI超买超卖结合的金字塔式动态趋势交易策略-Dual-Moving-Average-Crossover-with-RSI-Overbought-Oversold-Pyramid-Dynamic-Trend-Trading-Strategy.md,variant_or_duplicate,multi_indicator_combo,multi-indicator-combo-2026-08-31.md
量子启发式概率趋势交易策略基于EMA和RSI的量化模型-Quantum-Inspired-Probability-Trend-Trading-Strategy-EMA-RSI-Based-Quantitative-Model.md,variant_or_duplicate,multi_indicator_combo,multi-indicator-combo-2026-08-31.md
布林带与指数移动平均结合交易策略-Bollinger-Bands-and-Exponential-Moving-Average-Crossover-Trading-Strategy.md,variant_or_duplicate,multi_indicator_combo,multi-indicator-combo-2026-08-31.md
多均线移动RSI策略Multi-EMA-Moving-RSI-Strategy.md,variant_or_duplicate,multi_indicator_combo,multi-indicator-combo-2026-08-31.md
基于多时间框架移动平均线与RSI的趋势跟踪策略Trend-Following-Strategy-Based-on-Multi-Timeframe-Moving-Average-and-RSI.md,variant_or_duplicate,multi_indicator_combo,multi-indicator-combo-2026-08-31.md
动量震荡跨界Bollinger带均线策略Momentum-Oscillation-Crossing-Bollinger-Bands-with-Moving-Average-Strategy.md,variant_or_duplicate,multi_indicator_combo,multi-indicator-combo-2026-08-31.md
三倍标准差布林带突破量化交易策略结合百日均线优化-Triple-Standard-Deviation-Bollinger-Bands-Breakout-Strategy-with-100-Day-Moving-Average-Optimization.md,variant_or_duplicate,multi_indicator_combo,multi-indicator-combo-2026-08-31.md
基于布林带和指数移动平均线的趋势追踪策略Trend-Tracking-Strategy-Based-on-Bollinger-Bands-and-Exponential-Moving-Average.md,variant_or_duplicate,multi_indicator_combo,multi-indicator-combo-2026-08-31.md
震荡突破布林带T3均线策略Bollinger-Band-T3-Moving-Average-Strategy.md,variant_or_duplicate,multi_indicator_combo,multi-indicator-combo-2026-08-31.md
基于MACD和RSI的长短双向交易策略MACD-and-RSI-Based-Long-Short-Trading-Strategy.md,variant_or_duplicate,multi_indicator_combo,multi-indicator-combo-2026-08-31.md
均线修正型RSI三重验证机会策略-Triple-Validated-RSI-Mean-Reversion-with-Moving-Average-Filter-Strategy.md,variant_or_duplicate,multi_indicator_combo,multi-indicator-combo-2026-08-31.md
基于RSI均线交叉策略RSI-Moving-Average-Crossover-Strategy.md,variant_or_duplicate,multi_indicator_combo,multi-indicator-combo-2026-08-31.md
基于ADXBB-BAO和EMA的量化交易策略Four-factor-Momentum-Tracking-Trading-Strategy-Based-on-ADX-BB-B-AO-and-EMA.md,variant_or_duplicate,multi_indicator_combo,multi-indicator-combo-2026-08-31.md
高级动量趋势EMA交叉策略结合RSI确认系统-Advanced-Momentum-Trend-EMA-Crossover-Strategy-with-RSI-Confirmation-System.md,variant_or_duplicate,multi_indicator_combo,multi-indicator-combo-2026-08-31.md
康纳双均线RSI反转交易策略Connors-Dual-Moving-Average-RSI-Reversal-Trading-Strategy.md,variant_or_duplicate,multi_indicator_combo,multi-indicator-combo-2026-08-31.md
移动平均线和随机相对强弱指标策略Moving-Average-and-Stochastic-RSI-Strategy.md,variant_or_duplicate,multi_indicator_combo,multi-indicator-combo-2026-08-31.md
动态趋势过滤ATM期权卖出策略结合EMA交叉与RSI动量确认-Dynamic-Trend-Filtered-ATM-Option-Selling-Strategy-with-EMA-Crossover-and-RSI-Momentum-Confirmation.md,variant_or_duplicate,multi_indicator_combo,multi-indicator-combo-2026-08-31.md
趋势跟踪EMA和RSI策略Trend-Following-EMA-and-RSI-Strategy.md,variant_or_duplicate,multi_indicator_combo,multi-indicator-combo-2026-08-31.md
双MACD随机指标交易策略Dual-MACD-StochRSI-Trading-Strategy.md,variant_or_duplicate,multi_indicator_combo,multi-indicator-combo-2026-08-31.md
动态均线交叉结合RSI动量和ATR波动率的多层级确认交易策略-Dynamic-EMA-Crossover-with-RSI-Momentum-and-ATR-Volatility-Multi-Level-Confirmation-Trading-Strategy.md,variant_or_duplicate,multi_indicator_combo,multi-indicator-combo-2026-08-31.md
MACD-RSI趋势动量交叉策略结合风险管理模型-MACD-RSI-Trend-Momentum-Cross-Strategy-with-Risk-Management-Model.md,variant_or_duplicate,multi_indicator_combo,multi-indicator-combo-2026-08-31.md
缓冲布林带动量震荡移动平均线交易策略Momentum-Oscillating-Moving-Average-Trading-Strategy-Based-on-Buffered-Bollinger-Bands.md,variant_or_duplicate,multi_indicator_combo,multi-indicator-combo-2026-08-31.md
超趋势Bollinger带双指数移动平均线交易策略SuperTrend-Bollinger-Bands-Dual-Moving-Average-Trading-Strategy.md,variant_or_duplicate,multi_indicator_combo,multi-indicator-combo-2026-08-31.md
多时间框架RSI与EMA交叉量化动量策略-Multi-Timeframe-RSI-EMA-Crossover-Momentum-Quantitative-Strategy.md,variant_or_duplicate,multi_indicator_combo,multi-indicator-combo-2026-08-31.md
基于RSI和双均线的1小时趋势追踪策略-RSI-and-Dual-Moving-Average-Based-1-Hour-Trend-Following-Strategy.md,variant_or_duplicate,multi_indicator_combo,multi-indicator-combo-2026-08-31.md
EMAMACDRSI三重指标动量策略-EMA-MACD-and-RSI-Triple-Indicator-Momentum-Strategy.md,variant_or_duplicate,multi_indicator_combo,multi-indicator-combo-2026-08-31.md
基于MA和RSI的趋势跟踪摆动策略MA-and-RSI-based-Trend-Following-Swing-Trading-Strategy.md,variant_or_duplicate,multi_indicator_combo,multi-indicator-combo-2026-08-31.md
基于RSI和加权移动平均线的趋势跟踪策略Trend-Following-Strategy-Based-on-RSI-and-Weighted-Moving-Average.md,variant_or_duplicate,multi_indicator_combo,multi-indicator-combo-2026-08-31.md
基于布林带和RSI的多头摆动交易策略Bullish-Swing-Trading-Strategy-Based-on-Bollinger-Bands-and-RSI.md,variant_or_duplicate,multi_indicator_combo,multi-indicator-combo-2026-08-31.md
基于SMA和RSI的短线双重过滤策略SMA-RSI-Double-Filter-Short-term-Trading-Strategy.md,variant_or_duplicate,multi_indicator_combo,multi-indicator-combo-2026-08-31.md
双指数移动平均线交叉与RSI趋势确认策略-Dual-EMA-Crossover-with-RSI-Trend-Confirmation-Strategy.md,variant_or_duplicate,multi_indicator_combo,multi-indicator-combo-2026-08-31.md
AMACD-All-Moving-Average-Convergence-Divergence.md,variant_or_duplicate,multi_indicator_combo,multi-indicator-combo-2026-08-31.md
融合MACD和RSI的短线交易策略Short-term-Trading-Strategy-Integrating-MACD-and-RSI.md,variant_or_duplicate,multi_indicator_combo,multi-indicator-combo-2026-08-31.md
Bollinger-Bands与RSI结合的动量反转量化交易策略-Momentum-Reversal-Quantitative-Trading-Strategy-Combining-Bollinger-Bands-and-RSI.md,variant_or_duplicate,multi_indicator_combo,multi-indicator-combo-2026-08-31.md
Bollinger-Bands-EMA-9.md,variant_or_duplicate,multi_indicator_combo,multi-indicator-combo-2026-08-31.md
TrippleMACD均线交叉与相对强弱指标结合的高频加密货币交易策略High-Frequency-Cryptocurrency-Trading-Strategy-Combining-TrippleMACD-Crossover-and-Relative-Strength-Index.md,variant_or_duplicate,multi_indicator_combo,multi-indicator-combo-2026-08-31.md
基于MACD和RSI的短线突破策略MACD-RSI-Short-Term-Breakout-Strategy.md,variant_or_duplicate,multi_indicator_combo,multi-indicator-combo-2026-08-31.md
EMA交叉与RSI过滤的双重趋势策略-Dual-Trend-Strategy-with-EMA-Crossover-and-RSI-Filter.md,variant_or_duplicate,multi_indicator_combo,multi-indicator-combo-2026-08-31.md
基于RSI和布林带的获利策略RSI-and-Bollinger-Bands-Profitable-Strategy.md,variant_or_duplicate,multi_indicator_combo,multi-indicator-combo-2026-08-31.md
均线交叉MACD慢线动量策略Moving-Average-Crossover-MACD-Slow-Line-Momentum-Strategy.md,variant_or_duplicate,multi_indicator_combo,multi-indicator-combo-2026-08-31.md
基于随机-RSI-和-EMA-的自主买入式震荡Scalper策略Stochastic-RSI-with-Auto-Buy-Scalper-Strategy.md,variant_or_duplicate,multi_indicator_combo,multi-indicator-combo-2026-08-31.md
RSI与布林线量化交易策略RSI-and-Bollinger-Bands-Quantitative-Trading-Strategy.md,variant_or_duplicate,multi_indicator_combo,multi-indicator-combo-2026-08-31.md
布林带与日内强度指数均值回归策略Bollinger-Band-Mean-Reversion-Strategy-with-Intraday-Intensity-Index.md,variant_or_duplicate,multi_indicator_combo,multi-indicator-combo-2026-08-31.md
基于EMA通道和MACD的短线交易策略EMA-Channel-and-MACD-Based-Short-term-Trading-Strategy.md,variant_or_duplicate,multi_indicator_combo,multi-indicator-combo-2026-08-31.md
滑动平均线和布林带量化交易策略-Quantitative-Trading-Strategy-Based-on-Moving-Averages-and-Bollinger-Bands.md,variant_or_duplicate,multi_indicator_combo,multi-indicator-combo-2026-08-31.md
基于均线叠加RSI策略CRSI-Moving-Average-Strategy.md,variant_or_duplicate,multi_indicator_combo,multi-indicator-combo-2026-08-31.md
布林带和RSI短线策略Bollinger-Bands-and-RSI-Short-Selling-Strategy.md,variant_or_duplicate,multi_indicator_combo,multi-indicator-combo-2026-08-31.md
动量均线交叉和MACD过滤的海肯阿什蜡烛策略Momentum-Crossover-Moving-Average-and-MACD-Filter-Heikin-Ashi-Candlestick-Strategy.md,variant_or_duplicate,multi_indicator_combo,multi-indicator-combo-2026-08-31.md
双周期移动平均线结合RSI动量和成交量的趋势跟踪策略-Dual-Period-Moving-Average-with-RSI-Momentum-and-Volume-Trend-Following-Strategy.md,variant_or_duplicate,multi_indicator_combo,multi-indicator-combo-2026-08-31.md
超级三指标RSI-MACD-BB动量反转策略-Super-Triple-Indicator-RSI-MACD-BB-Momentum-Reversal-Strategy.md,variant_or_duplicate,multi_indicator_combo,multi-indicator-combo-2026-08-31.md
单均线穿越布林带策略Single-Moving-Average-Crossover-Bollinger-Bands-Strategy.md,variant_or_duplicate,multi_indicator_combo,multi-indicator-combo-2026-08-31.md
均值回归型布林带美元成本平均投资策略-Mean-Reversion-Bollinger-Band-Dollar-Cost-Averaging-Investment-Strategy.md,variant_or_duplicate,multi_indicator_combo,multi-indicator-combo-2026-08-31.md
多时间框架RSI均线交叉策略Multi-Timeframe-RSI-Moving-Average-Crossover-Strategy.md,variant_or_duplicate,multi_indicator_combo,multi-indicator-combo-2026-08-31.md
基于EMA均线和MACD指标的BTC交易策略EMA-and-MACD-Based-BTC-Trading-Strategy.md,variant_or_duplicate,multi_indicator_combo,multi-indicator-combo-2026-08-31.md
多重指数移动平均线趋势确认与RSI过滤入场策略-Multiple-EMA-Trend-Confirmation-with-RSI-Entry-Filter-Strategy.md,variant_or_duplicate,multi_indicator_combo,multi-indicator-combo-2026-08-31.md
三重指数移动平均带策略Three-RSI-Moving-Average-Bands-Strategy.md,variant_or_duplicate,multi_indicator_combo,multi-indicator-combo-2026-08-31.md
多时间框架RSI-EMA动量交易策略与头寸缩放-Multi-Timeframe-RSI-EMA-Momentum-Trading-Strategy-with-Position-Scaling.md,variant_or_duplicate,multi_indicator_combo,multi-indicator-combo-2026-08-31.md
1-2-3-形态与-EMAMACD-和第四根蜡烛线延伸的量化交易策略1-2-3-Pattern-Quantitative-Trading-Strategy-with-EMAs-MACD-and-4th-Candle-Extension.md,variant_or_duplicate,multi_indicator_combo,multi-indicator-combo-2026-08-31.md
布林带和Stoch-RSI交易策略Bollinger-Band-and-Stoch-RSI-Trading-Strategy.md,variant_or_duplicate,multi_indicator_combo,multi-indicator-combo-2026-08-31.md
基于MACD和RSI的趋势追踪反转策略MACD-and-RSI-Based-Trend-Following-Reversal-Strategy.md,variant_or_duplicate,multi_indicator_combo,multi-indicator-combo-2026-08-31.md
均线布林带RSI组合交易策略Moving-Average-Bollinger-Bands-RSI-Combo-Strategy.md,variant_or_duplicate,multi_indicator_combo,multi-indicator-combo-2026-08-31.md
CCI-EMA-with-RSI-Cross-Strategy.md,variant_or_duplicate,multi_indicator_combo,multi-indicator-combo-2026-08-31.md
多层次技术指标动量交易策略基于增强型MACD交易量强度和EMA信号系统-Multi-Level-Technical-Indicator-Momentum-Trading-Strategy-Based-on-Enhanced-MACD-Volume-Strength-and-EMA-Signal-System.md,variant_or_duplicate,multi_indicator_combo,multi-indicator-combo-2026-08-31.md
布林带RSIMACDStochastic多指标融合交易策略Bollinger-Bands-RSI-MACD-and-Stochastic-Multi-indicator-Fusion-Trading-Strategy.md,variant_or_duplicate,multi_indicator_combo,multi-indicator-combo-2026-08-31.md
RSI双周期均线反转策略与动态风险管理系统-RSI-Dual-Period-Moving-Average-Reversal-Strategy-with-Dynamic-Risk-Management-System.md,variant_or_duplicate,multi_indicator_combo,multi-indicator-combo-2026-08-31.md
Bollinger-RSI-Double-Strategy-v11.md,variant_or_duplicate,multi_indicator_combo,multi-indicator-combo-2026-08-31.md
基于RSI和SMA的短期交易策略Short-Term-Trading-Strategy-Based-on-RSI-and-SMA.md,variant_or_duplicate,multi_indicator_combo,multi-indicator-combo-2026-08-31.md
布林带突破结合均值回归的四小时级别量化交易策略-Bollinger-Breakout-with-Mean-Reversion-4H-Quantitative-Trading-Strategy.md,variant_or_duplicate,multi_indicator_combo,multi-indicator-combo-2026-08-31.md
RSI和MACD结合支撑阻力的量化交易策略Quantitative-Trading-Strategy-Combining-RSI-MACD-and-Support-Resistance.md,variant_or_duplicate,multi_indicator_combo,multi-indicator-combo-2026-08-31.md
双移动平均线和RSI指标的多空交叉策略Swing-Dual-Moving-Average-and-RSI-Crossover-Strategy.md,variant_or_duplicate,multi_indicator_combo,multi-indicator-combo-2026-08-31.md
高级RSI背离与均线组合的量化交易策略-Advanced-Quantitative-Trading-Strategy-Combining-RSI-Divergence-and-Moving-Averages.md,variant_or_duplicate,multi_indicator_combo,multi-indicator-combo-2026-08-31.md
RSI与布林带协同波段交易策略-RSI-and-Bollinger-Bands-Synergistic-Swing-Trading-Strategy.md,variant_or_duplicate,multi_indicator_combo,multi-indicator-combo-2026-08-31.md
基于MACD和RSI的双确认入场策略Dual-Confirmation-MACD-and-RSI-Strategy.md,variant_or_duplicate,multi_indicator_combo,multi-indicator-combo-2026-08-31.md
布林线与StochRSI动量策略Bollinger-Bands-and-StochRSI-Momentum-Strategy.md,variant_or_duplicate,multi_indicator_combo,multi-indicator-combo-2026-08-31.md
双移动平均线交叉MACD趋势跟踪策略Dual-Moving-Average-Crossover-MACD-Trend-Following-Strategy.md,variant_or_duplicate,multi_indicator_combo,multi-indicator-combo-2026-08-31.md
聚合多时间帧MACD-RSI-CCI-StochRSI-MA线性交易策略Aggregated-Multi-timeframe-MACD-RSI-CCI-StochRSI-MA-Linear-Trading-Strategy.md,variant_or_duplicate,multi_indicator_combo,multi-indicator-combo-2026-08-31.md
多指标趋势确认交易系统-均线融合RSI背离MACD信号策略-Multi-Indicator-Trend-Confirmation-Trading-System-EMA-Confluence-with-RSI-Divergence-and-MACD-Signal-Strategy.md,variant_or_duplicate,multi_indicator_combo,multi-indicator-combo-2026-08-31.md
双重均线与加速指标组合交易策略Double-Moving-Average-and-MACD-Combination-Trading-Strategy.md,variant_or_duplicate,multi_indicator_combo,multi-indicator-combo-2026-08-31.md
基于RSI指标和MA均线的趋势跟踪策略RSI-MA-Trend-Following-Strategy.md,variant_or_duplicate,multi_indicator_combo,multi-indicator-combo-2026-08-31.md
基于布林带和RSI交叉的动态趋势量化策略-Dynamic-Trend-Quantitative-Strategy-Based-on-Bollinger-Bands-and-RSI-Cross.md,variant_or_duplicate,multi_indicator_combo,multi-indicator-combo-2026-08-31.md
基于MACD与RSI结合的交叉策略MACD-Crossover-Strategy-with-RSI-Confirmation.md,variant_or_duplicate,multi_indicator_combo,multi-indicator-combo-2026-08-31.md
双均线MACD交叉日期可调节量化交易策略-Dual-Moving-Average-MACD-Crossover-Date-Adjustable-Quantitative-Trading-Strategy.md,variant_or_duplicate,multi_indicator_combo,multi-indicator-combo-2026-08-31.md
布林带RSI中性市场量化交易策略Bollinger-Bands-RSI-Neutral-Market-Quantitative-Trading-Strategy.md,variant_or_duplicate,multi_indicator_combo,multi-indicator-combo-2026-08-31.md
多时段Bollinger动量突破策略结合Hull均线策略-Multi-Timeframe-Bollinger-Momentum-Breakout-Strategy-with-Hull-Moving-Average.md,variant_or_duplicate,multi_indicator_combo,multi-indicator-combo-2026-08-31.md
基于布林带移动平均线和MACD的组合交易策略Bollinger-Band-Moving-Average-and-MACD-Combined-Trading-Strategy.md,variant_or_duplicate,multi_indicator_combo,multi-indicator-combo-2026-08-31.md
多周期指数均线与MACD协同多空趋势量化交易策略-Multi-Timeframe-EMA-and-MACD-Enhanced-Trend-Quantification-Trading-Strategy.md,variant_or_duplicate,multi_indicator_combo,multi-indicator-combo-2026-08-31.md
基于双均线和RSI的短线可扩展趋势追踪策略-Dual-Moving-Average-and-RSI-Based-Short-Term-Scalable-Trend-Following-Strategy.md,variant_or_duplicate,multi_indicator_combo,multi-indicator-combo-2026-08-31.md
动量震荡带RSI交易策略Momentum-Oscillator-Bollinger-Band-RSI-Trading-Strategy.md,variant_or_duplicate,multi_indicator_combo,multi-indicator-combo-2026-08-31.md
趋势波段交易EMA-MACD复合策略-EMA-MACD-Composite-Strategy-for-Trend-Scalping.md,variant_or_duplicate,multi_indicator_combo,multi-indicator-combo-2026-08-31.md
RSI与双EMA交叉信号量化策略-RSI-and-Dual-EMA-Crossover-Signal-Quantitative-Strategy.md,variant_or_duplicate,multi_indicator_combo,multi-indicator-combo-2026-08-31.md
基于布林线和RSI的FNGU量化交易策略FNGU-Quantitative-Trading-Strategy-Based-on-Bollinger-Bands-and-RSI.md,variant_or_duplicate,multi_indicator_combo,multi-indicator-combo-2026-08-31.md
高级动量EMA趋势跟踪结合RSI超买超卖的交易策略-Advanced-Momentum-EMA-Trend-Following-with-RSI-Overbought-Oversold-Trading-Strategy.md,variant_or_duplicate,multi_indicator_combo,multi-indicator-combo-2026-08-31.md
双重均线布林带趋势跟随策略Dual-Moving-Average-Bollinger-Bands-Trend-Following-Strategy.md,variant_or_duplicate,multi_indicator_combo,multi-indicator-combo-2026-08-31.md
基于布林带和MACD的量化交易策略Quantitative-Trading-Strategy-Based-on-Bollinger-Bands-and-MACD.md,variant_or_duplicate,multi_indicator_combo,multi-indicator-combo-2026-08-31.md
结合MACDRSI和FIB的量化比特币交易策略Quant-Bitcoin-Trading-Strategy-Combining-MACD-RSI-and-FIB.md,variant_or_duplicate,multi_indicator_combo,multi-indicator-combo-2026-08-31.md
均线交叉与MACD组合策略Moving-Average-Crossover-and-MACD-Combination-Strategy.md,variant_or_duplicate,multi_indicator_combo,multi-indicator-combo-2026-08-31.md
多时区MACD交叉持续性策略结合EMA趋势过滤器-Multi-Timeframe-MACD-Crossover-Continuation-Strategy-with-EMA-Trend-Filter.md,variant_or_duplicate,multi_indicator_combo,multi-indicator-combo-2026-08-31.md
Bollinger-Bands-Stochastic-RSI-Extreme-Strategy-BBSR-Extreme-Strategy.md,variant_or_duplicate,multi_indicator_combo,multi-indicator-combo-2026-08-31.md
多重指标波动率交易RSI-EMA-ATR策略-Multi-Indicator-Volatility-Trading-RSI-EMA-ATR-Strategy.md,variant_or_duplicate,multi_indicator_combo,multi-indicator-combo-2026-08-31.md
三EMA叉加Stochastic-RSI策略3EMA-with-Stochastic-RSI-Strategy.md,variant_or_duplicate,multi_indicator_combo,multi-indicator-combo-2026-08-31.md
基于多重级别EMA与RSI动态势能强度的比特币跨周期趋势交易策略-Multi-Timeframe-Bitcoin-Trading-Strategy-Based-on-EMA-and-RSI-Dynamic-Momentum-Strength.md,variant_or_duplicate,multi_indicator_combo,multi-indicator-combo-2026-08-31.md
双指标动态趋势交易策略基于RSI与MACD的多维技术分析系统-Dual-Indicator-Dynamic-Trend-Trading-Strategy-Multi-dimensional-Technical-Analysis-System-Based-on-RSI-and-MACD.md,variant_or_duplicate,multi_indicator_combo,multi-indicator-combo-2026-08-31.md
MacD200日均线信号交叉交易策略MACD-200-Day-Moving-Average-Crossover-Trading-Strategy.md,variant_or_duplicate,multi_indicator_combo,multi-indicator-combo-2026-08-31.md
增强型布林带相对强弱指标交易策略-Enhanced-Bollinger-Bands-RSI-Trading-Strategy.md,variant_or_duplicate,multi_indicator_combo,multi-indicator-combo-2026-08-31.md
均线-MACD趋势反转量化交易策略-EMA-MACD-Trend-Reversal-Quantitative-Trading-Strategy.md,variant_or_duplicate,multi_indicator_combo,multi-indicator-combo-2026-08-31.md
Bollinger-Bands与RSI组合交易策略Bollinger-Bands-and-RSI-Combination-Trading-Strategy.md,variant_or_duplicate,multi_indicator_combo,multi-indicator-combo-2026-08-31.md
多MACD与RSI策略Multiple-MACD-and-RSI-Strategy.md,variant_or_duplicate,multi_indicator_combo,multi-indicator-combo-2026-08-31.md
44-SMA和9-EMA交叉策略结合RSI过滤及止盈止损-44-SMA-and-9-EMA-Crossover-Strategy-with-RSI-Filter-and-TP-SL.md,variant_or_duplicate,multi_indicator_combo,multi-indicator-combo-2026-08-31.md
麦克风散架与多时间框架均线策略MACD-Dissipation-and-Multi-Time-Frame-Moving-Average-Strategy.md,variant_or_duplicate,multi_indicator_combo,multi-indicator-combo-2026-08-31.md
移动平均数RSI相关性加密货币趋势策略Moving-Average-RSI-Crypto-Correlation-Trend-Strategy.md,variant_or_duplicate,multi_indicator_combo,multi-indicator-combo-2026-08-31.md
基于MACD和RSI指标的交叉信号策略Trading-Strategy-Based-on-MACD-and-RSI-Crossover-Signals.md,variant_or_duplicate,multi_indicator_combo,multi-indicator-combo-2026-08-31.md
多重交叉海龟与加权移动平均线与MACD与TSI组合策略Multiple-Crossovers-Turtle-and-Weighted-Moving-Average-and-MACD-and-TSI-Combination-Strategy.md,variant_or_duplicate,multi_indicator_combo,multi-indicator-combo-2026-08-31.md
Smarter-MACD.md,variant_or_duplicate,multi_indicator_combo,multi-indicator-combo-2026-08-31.md
10SMA与MACD双重趋势跟踪交易策略-10SMA-and-MACD-Dual-Trend-Following-Trading-Strategy.md,variant_or_duplicate,multi_indicator_combo,multi-indicator-combo-2026-08-31.md
EMA-SCALPEUR-RSi-SHORT.md,variant_or_duplicate,multi_indicator_combo,multi-indicator-combo-2026-08-31.md
MACD-and-SMA-200-Combo-Strategy.md,variant_or_duplicate,multi_indicator_combo,multi-indicator-combo-2026-08-31.md
基于RSI和移动平均线的趋势追踪策略RSI-and-Moving-Average-Crossover-Trend-Following-Strategy.md,variant_or_duplicate,multi_indicator_combo,multi-indicator-combo-2026-08-31.md
基于RSI和MACD的五日内交叉灵活入场策略优化版本研究-Advanced-Five-Day-Cross-Analysis-Strategy-Based-on-RSI-and-MACD-Integration.md,variant_or_duplicate,multi_indicator_combo,multi-indicator-combo-2026-08-31.md
基于布林带和MACD指标的高频交易策略分析系统-High-Frequency-Trading-Strategy-Analysis-System-Based-on-Bollinger-Bands-and-MACD-Indicators.md,variant_or_duplicate,multi_indicator_combo,multi-indicator-combo-2026-08-31.md
双重交叉趋势追踪策略指数均线与MACD协同交易系统-Dual-Crossover-Trend-Following-Strategy-EMA-and-MACD-Synergistic-Trading-System.md,variant_or_duplicate,multi_indicator_combo,multi-indicator-combo-2026-08-31.md
基于多重移动平均线RSI-和标准差出场的蜡烛线高度突破交易策略Multi-EMA-RSI-and-Standard-Deviation-Based-Exit-Candlestick-Height-Breakout-Trading-Strategy.md,variant_or_duplicate,multi_indicator_combo,multi-indicator-combo-2026-08-31.md
布林带与RSI交易策略-Bollinger-Bands-and-RSI-Trading-Strategy.md,variant_or_duplicate,multi_indicator_combo,multi-indicator-combo-2026-08-31.md
双均线-RSI联动期权量化交易策略-Dual-Moving-Average-RSI-Synergy-Options-Quantitative-Trading-Strategy.md,variant_or_duplicate,multi_indicator_combo,multi-indicator-combo-2026-08-31.md
双均线-RSI动量趋势跟踪策略-Dual-EMA-RSI-Momentum-Trend-Following-Strategy.md,variant_or_duplicate,multi_indicator_combo,multi-indicator-combo-2026-08-31.md
基于MACD与RSI组合策略A-Combined-Strategy-with-MACD-and-RSI.md,variant_or_duplicate,multi_indicator_combo,multi-indicator-combo-2026-08-31.md
MACD金叉突破配200日均线的趋势追踪策略MACD-Golden-Cross-Breakout-with-200-Day-Moving-Average-Trend-Following-Strategy.md,variant_or_duplicate,multi_indicator_combo,multi-indicator-combo-2026-08-31.md
双重均线与MACD组合短线策略Dual-Moving-Average-and-MACD-Combination-Short-term-Trading-Strategy.md,variant_or_duplicate,multi_indicator_combo,multi-indicator-combo-2026-08-31.md
反转布林带RSI-MACD量化策略Reversal-Bollinger-Band-RSI-MACD-Quant-Strategy.md,variant_or_duplicate,multi_indicator_combo,multi-indicator-combo-2026-08-31.md
双均线策略与相对强弱RSI指标组合Combination-of-Double-MA-and-RSI.md,variant_or_duplicate,multi_indicator_combo,multi-indicator-combo-2026-08-31.md
基于均线和MACD指标的量化交易策略Trend-Following-Strategy-Based-on-Moving-Average-and-MACD.md,variant_or_duplicate,multi_indicator_combo,multi-indicator-combo-2026-08-31.md
基于EMA和MACD的多时间框架趋势跟踪策略Trend-Following-Strategy-Based-on-EMA-and-MACD-across-Timeframes.md,variant_or_duplicate,multi_indicator_combo,multi-indicator-combo-2026-08-31.md
MACD均线多头量化交易策略MACD-Moving-Average-Bullish-Quantitative-Trading-Strategy.md,variant_or_duplicate,multi_indicator_combo,multi-indicator-combo-2026-08-31.md
多周期均线趋势判断与RSI超买策略-Multi-Period-EMA-Trend-Detection-with-RSI-Overbought-Strategy.md,variant_or_duplicate,multi_indicator_combo,multi-indicator-combo-2026-08-31.md
EMA-RSI-Volume-Price-Trend-Engulfing-Pattern-均线交叉相对强弱指标成交量价格趋势吞没形态策略.md,variant_or_duplicate,multi_indicator_combo,multi-indicator-combo-2026-08-31.md
基于EMA和RSI的趋势交易策略EMA-and-RSI-Trend-Trading-Strategy.md,variant_or_duplicate,multi_indicator_combo,multi-indicator-combo-2026-08-31.md
MACD-ATR-EMA-多重指标动态趋势跟踪策略-MACD-ATR-EMA-Multi-Indicator-Dynamic-Trend-Following-Strategy.md,variant_or_duplicate,multi_indicator_combo,multi-indicator-combo-2026-08-31.md
趋势跟踪型RSI与移动平均线组合量化交易策略-Trend-Following-RSI-and-Moving-Average-Combined-Quantitative-Trading-Strategy.md,variant_or_duplicate,multi_indicator_combo,multi-indicator-combo-2026-08-31.md
基于布林带和RSI的多维度动态突破交易系统-Multi-Dimensional-Dynamic-Breakout-Trading-System-Based-on-Bollinger-Bands-and-RSI.md,variant_or_duplicate,multi_indicator_combo,multi-indicator-combo-2026-08-31.md
基于RSI滤波器的布林带策略Bollinger-Bands-Strategy-with-RSI-Filter.md,variant_or_duplicate,multi_indicator_combo,multi-indicator-combo-2026-08-31.md
基于EMA和MACD的趋势跟踪策略EMA-and-MACD-Trend-Following-Strategy.md,variant_or_duplicate,multi_indicator_combo,multi-indicator-combo-2026-08-31.md
ADXRSISMA多指标组合交易策略ADXRSISMA-Multi-Indicator-Combined-Trading-Strategy.md,variant_or_duplicate,multi_indicator_combo,multi-indicator-combo-2026-08-31.md
多种移动平均布林带策略Multiple-Moving-Average-Bollinger-Bands-Strategy.md,variant_or_duplicate,multi_indicator_combo,multi-indicator-combo-2026-08-31.md
布林带和移动平均线组合策略Bollinger-Bands-and-Moving-Averages-Combination-Strategy.md,variant_or_duplicate,multi_indicator_combo,multi-indicator-combo-2026-08-31.md
基于MACDADX和EMA200的多时间框架趋势交易策略Multi-Timeframe-Trend-Trading-Strategy-Based-on-MACD-ADX-and-EMA200.md,variant_or_duplicate,multi_indicator_combo,multi-indicator-combo-2026-08-31.md
EMA-RSI-趋势追踪与动量策略-EMA-RSI-Trend-Following-and-Momentum-Strategy.md,variant_or_duplicate,multi_indicator_combo,multi-indicator-combo-2026-08-31.md
双均线交叉与相对强弱指数结合的自适应趋势跟踪策略-Adaptive-Trend-Following-Strategy-Combining-Dual-Moving-Average-Crossover-and-RSI.md,variant_or_duplicate,multi_indicator_combo,multi-indicator-combo-2026-08-31.md
双均线交叉结合RSI强弱过滤交易策略-Dual-Moving-Average-Crossover-with-RSI-Strength-Filter-Trading-Strategy.md,variant_or_duplicate,multi_indicator_combo,multi-indicator-combo-2026-08-31.md
基于RSI和布林带的量化交易策略Quantitative-Trading-Strategy-Based-on-RSI-and-Bollinger-Bands.md,variant_or_duplicate,multi_indicator_combo,multi-indicator-combo-2026-08-31.md
基于MACD和RSI的趋势追踪交易策略Trend-Following-Trading-Strategy-Based-on-MACD-and-RSI.md,variant_or_duplicate,multi_indicator_combo,multi-indicator-combo-2026-08-31.md
多重指标交叉趋势跟踪交易策略基于随机相对强弱与均线系统的量化分析-Multi-Indicator-Cross-Trend-Following-Trading-Strategy-Quantitative-Analysis-Based-on-Stochastic-RSI-and-Moving-Average-System.md,variant_or_duplicate,multi_indicator_combo,multi-indicator-combo-2026-08-31.md
五均线RSI趋势跟踪动态通道交易系统-Five-EMA-RSI-Trend-Following-Dynamic-Channel-Trading-System.md,variant_or_duplicate,multi_indicator_combo,multi-indicator-combo-2026-08-31.md
MACD-RSI-动态交叉量化交易系统-MACD-RSI-Dynamic-Crossover-Quantitative-Trading-System.md,variant_or_duplicate,multi_indicator_combo,multi-indicator-combo-2026-08-31.md
MACD和RSI指标融合的震荡市场交易策略Trading-Strategy-for-Oscillating-Markets-Combining-MACD-and-RSI-Indicators.md,variant_or_duplicate,multi_indicator_combo,multi-indicator-combo-2026-08-31.md
Bollinger-Bands-RSI-OBV策略Bollinger-Bands-RSI-OBV-Strategy.md,variant_or_duplicate,multi_indicator_combo,multi-indicator-combo-2026-08-31.md
意向反转包络均值策略Mean-Reversion-Envelope-Moving-Average-Strategy.md,variant_or_duplicate,multi_indicator_combo,multi-indicator-combo-2026-08-31.md
移动平均线双击金叉持续上涨策略Dual-Moving-Average-Crossover-Persistent-Uptrend-Strategy.md,variant_or_duplicate,multi_indicator_combo,multi-indicator-combo-2026-08-31.md
Bollinger-Bands-Mean-Reversion-Trading-Strategy-with-Dynamic-Support-布林带均值回归交易策略与动态支撑.md,variant_or_duplicate,multi_indicator_combo,multi-indicator-combo-2026-08-31.md
基于RSI和平均线的多时间框架交易策略Multi-timeframe-RSI-and-Moving-Average-Trading-Strategy.md,variant_or_duplicate,multi_indicator_combo,multi-indicator-combo-2026-08-31.md
布林带和RSI指标组合策略Bollinger-Bands-and-RSI-indicators-strategy.md,variant_or_duplicate,multi_indicator_combo,multi-indicator-combo-2026-08-31.md
双重指标的Stochastic-RSI和EMA交易策略Dual-Indicator-Stochastic-RSI-and-EMA-Trading-Strategy.md,variant_or_duplicate,multi_indicator_combo,multi-indicator-combo-2026-08-31.md
多均线交叉趋势跟踪RSI波动策略-Multi-Moving-Average-Cross-Trend-Following-RSI-Oscillation-Strategy.md,variant_or_duplicate,multi_indicator_combo,multi-indicator-combo-2026-08-31.md
基于指数移动平均线和MACD指标的量化交易策略Strategy-Based-on-Exponential-Moving-Average-and-MACD-Indicator.md,variant_or_duplicate,multi_indicator_combo,multi-indicator-combo-2026-08-31.md
MACD多层次布林通道海龟策略MACD-Bollinger-Turtle-Trading-Strategy.md,variant_or_duplicate,multi_indicator_combo,multi-indicator-combo-2026-08-31.md
布林带与相对强弱指数结合策略Bollinger-Bands-RSI-Combination-Strategy.md,variant_or_duplicate,multi_indicator_combo,multi-indicator-combo-2026-08-31.md
MACD和RSI结合的自然交易策略-MACD-and-RSI-Combined-Natural-Trading-Strategy.md,variant_or_duplicate,multi_indicator_combo,multi-indicator-combo-2026-08-31.md
EMA-RSI-Supertrend-Multi-Factor-Convergence-Strategy-with-Volume-Confirmation-EMA-RSI-Supertrend-Multi-Factor-Convergence-Strategy-with-Volume-Confirmation.md,variant_or_duplicate,multi_indicator_combo,multi-indicator-combo-2026-08-31.md
基于OBV-SMA交叉和RSI过滤的多维度动量交易策略-OBV-SMA-Crossover-with-RSI-Filter-Multi-Dimensional-Momentum-Trading-Strategy.md,variant_or_duplicate,multi_indicator_combo,multi-indicator-combo-2026-08-31.md
移动平均线与随机RSI组合交易策略Moving-Average-and-Stochastic-RSI-Combination-Trading-Strategy.md,variant_or_duplicate,multi_indicator_combo,multi-indicator-combo-2026-08-31.md
双移动均线与布林带结合的趋势追踪策略Dual-Moving-Average-and-Bollinger-Band-Combination-Trend-Tracking-Strategy.md,variant_or_duplicate,multi_indicator_combo,multi-indicator-combo-2026-08-31.md
动态均线交叉结合超买超卖趋势确认量化交易策略-Dynamic-EMA-Crossover-with-RSI-Trend-Confirmation-Quantitative-Trading-Strategy.md,variant_or_duplicate,multi_indicator_combo,multi-indicator-combo-2026-08-31.md
双均线RSI趋势反转交易策略-基于EMA和RSI的动量突破系统-Dual-EMA-RSI-Momentum-Trend-Reversal-Trading-System-A-Momentum-Breakthrough-Strategy-Based-on-EMA-and-RSI-Crossover.md,variant_or_duplicate,multi_indicator_combo,multi-indicator-combo-2026-08-31.md
布林带交叉移动平均策略-Bollinger-Bands-and-Moving-Average-Crossover-Strategy.md,variant_or_duplicate,multi_indicator_combo,multi-indicator-combo-2026-08-31.md
基于RSI和MA均线的量化交易策略RSI-and-Moving-Average-Based-Quantitative-Trading-Strategy.md,variant_or_duplicate,multi_indicator_combo,multi-indicator-combo-2026-08-31.md
移动平均线与MACD结合的RSI指标交易策略A-Combined-RSI-Strategy-with-Moving-Average-and-MACD.md,variant_or_duplicate,multi_indicator_combo,multi-indicator-combo-2026-08-31.md
滑动平均-RSI-交叉动量确认策略-Moving-Average-RSI-Crossover-Momentum-Confirmation-Strategy.md,variant_or_duplicate,multi_indicator_combo,multi-indicator-combo-2026-08-31.md
Swing-High-Low-Indicator-w-MACD-and-EMA-Confirmations.md,variant_or_duplicate,multi_indicator_combo,multi-indicator-combo-2026-08-31.md
基于EMARSI和MACD的多时间框架交易策略EMA-RSI-and-MACD-Based-Multi-Timeframe-Trading-Strategy.md,variant_or_duplicate,multi_indicator_combo,multi-indicator-combo-2026-08-31.md
强化波林格均值回归量化策略-Enhanced-Bollinger-Mean-Reversion-Quantitative-Strategy.md,variant_or_duplicate,multi_indicator_combo,multi-indicator-combo-2026-08-31.md
RSI与EMA通道日内交易策略RSI-and-EMA-Channel-Intraday-Trading-Strategy.md,variant_or_duplicate,multi_indicator_combo,multi-indicator-combo-2026-08-31.md
布林带均线交叉策略Bollinger-Band-Moving-Average-Crossover-Strategy.md,variant_or_duplicate,multi_indicator_combo,multi-indicator-combo-2026-08-31.md
自适应多状态EMA-RSI动量策略结合波动指数过滤系统-Adaptive-Multi-State-EMA-RSI-Momentum-Strategy-with-Choppiness-Index-Filter-System.md,variant_or_duplicate,multi_indicator_combo,multi-indicator-combo-2026-08-31.md
MACDEMA多时间尺度突破策略MACDEMA-Multi-Timeframe-Breakout-Strategy.md,variant_or_duplicate,multi_indicator_combo,multi-indicator-combo-2026-08-31.md
均线穿越波动带策略Mean-Reversion-Bollinger-Bands-Strategy.md,variant_or_duplicate,multi_indicator_combo,multi-indicator-combo-2026-08-31.md
极端的Noro趋势均线策略Extreme-version-of-Noros-Trend-Moving-Averages-Strategy.md,variant_or_duplicate,multi_indicator_combo,multi-indicator-combo-2026-08-31.md
动态EMA交叉与RSI协同交易系统-Dynamic-EMA-Crossover-with-RSI-Synergy-Trading-System.md,variant_or_duplicate,multi_indicator_combo,multi-indicator-combo-2026-08-31.md
基于RSIMACD布林带和成交量的混合交易策略RSI-MACD-Bollinger-Bands-and-Volume-Based-Hybrid-Trading-Strategy.md,variant_or_duplicate,multi_indicator_combo,multi-indicator-combo-2026-08-31.md
EMA-MACD-SuperTrend-ADX-ATR多重指标交易信号策略-EMA-MACD-SuperTrend-ADX-ATR-Multi-Indicator-Trading-Signal-Strategy.md,variant_or_duplicate,multi_indicator_combo,multi-indicator-combo-2026-08-31.md
交叉动能趋势跟踪策略SMA-RSI交叉动量系统-Cross-Momentum-Trend-Following-Strategy-SMA-RSI-Cross-Momentum-System.md,variant_or_duplicate,multi_indicator_combo,multi-indicator-combo-2026-08-31.md
基于EMA均线和RSI指标的量化交易策略EMA-and-RSI-Quantitative-Trading-Strategy.md,variant_or_duplicate,multi_indicator_combo,multi-indicator-combo-2026-08-31.md
Scalping-EMA-ADX-RSI-with-Buy-Sell.md,variant_or_duplicate,multi_indicator_combo,multi-indicator-combo-2026-08-31.md
均线回归交易策略Mean-Reversion-Trading-Strategy-Based-on-Moving-Average.md,variant_or_duplicate,multi_indicator_combo,multi-indicator-combo-2026-08-31.md
双均线布林带趋势追踪策略Dual-Moving-Average-Bollinger-Band-Trend-Tracking-Strategy.md,variant_or_duplicate,multi_indicator_combo,multi-indicator-combo-2026-08-31.md
RSI-MACD多重信号交易系统结合动态止盈止损策略-RSI-MACD-Multi-Signal-Trading-System-with-Dynamic-Stop-Management.md,variant_or_duplicate,multi_indicator_combo,multi-indicator-combo-2026-08-31.md
双EMA穿越与布林带回转策略Reversal-Trading-Strategy-with-EMA-Crossover-and-Bollinger-Bands.md,variant_or_duplicate,multi_indicator_combo,multi-indicator-combo-2026-08-31.md
RSI趋势动量交易策略结合双均线和成交量确认-RSI-Trend-Momentum-Trading-Strategy-with-Dual-MA-and-Volume-Confirmation.md,variant_or_duplicate,multi_indicator_combo,multi-indicator-combo-2026-08-31.md
均值回归增强型MACD-ATR策略Enhanced-Mean-Reversion-Strategy-with-MACD-ATR-Implementation.md,variant_or_duplicate,multi_indicator_combo,multi-indicator-combo-2026-08-31.md
博林带RSI交叉策略Bollinger-Bands-and-RSI-Crossover-Strategy.md,variant_or_duplicate,multi_indicator_combo,multi-indicator-combo-2026-08-31.md
双均线交叉RSI动量策略与风险收益优化系统-Dual-Moving-Average-Cross-RSI-Momentum-Strategy-with-Risk-Reward-Optimization-System.md,variant_or_duplicate,multi_indicator_combo,multi-indicator-combo-2026-08-31.md
布林带与移动平均线结合的相对强弱指标交易策略Bollinger-Bands-and-Moving-Average-Combined-with-Relative-Strength-Index-Trading-Strategy.md,variant_or_duplicate,multi_indicator_combo,multi-indicator-combo-2026-08-31.md
趋势追踪移动平均RSI策略Trend-Tracking-Moving-Average-RSI-Strategy.md,variant_or_duplicate,multi_indicator_combo,multi-indicator-combo-2026-08-31.md
EMA与RSI交叉策略-EMA-RSI-Crossover-Strategy.md,variant_or_duplicate,multi_indicator_combo,multi-indicator-combo-2026-08-31.md
多周期均线与RSI动量交叉策略-Multi-Period-Moving-Average-and-RSI-Momentum-Cross-Strategy.md,variant_or_duplicate,multi_indicator_combo,multi-indicator-combo-2026-08-31.md
融合MACDRSI和RVOL的量化交易策略Quantitative-Trading-Strategy-Integrating-MACD-RSI-and-RVOL.md,variant_or_duplicate,multi_indicator_combo,multi-indicator-combo-2026-08-31.md
动量均线交叉EMA九股MACD策略Momentum-Line-Crossover-EMA-Nine-Stock-MACD-Strategy.md,variant_or_duplicate,multi_indicator_combo,multi-indicator-combo-2026-08-31.md
双均线趋势跟踪策略与RSI过滤器-Dual-Moving-Average-Trend-Following-Strategy-with-RSI-Filter.md,variant_or_duplicate,multi_indicator_combo,multi-indicator-combo-2026-08-31.md
双均线均值回归策略结合风险控制-Dual-Moving-Average-Mean-Reversion-Strategy-with-Risk-Control.md,variant_or_duplicate,multi_indicator_combo,multi-indicator-combo-2026-08-31.md
MACD与RSI相结合的多重过滤日内交易策略-MACD-and-RSI-Multi-Filter-Intraday-Trading-Strategy.md,variant_or_duplicate,multi_indicator_combo,multi-indicator-combo-2026-08-31.md
基于脉冲MACD和双均线交叉的多时间尺度趋势追踪策略-Multi-timeframe-Trend-Tracking-Strategy-Based-on-Impulse-MACD-and-Dual-Moving-Average-Crossover.md,variant_or_duplicate,multi_indicator_combo,multi-indicator-combo-2026-08-31.md
双均线交叉与随机RSI超买超卖区间优化交易策略-Dual-Moving-Average-Crossover-with-Stochastic-RSI-Overbought-Oversold-Enhanced-Trading-Strategy.md,variant_or_duplicate,multi_indicator_combo,multi-indicator-combo-2026-08-31.md
均线动量混合交易系统之趋势持续性分析策略-Hybrid-EMA-Momentum-Trading-System-with-Trend-Persistence-Analysis-Strategy.md,variant_or_duplicate,multi_indicator_combo,multi-indicator-combo-2026-08-31.md
VWAP均线RSI组合追踪策略VWAP-EMA-RSI-Trend-Following-Strategy.md,variant_or_duplicate,multi_indicator_combo,multi-indicator-combo-2026-08-31.md
MACD基于均线的动态趋势判断策略MACD-Moving-Average-Combination-Cross-Period-Dynamic-Trend-Strategy.md,variant_or_duplicate,multi_indicator_combo,multi-indicator-combo-2026-08-31.md
RSI-的-MACD-交易策略MACD-of-RSI-Trading-Strategy.md,variant_or_duplicate,multi_indicator_combo,multi-indicator-combo-2026-08-31.md
阻力与支撑带动的拉里金叉RSI策略RSIndex-and-Moving-Average-Combination-Strategy.md,variant_or_duplicate,multi_indicator_combo,multi-indicator-combo-2026-08-31.md
多重均线交叉与RSI动量联动短线自适应交易策略-Multi-EMA-Crossover-with-RSI-Momentum-Adaptive-Scalping-Strategy.md,variant_or_duplicate,multi_indicator_combo,multi-indicator-combo-2026-08-31.md
RSI布林带交易策略RSI-Bollinger-Bands-Trading-Strategy.md,variant_or_duplicate,multi_indicator_combo,multi-indicator-combo-2026-08-31.md
SMA-和-RSI-组合交易策略SMA-and-RSI-Combination-Trading-Strategy.md,variant_or_duplicate,multi_indicator_combo,multi-indicator-combo-2026-08-31.md
均线交叉结合RSI趋势动量跟踪策略-Moving-Average-Crossover-with-RSI-Trend-Momentum-Tracking-Strategy.md,variant_or_duplicate,multi_indicator_combo,multi-indicator-combo-2026-08-31.md
基于双均线和MACD指标的趋势跟踪策略Joanne-on-Crypto-Dual-Moving-Average-with-MACD-Scalping-Strategy.md,variant_or_duplicate,multi_indicator_combo,multi-indicator-combo-2026-08-31.md
动态均线趋势跟踪与相对强弱指标确认交易策略-Dynamic-Moving-Average-Trend-Following-with-RSI-Confirmation-Trading-Strategy.md,variant_or_duplicate,multi_indicator_combo,multi-indicator-combo-2026-08-31.md
VRSI-EMA交叉与VMACD融合的波浪寻找者策略VSTOCHASTIC-RSI-EMA-CROSSOVER-COMBINED-WITH-VMACD-WAVEFINDER-STRATEGY.md,variant_or_duplicate,multi_indicator_combo,multi-indicator-combo-2026-08-31.md
量化高手多维度强力开仓指标策略Aroon-Williams-MA-BB-ADX-Powerful-Multi-indicator-Strategy.md,variant_or_duplicate,multi_indicator_combo,multi-indicator-combo-2026-08-31.md
RSI反转斐波那契布林带量化策略-RSI-Reversal-Fibonacci-Bollinger-Bands-Quantitative-Strategy.md,variant_or_duplicate,multi_indicator_combo,multi-indicator-combo-2026-08-31.md
动态趋势动量交叉策略-基于双重EMA与MACD指标的量化交易系统-Dynamic-Trend-Momentum-Crossover-Strategy-Quantitative-Trading-System-Based-on-Dual-EMA-and-MACD-Indicators.md,variant_or_duplicate,multi_indicator_combo,multi-indicator-combo-2026-08-31.md
动量趋势跟踪型MACD-RSI双重确认交易策略-Momentum-Trend-Following-MACD-RSI-Dual-Confirmation-Trading-Strategy.md,variant_or_duplicate,multi_indicator_combo,multi-indicator-combo-2026-08-31.md
移动平均线与RSI综合交易策略-Moving-Average-and-RSI-Comprehensive-Trading-Strategy.md,variant_or_duplicate,multi_indicator_combo,multi-indicator-combo-2026-08-31.md
多指标协同布林带-斐波那契-MACD-RSI智能交易策略-Multi-Indicator-Synergistic-Trading-Strategy-with-Bollinger-Bands-Fibonacci-MACD-and-RSI.md,variant_or_duplicate,multi_indicator_combo,multi-indicator-combo-2026-08-31.md
基于布林带突破和RSI指标的多时间框架趋势策略Multi-timeframe-Bollinger-Bands-Breakout-Strategy-Incorporating-RSI.md,variant_or_duplicate,multi_indicator_combo,multi-indicator-combo-2026-08-31.md
双均线反转策略Dual-Moving-Average-Reversion-Strategy.md,variant_or_duplicate,multi_indicator_combo,multi-indicator-combo-2026-08-31.md
基于RSI指标和移动平均线的量化交易策略Quantitative-Trading-Strategy-Based-on-RSI-Indicator-and-Moving-Average.md,variant_or_duplicate,multi_indicator_combo,multi-indicator-combo-2026-08-31.md
基于均线和RSI交叉策略Moving-Average-and-RSI-Crossover-Strategy.md,variant_or_duplicate,multi_indicator_combo,multi-indicator-combo-2026-08-31.md
RSI动量反转短期趋势跟踪策略与移动平均线聚合-RSI-Momentum-Reversal-Short-Term-Trend-Following-Strategy-with-Moving-Average-Confluence.md,variant_or_duplicate,multi_indicator_combo,multi-indicator-combo-2026-08-31.md
布林带RSI均值回归增强型量化策略-Enhanced-Mean-Reversion-Strategy-with-Bollinger-Bands-and-RSI-Integration.md,variant_or_duplicate,multi_indicator_combo,multi-indicator-combo-2026-08-31.md
EMA百分比通道与布林带区间交易策略EMA-Percentage-Channel-with-Bollinger-Band-Range-Trading-Strategy.md,variant_or_duplicate,multi_indicator_combo,multi-indicator-combo-2026-08-31.md
基于布林带RSI和移动平均线的趋势跟踪策略Trend-Following-Strategy-Based-on-Bollinger-Bands-RSI-and-Moving-Average.md,variant_or_duplicate,multi_indicator_combo,multi-indicator-combo-2026-08-31.md
基于RSI和EMA的趋势跟踪策略RSI-and-EMA-Based-Trend-Following-Strategy.md,variant_or_duplicate,multi_indicator_combo,multi-indicator-combo-2026-08-31.md
基于布林带和RSI的趋势追踪策略Bollinger-Bands-and-RSI-Trend-Following-Strategy.md,variant_or_duplicate,multi_indicator_combo,multi-indicator-combo-2026-08-31.md
三均线交叉趋势跟踪策略结合RSI和成交量确认系统-Triple-EMA-Crossover-Trend-Following-Strategy-with-RSI-and-Volume-Confirmation-System.md,variant_or_duplicate,multi_indicator_combo,multi-indicator-combo-2026-08-31.md
布林带与相对强弱指数交叉交易策略-Bollinger-Bands-and-RSI-Crossover-Trading-Strategy.md,variant_or_duplicate,multi_indicator_combo,multi-indicator-combo-2026-08-31.md
EMA交叉RSI中性区域动态风控策略-Dynamic-EMA-Crossover-RSI-Neutral-Zone-Strategy-with-ATR-Risk-Management.md,variant_or_duplicate,multi_indicator_combo,multi-indicator-combo-2026-08-31.md
多重均线回归MACD趋势确认策略-Multiple-EMA-Reversion-MACD-Trend-Confirmation-Strategy.md,variant_or_duplicate,multi_indicator_combo,multi-indicator-combo-2026-08-31.md
多周期RSI动量与三重EMA趋势跟踪复合策略-Multi-Period-RSI-Momentum-and-Triple-EMA-Trend-Following-Composite-Strategy.md,variant_or_duplicate,multi_indicator_combo,multi-indicator-combo-2026-08-31.md
均线动量多头持续交易策略Momentum-Moving-Average-Persistent-Long-Trading-Strategy.md,variant_or_duplicate,multi_indicator_combo,multi-indicator-combo-2026-08-31.md
基于动量增强型简单移动平均线和RSI的趋势跟踪策略-Momentum-Enhanced-Simple-Moving-Average-and-RSI-Strategy-for-Trend-Following.md,variant_or_duplicate,multi_indicator_combo,multi-indicator-combo-2026-08-31.md
Bollinger带均值回归交易策略Bollinger-Band-Mean-Reversion-Trading-Strategy.md,variant_or_duplicate,multi_indicator_combo,multi-indicator-combo-2026-08-31.md
基于RSI指标和200日SMA滤波器的间接强度指数策略Indirect-Strength-Index-Strategy-Based-on-RSI-Indicator-and-200-day-SMA-Filter.md,variant_or_duplicate,multi_indicator_combo,multi-indicator-combo-2026-08-31.md
大神波动带RSI交易策略Gods-Bollinger-Bands-RSI-Trading-Strategy.md,variant_or_duplicate,multi_indicator_combo,multi-indicator-combo-2026-08-31.md
多重确认变动平均趋势与随机RSI动量交易策略-Multi-Confirmation-EMA-Trend-and-Stochastic-RSI-Momentum-Trading-Strategy.md,variant_or_duplicate,multi_indicator_combo,multi-indicator-combo-2026-08-31.md
基于布林带和-StochRSI-指标的高频交易策略High-Frequency-Trading-Strategy-Based-on-Bollinger-Bands-and-StochRSI-Indicators.md,variant_or_duplicate,multi_indicator_combo,multi-indicator-combo-2026-08-31.md
RSI与布林带支撑阻力动态结合量化策略RSI-Combined-with-Bollinger-Bands-and-Dynamic-Support-Resistance-Quantitative-Strategy.md,variant_or_duplicate,multi_indicator_combo,multi-indicator-combo-2026-08-31.md
基于RSIMACD和成交量的多指标组合自适应交易策略-Multi-Indicator-Adaptive-Trading-Strategy-Based-on-RSI-MACD-and-Volume.md,variant_or_duplicate,multi_indicator_combo,multi-indicator-combo-2026-08-31.md
基于布林带黄金分割法的均衡回归交易策略Mean-Reversion-Trading-Strategy-Based-on-Bollinger-Bands-and-Golden-Ratio.md,variant_or_duplicate,multi_indicator_combo,multi-indicator-combo-2026-08-31.md
基于均线和RSI的单边多头策略SMA-and-RSI-Long-Only-Strategy.md,variant_or_duplicate,multi_indicator_combo,multi-indicator-combo-2026-08-31.md
MACD-DEMA-交易策略MACD-DEMA-Trading-Strategy.md,variant_or_duplicate,multi_indicator_combo,multi-indicator-combo-2026-08-31.md
双均线与随机RSI趋势跟踪策略-Dual-EMA-and-Stochastic-RSI-Trend-Following-Strategy.md,variant_or_duplicate,multi_indicator_combo,multi-indicator-combo-2026-08-31.md
双向MACD动量与EMA趋势判定交易策略-Bidirectional-MACD-Momentum-and-EMA-Trend-Trading-Strategy.md,variant_or_duplicate,multi_indicator_combo,multi-indicator-combo-2026-08-31.md
多重指标趋势跟踪策略基于SMA双线交叉结合RSI和ADX的动态波动率优化系统-Multi-Indicator-Trend-Following-Strategy-SMA-Dual-Line-Crossover-with-RSI-and-ADX-Dynamic-Volatility-Optimization-System.md,variant_or_duplicate,multi_indicator_combo,multi-indicator-combo-2026-08-31.md
布林带随机RSI极值信号策略-Bollinger-Bands-Stochastic-RSI-Extreme-Signal-Strategy.md,variant_or_duplicate,multi_indicator_combo,multi-indicator-combo-2026-08-31.md
Bollinger带宽缩放双均线筛选趋势策略Bollinger-Band-Width-Scaling-Double-Moving-Average-Trend-Filter-Strategy.md,variant_or_duplicate,multi_indicator_combo,multi-indicator-combo-2026-08-31.md
RSI与MACD结合的多空策略-RSI-and-MACD-Combined-Long-Short-Strategy.md,variant_or_duplicate,multi_indicator_combo,multi-indicator-combo-2026-08-31.md
AlphaTrend和布林带相结合的均值回归趋势跟踪策略AlphaTrend-and-Bollinger-Bands-Combined-Mean-Reversion-Trend-Following-Strategy.md,variant_or_duplicate,multi_indicator_combo,multi-indicator-combo-2026-08-31.md
多周期均线穿越结合RSI动量与ATR波动率的趋势跟踪策略-Multi-Period-EMA-Crossover-with-RSI-Momentum-and-ATR-Volatility-Based-Trend-Following-Strategy.md,variant_or_duplicate,multi_indicator_combo,multi-indicator-combo-2026-08-31.md
动量驱动型均线-RSI交叉策略-Momentum-Driven-EMA-RSI-Crossover-Strategy.md,variant_or_duplicate,multi_indicator_combo,multi-indicator-combo-2026-08-31.md
MACD均线交叉策略MACD-Moving-Average-Crossover-Strategy.md,variant_or_duplicate,multi_indicator_combo,multi-indicator-combo-2026-08-31.md
RSI均线双金叉震荡策略RSI-Moving-Average-Double-Cross-Oscillation-Strategy.md,variant_or_duplicate,multi_indicator_combo,multi-indicator-combo-2026-08-31.md
均线与RSI指标结合的趋势跟踪策略Exponential-Moving-Average-and-Relative-Strength-Index-Combination-Trend-Following-Strategy.md,variant_or_duplicate,multi_indicator_combo,multi-indicator-combo-2026-08-31.md
基于RSI和EMA的趋势突破策略RSI-EMA-Trend-Breakout-Strategy.md,variant_or_duplicate,multi_indicator_combo,multi-indicator-combo-2026-08-31.md
穿越BB通道突破SMA200均线的趋势跟踪策略BB21_SMA200-Trend-Following-Strategy.md,variant_or_duplicate,multi_indicator_combo,multi-indicator-combo-2026-08-31.md
基于-RSI-动量和多层级止盈止损的智能自适应交易系统-RSI-Momentum-based-Smart-Adaptive-Trading-System-with-Multi-level-Risk-Management.md,variant_or_duplicate,multi_indicator_combo,multi-indicator-combo-2026-08-31.md
双均线RSI趋势动量策略-Dual-Moving-Average-RSI-Trend-Momentum-Strategy.md,variant_or_duplicate,multi_indicator_combo,multi-indicator-combo-2026-08-31.md
MACD与EMA结合的SMC策略SMC-Strategy-Combining-MACD-and-EMA.md,variant_or_duplicate,multi_indicator_combo,multi-indicator-combo-2026-08-31.md
MACD均线牛熊转换策略MACD-Moving-Average-Bull-Bear-Conversion-Strategy.md,variant_or_duplicate,multi_indicator_combo,multi-indicator-combo-2026-08-31.md
EMA-bands-leledc-bollinger-bands-trend-catching-strategy.md,variant_or_duplicate,multi_indicator_combo,multi-indicator-combo-2026-08-31.md
多指标动态趋势跟踪交易系统EMA交叉MACD动量过滤ATR风险管理策略-Multi-Indicator-Dynamic-Trend-Following-Trading-System-EMA-Crossover-MACD-Momentum-Filter-ATR-Risk-Management-Strategy.md,variant_or_duplicate,multi_indicator_combo,multi-indicator-combo-2026-08-31.md
适应性趋势动量RSI策略结合均线过滤系统-Adaptive-Trend-Momentum-RSI-Strategy-with-Moving-Average-Filter-System.md,variant_or_duplicate,multi_indicator_combo,multi-indicator-combo-2026-08-31.md
Bollinger-Bands-Stochastic-RSI-Extreme.md,variant_or_duplicate,multi_indicator_combo,multi-indicator-combo-2026-08-31.md
移动均线布林带融合交易策略Moving-Average-Bollinger-Band-Fusion-Trading-Strategy.md,variant_or_duplicate,multi_indicator_combo,multi-indicator-combo-2026-08-31.md
基于均线和RSI的机会跟踪策略EMA-Hull-and-RSI-Opportunity-Tracking-Strategy.md,variant_or_duplicate,multi_indicator_combo,multi-indicator-combo-2026-08-31.md
波林带与相对强弱组合交易策略-Bollinger-Bands-and-RSI-Combined-Trading-Strategy.md,variant_or_duplicate,multi_indicator_combo,multi-indicator-combo-2026-08-31.md
多周期均线与RSI动量交叉趋势跟踪策略-Multi-Period-Moving-Average-and-RSI-Momentum-Cross-Trend-Following-Strategy.md,variant_or_duplicate,multi_indicator_combo,multi-indicator-combo-2026-08-31.md
马德里带状RSI增强型多时框EMA趋势策略-Madrid-Ribbon-RSI-Enhanced-Multi-Timeframe-EMA-Trend-Strategy.md,variant_or_duplicate,multi_indicator_combo,multi-indicator-combo-2026-08-31.md
基于多重均线动量的交易策略结合成交量加权均价和相对强弱指标确认系统-Multi-Timeframe-Exponential-Moving-Average-Momentum-Trading-Strategy-with-Volume-Weighted-Average-Price-and-RSI-Confirmation.md,variant_or_duplicate,multi_indicator_combo,multi-indicator-combo-2026-08-31.md
基于RSI和移动平均线的多时间框架交易策略RSI-and-Moving-Average-Crossover-Multi-Timeframe-Trading-Strategy.md,variant_or_duplicate,multi_indicator_combo,multi-indicator-combo-2026-08-31.md
基于EMA和随机RSI的多周期趋势跟踪交易策略EMA-and-Stochastic-RSI-based-Multi-timeframe-Trend-Following-Trading-Strategy.md,variant_or_duplicate,multi_indicator_combo,multi-indicator-combo-2026-08-31.md
多均线趋势追踪与RSI动量策略-Multi-MA-Trend-Following-with-RSI-Momentum-Strategy.md,variant_or_duplicate,multi_indicator_combo,multi-indicator-combo-2026-08-31.md
Bollinger-Bands和RSI组合策略Bollinger-Bands-and-RSI-Combination-Strategy.md,variant_or_duplicate,multi_indicator_combo,multi-indicator-combo-2026-08-31.md
RSI与MACD交叉多周期动态交易策略-RSI-and-MACD-Cross-Period-Dynamic-Trading-Strategy.md,variant_or_duplicate,multi_indicator_combo,multi-indicator-combo-2026-08-31.md
EMA均值回归交易策略EMA-Mean-Reversion-Trading-Strategy.md,variant_or_duplicate,multi_indicator_combo,multi-indicator-combo-2026-08-31.md
RSI指标结合布林带的交易策略RSI-Bollinger-Bands-TP-SL-Strategy.md,variant_or_duplicate,multi_indicator_combo,multi-indicator-combo-2026-08-31.md
布林带下叉RSI回调交易策略Trading-Strategy-of-Short-Selling-When-Bollinger-Band-Crosses-Below-Price-with-RSI-Callback.md,variant_or_duplicate,multi_indicator_combo,multi-indicator-combo-2026-08-31.md
RSI-BB动量突破策略RSI-BB-Momentum-Breakout-Strategy.md,variant_or_duplicate,multi_indicator_combo,multi-indicator-combo-2026-08-31.md
双线波动带均线博弈交易策略TrumpBollingerEMAcandlestick-Strategy.md,variant_or_duplicate,multi_indicator_combo,multi-indicator-combo-2026-08-31.md
基于MACD与RSI交叉策略MACD-and-RSI-Crossover-Strategy.md,variant_or_duplicate,multi_indicator_combo,multi-indicator-combo-2026-08-31.md
多重确认动态止盈止损交易策略RSI与MACD结合EMA趋势和蜡烛形态识别-Multi-Confirmation-Dynamic-TP-SL-Trading-Strategy-RSI-and-MACD-Combined-with-EMA-Trend-and-Candlestick-Pattern-Recognition.md,variant_or_duplicate,multi_indicator_combo,multi-indicator-combo-2026-08-31.md
多重技术指标交叉动量量化交易策略-基于EMARSI和ADX的整合分析-Multi-Technical-Indicator-Crossover-Momentum-Quantitative-Trading-Strategy-Integration-Analysis-Based-on-EMA-RSI-and-ADX.md,variant_or_duplicate,multi_indicator_combo,multi-indicator-combo-2026-08-31.md
多级布林带回归交易策略-Multi-Level-Bollinger-Bands-Mean-Reversion-Trading-Strategy.md,variant_or_duplicate,multi_indicator_combo,multi-indicator-combo-2026-08-31.md
多均线交叉辅助RSI动态参数量化交易策略-Dynamic-RSI-Quantitative-Trading-Strategy-with-Multiple-Moving-Average-Crossover.md,variant_or_duplicate,multi_indicator_combo,multi-indicator-combo-2026-08-31.md
自适应布林带趋势反转量化交易策略-Adaptive-Bollinger-Bands-Mean-Reversion-Trading-Strategy.md,variant_or_duplicate,multi_indicator_combo,multi-indicator-combo-2026-08-31.md
RSI与EMA双重过滤策略RSI-and-EMA-Dual-Filter-Strategy.md,variant_or_duplicate,multi_indicator_combo,multi-indicator-combo-2026-08-31.md
多重RSI-EMA动量对冲增仓策略-Multi-RSI-EMA-Momentum-Hedging-Strategy-with-Position-Scaling.md,variant_or_duplicate,multi_indicator_combo,multi-indicator-combo-2026-08-31.md
双均线布林带MACD交易策略Dual-Moving-Average-Bollinger-Band-MACD-Trading-Strategy.md,variant_or_duplicate,multi_indicator_combo,multi-indicator-combo-2026-08-31.md
利用RSI指标和均线指标的量化策略RSI-and-Moving-Average-Breakout-Strategy.md,variant_or_duplicate,multi_indicator_combo,multi-indicator-combo-2026-08-31.md
RSI50_EMA长仓策略-RSI50_EMA-Long-Only-Strategy.md,variant_or_duplicate,multi_indicator_combo,multi-indicator-combo-2026-08-31.md
基于SMA均线和RSI指标的白银价格短期交易策略Short-Term-Silver-Trading-Strategy-Based-on-SMA-and-RSI-Indicators.md,variant_or_duplicate,multi_indicator_combo,multi-indicator-combo-2026-08-31.md
高级波动率均值回归交易策略基于VIX与移动平均的多维量化交易系统-Advanced-Volatility-Mean-Reversion-Trading-Strategy-Multi-Dimensional-Quantitative-Trading-System-Based-on-VIX-and-Moving-Average.md,variant_or_duplicate,multi_indicator_combo,multi-indicator-combo-2026-08-31.md
布林带与RSI指标组合动态交易策略-Bollinger-Bands-and-RSI-Combined-Dynamic-Trading-Strategy.md,variant_or_duplicate,multi_indicator_combo,multi-indicator-combo-2026-08-31.md
双EMA配以RSI的趋势交易策略Dual-EMA-with-RSI-Trend-Following-Strategy.md,variant_or_duplicate,multi_indicator_combo,multi-indicator-combo-2026-08-31.md
移动平均线聚合MACD策略Moving-Average-Aggregation-MACD-Strategy.md,variant_or_duplicate,multi_indicator_combo,multi-indicator-combo-2026-08-31.md
布林带EMA趋势跟踪策略Bollinger-Bands-EMA-Trend-Following-Strategy.md,variant_or_duplicate,multi_indicator_combo,multi-indicator-combo-2026-08-31.md
双指数移动平均线RSI交易策略Double-Exponential-Moving-Average-RSI-Trading-Strategy.md,variant_or_duplicate,multi_indicator_combo,multi-indicator-combo-2026-08-31.md
多指标整合日内量化交易策略基于VWAP-Fibonacci-RSI-SMA的动态信号系统-Multi-Indicator-Intraday-Quantitative-Trading-Strategy-Dynamic-Signal-System-Based-on-VWAP-Fibonacci-RSI-SMA.md,variant_or_duplicate,multi_indicator_combo,multi-indicator-combo-2026-08-31.md
逆向费希尔RSI平均真实范围多时间框架策略Inverse-Fisher-RSI-Moving-Average-Multi-Timeframe-Strategy.md,variant_or_duplicate,multi_indicator_combo,multi-indicator-combo-2026-08-31.md
多指标动态波动突破策略基于EMA趋势确认与RSI超买超卖结合K线形态分析-Multi-Indicator-Dynamic-Volatility-Breakout-Strategy-EMA-Trend-Confirmation-with-RSI-Overbought-Oversold-and-Candlestick-Pattern-Analysis.md,variant_or_duplicate,multi_indicator_combo,multi-indicator-combo-2026-08-31.md
RSI轴向均线交叉策略RSI-Axial-Moving-Average-Crossover-Strategy.md,variant_or_duplicate,multi_indicator_combo,multi-indicator-combo-2026-08-31.md
布林带结合快速与慢速移动平均线的多维趋势强化量化交易策略-Bollinger-Bands-with-Dual-SMA-Momentum-Enhanced-Quantitative-Trading-Strategy.md,variant_or_duplicate,multi_indicator_combo,multi-indicator-combo-2026-08-31.md
布林带反转与移动平均线趋势过滤Bollinger-Bands-Reversal-with-MA-Trend-Filter.md,variant_or_duplicate,multi_indicator_combo,multi-indicator-combo-2026-08-31.md
多周期布林带突破回归交易策略-Multi-Timeframe-Bollinger-Band-Breakout-Reversion-Strategy.md,variant_or_duplicate,multi_indicator_combo,multi-indicator-combo-2026-08-31.md
基于布林带和RSI的动态成本平均策略系统-Dynamic-Cost-Averaging-Strategy-System-Based-on-Bollinger-Bands-and-RSI.md,variant_or_duplicate,multi_indicator_combo,multi-indicator-combo-2026-08-31.md
黄金布林带跳空回归系统Golden-Bollinger-Band-Gap-Reversion-System.md,variant_or_duplicate,multi_indicator_combo,multi-indicator-combo-2026-08-31.md
三重BB-bands闭合突破与RSI指标的组合交易策略Triple-BB-Bands-Breakout-with-RSI-Strategy.md,variant_or_duplicate,multi_indicator_combo,multi-indicator-combo-2026-08-31.md
双轨跑赢大盘指数的分型规律量化策略EMA-MACD-Quantitative-Strategy-With-Dual-Track-Running-and-Leading-the-Market-Index.md,variant_or_duplicate,multi_indicator_combo,multi-indicator-combo-2026-08-31.md
RSI均线交叉策略RSI-Moving-Average-Crossover-Strategy.md,variant_or_duplicate,multi_indicator_combo,multi-indicator-combo-2026-08-31.md
均线穿越RSI金叉死叉交易策略SMA-Crossing-RSI-Golden-Cross-Death-Cross-Trading-Strategy.md,variant_or_duplicate,multi_indicator_combo,multi-indicator-combo-2026-08-31.md
EMARSITA多重指标交易策略-EMA-RSI-TA-Multi-Indicator-Trading-Strategy.md,variant_or_duplicate,multi_indicator_combo,multi-indicator-combo-2026-08-31.md
RSI与布林带交叉双向回归策略-RSI-and-Bollinger-Bands-Cross-Regression-Dual-Strategy.md,variant_or_duplicate,multi_indicator_combo,multi-indicator-combo-2026-08-31.md
基于EMA和隐藏背离的趋势追踪策略EMA-RSI-Hidden-Divergence-Trend-Following-Strategy.md,variant_or_duplicate,multi_indicator_combo,multi-indicator-combo-2026-08-31.md
布林带均值回归交易策略与成交量过滤-Bollinger-Bands-Mean-Reversion-Trading-Strategy-with-Volume-Filter.md,variant_or_duplicate,multi_indicator_combo,multi-indicator-combo-2026-08-31.md
多重移动平均线与布林带交叉期权量化交易策略-Multi-Moving-Average-and-Bollinger-Bands-Crossover-Options-Quantitative-Trading-Strategy.md,variant_or_duplicate,multi_indicator_combo,multi-indicator-combo-2026-08-31.md
MACD震荡器与EMA均线交叉策略MACD-Oscillator-with-EMA-Crossover-Strategy.md,variant_or_duplicate,multi_indicator_combo,multi-indicator-combo-2026-08-31.md
MACD-EMA黄金交叉趋势追踪策略MACD-EMA-Crossover-Trend-Tracking-Strategy.md,variant_or_duplicate,multi_indicator_combo,multi-indicator-combo-2026-08-31.md
crypto-futures-hourly-scalping-with-ma-rsi-ogcheckers.md,variant_or_duplicate,multi_indicator_combo,multi-indicator-combo-2026-08-31.md
玻尔带RSI震荡交易策略Bollinger-Bands-RSI-Swing-Trading-Strategy.md,variant_or_duplicate,multi_indicator_combo,multi-indicator-combo-2026-08-31.md
基于布林带和RSI的交易策略A-Bollinger-Band-and-Trend-Tracking-Strategy-Based-on-RSI.md,variant_or_duplicate,multi_indicator_combo,multi-indicator-combo-2026-08-31.md
RSI与MA组合策略RSI-and-MA-Combination-Strategy.md,variant_or_duplicate,multi_indicator_combo,multi-indicator-combo-2026-08-31.md
三EMA配合DMI和MACD的趋势跟踪策略Trend-Following-Strategy-with-3-EMAs-DMI-and-MACD.md,variant_or_duplicate,multi_indicator_combo,multi-indicator-combo-2026-08-31.md
基于布林带和相对强弱指数的动态区间突破交易策略-Dynamic-Range-Breakout-Trading-Strategy-Based-on-Bollinger-Bands-and-RSI.md,variant_or_duplicate,multi_indicator_combo,multi-indicator-combo-2026-08-31.md
基于RSI和MACD交叉策略The-RSI-and-MACD-Crossover-Strategy.md,variant_or_duplicate,multi_indicator_combo,multi-indicator-combo-2026-08-31.md
AK-MACD-BB-INDICATOR-V-100.md,variant_or_duplicate,multi_indicator_combo,multi-indicator-combo-2026-08-31.md
双均线RSI指标组合反转策略Dual-Moving-Average-RSI-Indicator-Combination-Reversal-Strategy.md,variant_or_duplicate,multi_indicator_combo,multi-indicator-combo-2026-08-31.md
三重移动平均均线与MACD组合量化策略Triple-Moving-Average-Combined-with-MACD-Quantitative-Strategy.md,variant_or_duplicate,multi_indicator_combo,multi-indicator-combo-2026-08-31.md
基于动态多均线与MACD指标的XAUUSD交易策略Dynamic-Multi-SMA-and-MACD-based-XAUUSD-Trading-Strategy.md,variant_or_duplicate,multi_indicator_combo,multi-indicator-combo-2026-08-31.md
双重EMA与RSI结合的趋势跟踪策略Dual-EMA-and-RSI-Combined-Trend-Tracking-Strategy.md,variant_or_duplicate,multi_indicator_combo,multi-indicator-combo-2026-08-31.md
MACDRSI与EMA策略MACD-RSI-and-EMA-Strategy.md,variant_or_duplicate,multi_indicator_combo,multi-indicator-combo-2026-08-31.md
漢越-基於多EMAATR和RSI的趨勢順勢交易策略-Han-Yue-Trend-Following-Trading-Strategy-Based-on-Multiple-EMAs-ATR-and-RSI.md,variant_or_duplicate,multi_indicator_combo,multi-indicator-combo-2026-08-31.md
Zero-Lag-MACD-DEMA-Breakout-Strategy.md,variant_or_duplicate,multi_indicator_combo,multi-indicator-combo-2026-08-31.md
布林带RSI指标的CCI均线交叉策略Quantitative-Strategy-Bollinger-Bands-RSI-CCI-Crossover-Strategy.md,variant_or_duplicate,multi_indicator_combo,multi-indicator-combo-2026-08-31.md
RSI与布林带融合的LTC交易策略RSI-and-Bollinger-Bands-Fusion-Trading-Strategy-for-LTC.md,variant_or_duplicate,multi_indicator_combo,multi-indicator-combo-2026-08-31.md
MACD动量复合均线策略-MACD-Momentum-with-MA-Strategy.md,variant_or_duplicate,multi_indicator_combo,multi-indicator-combo-2026-08-31.md
收缩带Bollinger与RSI组合策略Bollinger-Bands-and-RSI-Combination-Strategy.md,variant_or_duplicate,multi_indicator_combo,multi-indicator-combo-2026-08-31.md
多重均线超级趋势结合布林带突破交易策略-Multi-Moving-Average-Supertrend-with-Bollinger-Breakout-Trading-Strategy.md,variant_or_duplicate,multi_indicator_combo,multi-indicator-combo-2026-08-31.md
MACD量化策略之双重叉叉均线突破策略Dual-Moving-Average-Crossover-MACD-Quantitative-Strategy.md,variant_or_duplicate,multi_indicator_combo,multi-indicator-combo-2026-08-31.md
RSI与EMA结合的动态多周期量化交易策略-Dynamic-Multi-Period-Quantitative-Trading-Strategy-Combining-RSI-and-EMA.md,variant_or_duplicate,multi_indicator_combo,multi-indicator-combo-2026-08-31.md
动态RSI智能择时波段交易策略-Dynamic-RSI-Smart-Timing-Swing-Trading-Strategy.md,variant_or_duplicate,multi_indicator_combo,multi-indicator-combo-2026-08-31.md
均线交叉和MACD过滤的海因阿修蜡烛策略V3Heiken-Ashi-Moving-Average-Crossover-Strategy-with-MACD-Filter-V3.md,variant_or_duplicate,multi_indicator_combo,multi-indicator-combo-2026-08-31.md
多指标协同交易信号生成策略RSI-BB-IMI-MFI-Multi-Indicator-Collaborative-Trading-Signal-Generation-Strategy-RSI-BB-IMI-MFI.md,variant_or_duplicate,multi_indicator_combo,multi-indicator-combo-2026-08-31.md
MACD指标的RSI反转策略RSI-of-MACD-Reversal-Strategy.md,variant_or_duplicate,multi_indicator_combo,multi-indicator-combo-2026-08-31.md
基于布林带均值回归策略The-Bollinger-Bands-Mean-Reversion-Strategy.md,variant_or_duplicate,multi_indicator_combo,multi-indicator-combo-2026-08-31.md
RSI与布林带结合的短线交易策略RSI-Bollinger-Bands-Short-term-Trading-Strategy.md,variant_or_duplicate,multi_indicator_combo,multi-indicator-combo-2026-08-31.md
超级趋势RSI与EMA交叉策略SuperTrend-RSI-EMA-Crossover-Strategy.md,variant_or_duplicate,multi_indicator_combo,multi-indicator-combo-2026-08-31.md
RSI均线交叉策略RSI-EMA-Crossover-Strategy.md,variant_or_duplicate,multi_indicator_combo,multi-indicator-combo-2026-08-31.md
均值回归型布林带交易策略结合理性回归信号-Mean-Reversion-Bollinger-Bands-Trading-Strategy-with-Rational-Return-Signal.md,variant_or_duplicate,multi_indicator_combo,multi-indicator-combo-2026-08-31.md
基于波动率和动量指标的波林格带RSI随机RSI策略-Bollinger-Bands-RSI-Stochastic-RSI-Strategy-Based-on-Volatility-and-Momentum-Indicators.md,variant_or_duplicate,multi_indicator_combo,multi-indicator-combo-2026-08-31.md
多指标交叉动量交易策略EMA趋势与RSI超买超卖结合突破交易系统-Multi-Indicator-Cross-Momentum-Trading-Strategy-EMA-Trend-with-RSI-Overbought-Oversold-Breakout-System.md,variant_or_duplicate,multi_indicator_combo,multi-indicator-combo-2026-08-31.md
MACD与RSI结合的长线交易策略-MACD-and-RSI-Combined-Long-term-Trading-Strategy.md,variant_or_duplicate,multi_indicator_combo,multi-indicator-combo-2026-08-31.md
金叉死叉双均线MACD趋势追踪策略Golden-Cross-Dead-Cross-Dual-Moving-Average-MACD-Trend-Tracking-Strategy.md,variant_or_duplicate,multi_indicator_combo,multi-indicator-combo-2026-08-31.md
多时段MACD-StochRSI组合策略Multi-Timeframe-MACD-StochRSI-Combo-Strategy.md,variant_or_duplicate,multi_indicator_combo,multi-indicator-combo-2026-08-31.md
双均线-RSI多重信号趋势交易策略-Dual-Moving-Average-RSI-Multi-Signal-Trend-Trading-Strategy.md,variant_or_duplicate,multi_indicator_combo,multi-indicator-combo-2026-08-31.md
基于RSI和MACD的低风险稳健型加密货币高频交易策略-Low-Risk-Stable-Cryptocurrency-High-Frequency-Trading-Strategy-Based-on-RSI-and-MACD.md,variant_or_duplicate,multi_indicator_combo,multi-indicator-combo-2026-08-31.md
基于MACD指标的双均线交易策略MACD-Dual-Moving-Average-Tracking-Strategy.md,variant_or_duplicate,multi_indicator_combo,multi-indicator-combo-2026-08-31.md
基于SMA和布林带的吞没形态指标组合交易策略-Combined-SMA-and-Bollinger-Bands-Engulfing-Pattern-Trading-Strategy.md,variant_or_duplicate,multi_indicator_combo,multi-indicator-combo-2026-08-31.md
动态均线系统结合RSI动量指标的日内交易优化策略-Dynamic-EMA-System-Combined-with-RSI-Momentum-Indicator-for-Optimized-Intraday-Trading-Strategy.md,variant_or_duplicate,multi_indicator_combo,multi-indicator-combo-2026-08-31.md
多时间周期MACD均线交易策略Multi-Timeframe-MACD-Moving-Average-Trading-Strategy.md,variant_or_duplicate,multi_indicator_combo,multi-indicator-combo-2026-08-31.md
RSI-MACD交叉双均线跟踪策略RSI-MACD-Crossover-Double-MA-Tracking-Strategy.md,variant_or_duplicate,multi_indicator_combo,multi-indicator-combo-2026-08-31.md
双均线交叉结合RSI动量优化交易策略-Dual-EMA-Crossover-with-RSI-Momentum-Enhanced-Trading-Strategy.md,variant_or_duplicate,multi_indicator_combo,multi-indicator-combo-2026-08-31.md
云端布林通道交叉双均线量化趋势策略-Cloud-Based-Bollinger-Bands-Double-Moving-Average-Quantitative-Trend-Strategy.md,variant_or_duplicate,multi_indicator_combo,multi-indicator-combo-2026-08-31.md
EMA-MACD-RSI-交叉策略-EMA-MACD-RSI-Crossover-Strategy.md,variant_or_duplicate,multi_indicator_combo,multi-indicator-combo-2026-08-31.md
基于RSI和趋势均线的双重过滤交易策略-RSI-and-Trend-MA-Dual-Filter-Trading-Strategy.md,variant_or_duplicate,multi_indicator_combo,multi-indicator-combo-2026-08-31.md
多重均线与RSI交叉交易策略Multiple-Moving-Averages-and-RSI-Crossover-Trading-Strategy.md,variant_or_duplicate,multi_indicator_combo,multi-indicator-combo-2026-08-31.md
基于MACD和RSI的交易策略London-MACD-RSI-Bitcoin-Trading-Strategy.md,variant_or_duplicate,multi_indicator_combo,multi-indicator-combo-2026-08-31.md
MACDRSI动量突破策略Momentum-Breakout-Strategy.md,variant_or_duplicate,multi_indicator_combo,multi-indicator-combo-2026-08-31.md
Swing-Hull-rsi-EMA-Strategy.md,variant_or_duplicate,multi_indicator_combo,multi-indicator-combo-2026-08-31.md
BollingerRSI双重策略仅多头v12Bollinger-RSI-Double-Strategy-Long-Only-v12.md,variant_or_duplicate,multi_indicator_combo,multi-indicator-combo-2026-08-31.md
机器学习启发的双均线RSI交易策略-Machine-Learning-Inspired-Dual-Moving-Average-RSI-Trading-Strategy.md,variant_or_duplicate,multi_indicator_combo,multi-indicator-combo-2026-08-31.md
基于布林带通道的突破回归策略Bollinger-Bands-Channel-Breakout-Mean-Reversion-Strategy.md,variant_or_duplicate,multi_indicator_combo,multi-indicator-combo-2026-08-31.md
RSIBollinger双轨低位区间突破策略RSIBollinger-Bands-Breakout-Strategy-at-Lower-Area.md,variant_or_duplicate,multi_indicator_combo,multi-indicator-combo-2026-08-31.md
MACD-EMA多周期动态交叉量化交易系统-MACD-EMA-Multi-Period-Dynamic-Crossover-Quantitative-Trading-System.md,variant_or_duplicate,multi_indicator_combo,multi-indicator-combo-2026-08-31.md
基于布林带和RSI的量化交易策略Quantitative-Trading-Strategy-Based-on-Bollinger-Bands-and-RSI.md,variant_or_duplicate,multi_indicator_combo,multi-indicator-combo-2026-08-31.md
月旗MACD动量StochRSI交易策略MoonFlag-MACD-Momentum-StochRSI-Trading-Strategy.md,variant_or_duplicate,multi_indicator_combo,multi-indicator-combo-2026-08-31.md
多周期确认的移动平均线与RSI趋势交易策略-Multi-Timeframe-Moving-Average-and-RSI-Trend-Trading-Strategy.md,variant_or_duplicate,multi_indicator_combo,multi-indicator-combo-2026-08-31.md
VWAP-MACD-RSI多因子量化交易策略-VWAP-MACD-RSI-Multi-Factor-Quantitative-Trading-Strategy.md,variant_or_duplicate,multi_indicator_combo,multi-indicator-combo-2026-08-31.md
SMA-交叉策略结合-RSI-过滤和警报-SMA-Crossover-Strategy-with-RSI-Filter-and-Alerts.md,variant_or_duplicate,multi_indicator_combo,multi-indicator-combo-2026-08-31.md
MACD-SMA-200-Strategy.md,variant_or_duplicate,multi_indicator_combo,multi-indicator-combo-2026-08-31.md
VWMA-SMA-Bollinger-Bands-RSI-Strategy-Analyzing-Price-and-Volume-Correlation.md,variant_or_duplicate,multi_indicator_combo,multi-indicator-combo-2026-08-31.md
动态自适应多指标交叉策略结合SRSI和MACD的智能风控系统-Dynamic-Adaptive-Multi-Indicator-Crossing-Strategy-with-SRSI-MACD-Smart-Risk-Control-System.md,variant_or_duplicate,multi_indicator_combo,multi-indicator-combo-2026-08-31.md
RSI-布林通道整合策略动态自适应的多指标交易系统-RSI-Bollinger-Bands-Integration-Strategy-A-Dynamic-Self-Adaptive-Multi-Indicator-Trading-System.md,variant_or_duplicate,multi_indicator_combo,multi-indicator-combo-2026-08-31.md
RSI和SMA交叉策略RSI-and-SMA-Crossover-Strategy.md,variant_or_duplicate,multi_indicator_combo,multi-indicator-combo-2026-08-31.md
移动平均线金叉死叉交易策略Moving-Average-Crossover-MACD-Trading-Strategy.md,variant_or_duplicate,multi_indicator_combo,multi-indicator-combo-2026-08-31.md
DAKELAX-XRPUSDT-波尔带回归均线策略DAKELAX-XRPUSDT-Bollinger-Band-Mean-Reversion-Strategy.md,variant_or_duplicate,multi_indicator_combo,multi-indicator-combo-2026-08-31.md
双向均线回归交易策略Bidirectional-Moving-Average-Reversion-Trading-Strategy.md,variant_or_duplicate,multi_indicator_combo,multi-indicator-combo-2026-08-31.md
双均线交叉与RSI指标结合的量化交易策略Dual-Moving-Average-Crossover-Combined-with-RSI-Indicator-Quantitative-Trading-Strategy.md,variant_or_duplicate,multi_indicator_combo,multi-indicator-combo-2026-08-31.md
启明双偏移均值回归交易策略HYE-Mean-Reversion-SMA-Strategy.md,variant_or_duplicate,multi_indicator_combo,multi-indicator-combo-2026-08-31.md
三重EMA随机RSI交叉金叉策略Three-EMA-Stochastic-RSI-Crossover-Golden-Cross-Strategy.md,variant_or_duplicate,multi_indicator_combo,multi-indicator-combo-2026-08-31.md
结合布林带与RSI的自适应震荡趋势交易策略-Adaptive-Oscillation-Trend-Trading-Strategy-with-Bollinger-Bands-and-RSI-Integration.md,variant_or_duplicate,multi_indicator_combo,multi-indicator-combo-2026-08-31.md
基于MACD和布林带的Momentum-Trend策略Momentum-Trend-Strategy-Based-on-MACD-and-Bollinger-Bands.md,variant_or_duplicate,multi_indicator_combo,multi-indicator-combo-2026-08-31.md
多周期均线趋势跟踪结合RSI超买超卖动态优化策略-Multi-Period-EMA-Trend-Following-with-RSI-Overbought-Oversold-Dynamic-Optimization-Strategy.md,variant_or_duplicate,multi_indicator_combo,multi-indicator-combo-2026-08-31.md
RSI与布林带量化策略RSI-Bollinger-Bands-Trading-Strategy.md,variant_or_duplicate,multi_indicator_combo,multi-indicator-combo-2026-08-31.md
EMA-MACD高频量化策略与智能风控系统-EMA-MACD-High-Frequency-Quantitative-Strategy-with-Smart-Risk-Management.md,variant_or_duplicate,multi_indicator_combo,multi-indicator-combo-2026-08-31.md
布林带RSIEMA双重交易策略Bollinger-Bands-RSI-EMA-Double-Trading-Strategy.md,variant_or_duplicate,multi_indicator_combo,multi-indicator-combo-2026-08-31.md
MACD-histogram策略MACD-Histogram-Strategy-of-RSI.md,variant_or_duplicate,multi_indicator_combo,multi-indicator-combo-2026-08-31.md
基于多阶段布林带和MACD指标的量化交易策略Multi-Stage-Bollinger-Bands-MACD-Crossover-Signal-Quantitative-Trading-Strategy.md,variant_or_duplicate,multi_indicator_combo,multi-indicator-combo-2026-08-31.md
基于EMA和RSI的强大量化交易策略Powerful-EMA-and-RSI-Quantitative-Trading-Strategy.md,variant_or_duplicate,multi_indicator_combo,multi-indicator-combo-2026-08-31.md
高级双均线动量反转策略RSI与布林带协同交易系统-Advanced-Dual-Moving-Average-Momentum-Reversal-Strategy-RSI-and-Bollinger-Bands-Synergy-Trading-System.md,variant_or_duplicate,multi_indicator_combo,multi-indicator-combo-2026-08-31.md
MACD双均线交叉策略-MACD-Dual-Moving-Average-Crossover-Strategy.md,variant_or_duplicate,multi_indicator_combo,multi-indicator-combo-2026-08-31.md
基于双均线交叉RSI和随机指标的短线量化交易策略-Short-term-Quantitative-Trading-Strategy-Based-on-Dual-Moving-Average-Crossover-RSI-and-Stochastic-Indicators.md,variant_or_duplicate,multi_indicator_combo,multi-indicator-combo-2026-08-31.md
基于EMALeledc和布林带的趋势跟踪策略EMA-bands-Leledc-Bollinger-bands-trend-following-strategy.md,variant_or_duplicate,multi_indicator_combo,multi-indicator-combo-2026-08-31.md
多指标趋势动量交易策略基于布林带相对强弱与交易量的综合量化交易系统-Multi-Indicator-Trend-Momentum-Trading-Strategy-A-Comprehensive-Quantitative-Trading-System-Based-on-Bollinger-Bands-RSI-and-OBV.md,variant_or_duplicate,multi_indicator_combo,multi-indicator-combo-2026-08-31.md
EMA-MACD-动量跟踪策略EMA-MACD-Momentum-Tracking-Strategy.md,variant_or_duplicate,multi_indicator_combo,multi-indicator-combo-2026-08-31.md
布林带RSI交易策略-Bollinger-Bands-RSI-Trading-Strategy.md,variant_or_duplicate,multi_indicator_combo,multi-indicator-combo-2026-08-31.md
RSI与MA均线交叉的趋势追踪策略RSI-and-MA-Crossover-Trend-Tracking-Strategy.md,variant_or_duplicate,multi_indicator_combo,multi-indicator-combo-2026-08-31.md
EMA交叉策略与RSI背离30分钟趋势识别和价格竭尽-EMA-Cross-Strategy-with-RSI-Divergence-30-Minute-Trend-Identification-and-Price-Exhaustion.md,variant_or_duplicate,multi_indicator_combo,multi-indicator-combo-2026-08-31.md
RSI与SMA组合交易策略RSI-and-SMA-Combination-Trading-Strategy.md,variant_or_duplicate,multi_indicator_combo,multi-indicator-combo-2026-08-31.md
RSI均线交叉趋势策略RSI-Moving-Average-Crossover-Trend-Strategy.md,variant_or_duplicate,multi_indicator_combo,multi-indicator-combo-2026-08-31.md
双线性BB口系统策略Dual-Moving-Average-Bollinger-Band-System-Strategy.md,variant_or_duplicate,multi_indicator_combo,multi-indicator-combo-2026-08-31.md
双EMA与RSI组合策略Dual-EMA-and-RSI-Combination-Strategy.md,variant_or_duplicate,multi_indicator_combo,multi-indicator-combo-2026-08-31.md
基于动态波动率调整的双均线交叉与RSI-ATR复合过滤交易系统-Dynamic-Volatility-Adjusted-Dual-Moving-Average-Crossover-System-with-RSI-ATR-Composite-Filter.md,variant_or_duplicate,multi_indicator_combo,multi-indicator-combo-2026-08-31.md
DPD-RSI-BB量化策略DPD-RSI-BB-Quantitative-Strategy.md,variant_or_duplicate,multi_indicator_combo,multi-indicator-combo-2026-08-31.md
EMA200-and-Stochastic-RSI-Strategy.md,variant_or_duplicate,multi_indicator_combo,multi-indicator-combo-2026-08-31.md
布林带RSI多均线趋势策略-Bollinger-Bands-RSI-Multi-MA-Trend-Strategy.md,variant_or_duplicate,multi_indicator_combo,multi-indicator-combo-2026-08-31.md
布林带均线配对交易策略Dual-Moving-Average-Matching-Strategy-Based-on-Bollinger-Bands.md,variant_or_duplicate,multi_indicator_combo,multi-indicator-combo-2026-08-31.md
基于多时框架移动平均线和MACD-的长空开仓策略Long-and-Short-Opening-Strategy-Based-on-Multi-Timeframe-Moving-Average-and-MACD.md,variant_or_duplicate,multi_indicator_combo,multi-indicator-combo-2026-08-31.md
交易终端插件范例.md,normalized_candidate,other_alpha,other-alpha-2026-08-31.md
移植-OKCoin-韭菜收割机-注释python版.md,variant_or_duplicate,other_alpha,other-alpha-2026-08-31.md
双向波动吞噬策略Dual-direction-Volatility-Swallowing-Strategy.md,variant_or_duplicate,other_alpha,other-alpha-2026-08-31.md
简易数字货币现货跟单机器人策略.md,variant_or_duplicate,other_alpha,other-alpha-2026-08-31.md
ChatGPT处理交易所上新公告.md,variant_or_duplicate,other_alpha,other-alpha-2026-08-31.md
Parabolic-SAR-Buy-And-Sell.md,variant_or_duplicate,other_alpha,other-alpha-2026-08-31.md
一种定期购买加密货币的策略Simple-Holder-Strategy.md,variant_or_duplicate,other_alpha,other-alpha-2026-08-31.md
Heikin-Ashi非重绘趋势确认策略-Heikin-Ashi-Non-Repainting-Trend-Confirmation-Strategy.md,variant_or_duplicate,other_alpha,other-alpha-2026-08-31.md
Kuberan策略市场掌控的交汇策略Kuberan-Strategy-The-Confluence-Approach-for-Market-Mastery.md,variant_or_duplicate,other_alpha,other-alpha-2026-08-31.md
趋势强度确认策略Trend-Strength-Confirm-Bars-Strategy.md,variant_or_duplicate,other_alpha,other-alpha-2026-08-31.md
基于波浪趋势的交易策略The-Wave-Trend-Trading-Strategy-Based-on-LazyBear.md,variant_or_duplicate,other_alpha,other-alpha-2026-08-31.md
基于价格波动范围的买卖信号过滤策略Range-Filter-Buy-Sell-Signals-Strategy.md,variant_or_duplicate,other_alpha,other-alpha-2026-08-31.md
基于趋势的开尔特纳通道策略Keltner-Channel-Trend-Based-Strategy.md,variant_or_duplicate,other_alpha,other-alpha-2026-08-31.md
多指标趋势追踪策略-Multi-Indicator-Trend-Following-Strategy.md,variant_or_duplicate,other_alpha,other-alpha-2026-08-31.md
多指标组合动态交易优化策略-Multi-Indicator-Dynamic-Trading-Optimization-Strategy.md,variant_or_duplicate,other_alpha,other-alpha-2026-08-31.md
从第三方网站获取K线-0804更新.md,variant_or_duplicate,other_alpha,other-alpha-2026-08-31.md
仿Promise异步模板.md,variant_or_duplicate,other_alpha,other-alpha-2026-08-31.md
币安账户万向划转小工具.md,variant_or_duplicate,other_alpha,other-alpha-2026-08-31.md
基于线性回归斜率的动态市场状态识别策略-Dynamic-Market-Regime-Identification-Strategy-Based-on-Linear-Regression-Slope.md,variant_or_duplicate,other_alpha,other-alpha-2026-08-31.md
摆动交易策略Swing-Trading-Strategy.md,variant_or_duplicate,other_alpha,other-alpha-2026-08-31.md
基于动量震荡率优化策略Rate-of-Change-Optimization-Strategy.md,variant_or_duplicate,other_alpha,other-alpha-2026-08-31.md
动态价格摆荡器趋势策略Dynamic-Price-Swing-Oscillator-Strategy.md,variant_or_duplicate,other_alpha,other-alpha-2026-08-31.md
原生多线程JavaScript与WASM性能比较.md,variant_or_duplicate,other_alpha,other-alpha-2026-08-31.md
okex-BTC合约账户公开.md,variant_or_duplicate,other_alpha,other-alpha-2026-08-31.md
MultiSymbolCtrlLib.md,variant_or_duplicate,other_alpha,other-alpha-2026-08-31.md
范例-定时测试微信消息推送.md,variant_or_duplicate,other_alpha,other-alpha-2026-08-31.md
基于历史波动率的市场定时策略Volatility-Filtered-Market-Timing-Strategy.md,variant_or_duplicate,other_alpha,other-alpha-2026-08-31.md
多核心回归动态趋势跟踪交易策略-Multi-Kernel-Regression-Dynamic-Trend-Trading-Strategy.md,variant_or_duplicate,other_alpha,other-alpha-2026-08-31.md
飞龙趋势策略Flying-Dragon-Trend-Strategy.md,variant_or_duplicate,other_alpha,other-alpha-2026-08-31.md
基于多个时间三重超趋势策略Super-Trend-Triple-Strategy.md,variant_or_duplicate,other_alpha,other-alpha-2026-08-31.md
基于震荡突破策略The-Oscillating-Breakthrough-Strategy.md,variant_or_duplicate,other_alpha,other-alpha-2026-08-31.md
币安永续多币种对冲策略做空或做多山寨币指数4月10日改进Bug需要更新.md,variant_or_duplicate,other_alpha,other-alpha-2026-08-31.md
收益率统计.md,variant_or_duplicate,other_alpha,other-alpha-2026-08-31.md
基于K线收盘价的买卖策略Buy-Sell-on-Candle-Close-Strategy.md,variant_or_duplicate,other_alpha,other-alpha-2026-08-31.md
高杠杆防止追加保证金头寸管理策略Leveraged-Position-Sizing-with-Margin-Call-Risk-Management-Strategy.md,variant_or_duplicate,other_alpha,other-alpha-2026-08-31.md
Super-Scalper-5-Min-15-Min.md,variant_or_duplicate,other_alpha,other-alpha-2026-08-31.md
穿越限价单双向跨期交易策略Cross-Limit-Order-Cross-Period-Trading-Strategy.md,variant_or_duplicate,other_alpha,other-alpha-2026-08-31.md
基于变化率的量化策略Rate-of-Change-Quantitative-Strategy.md,variant_or_duplicate,other_alpha,other-alpha-2026-08-31.md
双通道算法自动交易策略Double-Channel-Kitchen-Algorithm-Trading-Strategy-Focusing-on-Wealth-Growth.md,variant_or_duplicate,other_alpha,other-alpha-2026-08-31.md
双重趋势追踪策略Dual-Trend-Tracking-Strategy.md,variant_or_duplicate,other_alpha,other-alpha-2026-08-31.md
牛市追踪系统Bull-Market-Tracking-System.md,variant_or_duplicate,other_alpha,other-alpha-2026-08-31.md
R-Breaker-交易策略.md,variant_or_duplicate,other_alpha,other-alpha-2026-08-31.md
CM-Sling-Shot-System.md,variant_or_duplicate,other_alpha,other-alpha-2026-08-31.md
多时间框架趋势追踪日内scalping策略Multi-Timeframe-Trend-Tracking-Intraday-Scalping-Strategy.md,variant_or_duplicate,other_alpha,other-alpha-2026-08-31.md
MyQuant趋势识别策略MyQuant-Trend-Identifier-Strategy.md,variant_or_duplicate,other_alpha,other-alpha-2026-08-31.md
三行代码实现阿尔戈斯机器学习快速解读行业新闻的反指策略.md,variant_or_duplicate,other_alpha,other-alpha-2026-08-31.md
Y-Profit-Maximizer策略Y-Profit-Maximizer-Strategy.md,variant_or_duplicate,other_alpha,other-alpha-2026-08-31.md
baguette-by-multigrain.md,variant_or_duplicate,other_alpha,other-alpha-2026-08-31.md
动态交易者指数指标策略Concise-Dynamic-Trend-Strategy.md,variant_or_duplicate,other_alpha,other-alpha-2026-08-31.md
多重指标动态波动交易策略-Multi-Indicator-Dynamic-Volatility-Trading-Strategy.md,variant_or_duplicate,other_alpha,other-alpha-2026-08-31.md
多维枢轴点交易策略与动态斐波那契指标系统-Multi-Dimensional-Pivot-Point-Trading-System-with-Dynamic-Fibonacci-Indicators.md,variant_or_duplicate,other_alpha,other-alpha-2026-08-31.md
订单同步管理系统类库Single-Server.md,variant_or_duplicate,other_alpha,other-alpha-2026-08-31.md
迪纳波利去趋势震荡器策略DiNapoli-Detrended-Oscillator-Strategy.md,variant_or_duplicate,other_alpha,other-alpha-2026-08-31.md
现货冰山委托买入插件Simple-Iceberg-order-to-buy-Copy.md,variant_or_duplicate,other_alpha,other-alpha-2026-08-31.md
基于价格内部波动通道的看涨看跌策略Look-Up-and-Look-Down-Strategy-Based-on-Internal-Price-Channels.md,variant_or_duplicate,other_alpha,other-alpha-2026-08-31.md
动态指标驱动的趋势跟踪策略结合风险管理系统-Dynamic-Indicator-Driven-Trend-Following-Strategy-with-Risk-Management-System.md,variant_or_duplicate,other_alpha,other-alpha-2026-08-31.md
MA-Emperor-insiliconot.md,variant_or_duplicate,other_alpha,other-alpha-2026-08-31.md
最高最低中心回看策略Highest-Lowest-Center-Lookback-Strategy.md,variant_or_duplicate,other_alpha,other-alpha-2026-08-31.md
自适应趋势跟踪与动态风控策略-Adaptive-Trend-Following-with-Dynamic-Risk-Control-Strategy.md,variant_or_duplicate,other_alpha,other-alpha-2026-08-31.md
Get-your-trend.md,variant_or_duplicate,other_alpha,other-alpha-2026-08-31.md
TrendHunter-w-MF-多时间框架趋势策略TrendHunter-w-MF-Multi-Timeframe-Trend-Strategy.md,variant_or_duplicate,other_alpha,other-alpha-2026-08-31.md
逆向线性回归策略Reverse-Linear-Regression-Strategy.md,variant_or_duplicate,other_alpha,other-alpha-2026-08-31.md
WaveTrend-Oscillator-Divergence-Strategy-波动趋势震荡指标背离策略.md,variant_or_duplicate,other_alpha,other-alpha-2026-08-31.md
30行赌徒策略-做空.md,variant_or_duplicate,other_alpha,other-alpha-2026-08-31.md
基于Faytterro-Estimator的交易策略Trading-Strategy-Based-on-Faytterro-Estimator.md,variant_or_duplicate,other_alpha,other-alpha-2026-08-31.md
动态通道百分比包络策略-Dynamic-Channel-Percentage-Envelope-Strategy.md,variant_or_duplicate,other_alpha,other-alpha-2026-08-31.md
动态多维度趋势追踪与量化交易策略-Dynamic-Multi-Dimensional-Trend-Tracking-and-Quantitative-Trading-Strategy.md,variant_or_duplicate,other_alpha,other-alpha-2026-08-31.md
量化交易中的支撑阻力云形态指标Quant-Trading-Support-and-Resistance-Cloud-Indicator.md,variant_or_duplicate,other_alpha,other-alpha-2026-08-31.md
币安永续多币种对冲策略做多超跌做空超涨-张总python版.md,variant_or_duplicate,other_alpha,other-alpha-2026-08-31.md
动量趋势同步策略RMI-Trend-Sync-Strategy.md,variant_or_duplicate,other_alpha,other-alpha-2026-08-31.md
多重趋势跟踪策略Multiple-Trend-Tracking-Strategy.md,variant_or_duplicate,other_alpha,other-alpha-2026-08-31.md
基于双重指标突破策略Dual-Indicators-Breakthrough-Strategy.md,variant_or_duplicate,other_alpha,other-alpha-2026-08-31.md
多指标买卖策略Multi-Indicator-Buy-and-Sell-Strategy.md,variant_or_duplicate,other_alpha,other-alpha-2026-08-31.md
Low-finder.md,variant_or_duplicate,other_alpha,other-alpha-2026-08-31.md
顶-底背离指标观察系统-with-止盈止损.md,variant_or_duplicate,other_alpha,other-alpha-2026-08-31.md
智能累加买入策略Intelligent-Accumulator-Buy-Strategy.md,variant_or_duplicate,other_alpha,other-alpha-2026-08-31.md
多时间框架趋势跟踪DI策略Dual-Timeframe-DI-Trend-Following-Strategy.md,variant_or_duplicate,other_alpha,other-alpha-2026-08-31.md
SuperB.md,variant_or_duplicate,other_alpha,other-alpha-2026-08-31.md
基于阿隆震荡器的股票交易策略Aroon-Oscillator-Based-Stock-Trading-Strategy.md,variant_or_duplicate,other_alpha,other-alpha-2026-08-31.md
量化多因子动态期权交易策略-Quantitative-Multi-Factor-Dynamic-Options-Trading-Strategy.md,variant_or_duplicate,other_alpha,other-alpha-2026-08-31.md
多线程获取多个交易的深度信息.md,variant_or_duplicate,other_alpha,other-alpha-2026-08-31.md
基于导数的交易策略Derivative-Based-Trading-Strategy.md,variant_or_duplicate,other_alpha,other-alpha-2026-08-31.md
现货指数平衡策略-v11曾实盘跑过一段时间现在疑似有bug因为不用了懒得改.md,variant_or_duplicate,other_alpha,other-alpha-2026-08-31.md
中心引力通道趋势跟踪策略Center-of-Gravity-SSL-Channel-Trend-Following-Strategy.md,variant_or_duplicate,other_alpha,other-alpha-2026-08-31.md
多周期市场疲劳度分析策略与风险管理系统-Multi-Timeframe-Market-Exhaustion-Analysis-Strategy-with-Risk-Management-System.md,variant_or_duplicate,other_alpha,other-alpha-2026-08-31.md
TradingViewWebHook直连策略.md,variant_or_duplicate,other_alpha,other-alpha-2026-08-31.md
Super-Trend-Daily-20-BF.md,variant_or_duplicate,other_alpha,other-alpha-2026-08-31.md
Multi-Indicator-Golden-Swing-Trading-Strategy.md,variant_or_duplicate,other_alpha,other-alpha-2026-08-31.md
现货冰山委托卖出插件Simple-Iceberg-order-to-sell-Copy.md,variant_or_duplicate,other_alpha,other-alpha-2026-08-31.md
发明者量化数据库实战.md,variant_or_duplicate,other_alpha,other-alpha-2026-08-31.md
TradingView策略信号下单机器人-欧易版.md,variant_or_duplicate,other_alpha,other-alpha-2026-08-31.md
基于价格波动性的趋势跟踪止损策略-Volatility-Stop-Tracking-Strategy.md,variant_or_duplicate,other_alpha,other-alpha-2026-08-31.md
自适应波动率多指标趋势跟踪交易系统-Adaptive-Volatility-Multi-Indicator-Trend-Following-Trading-System.md,variant_or_duplicate,other_alpha,other-alpha-2026-08-31.md
套利图表.md,variant_or_duplicate,other_alpha,other-alpha-2026-08-31.md
熊赚币牛赚U之平衡策略.md,variant_or_duplicate,other_alpha,other-alpha-2026-08-31.md
Super-Scalper.md,variant_or_duplicate,other_alpha,other-alpha-2026-08-31.md
Okex交易所获取指定币种持仓返回发明者Position结构数组.md,variant_or_duplicate,other_alpha,other-alpha-2026-08-31.md
多重技术指标配合的趋势追踪型量化策略Quantitative-Trend-Tracking-Strategy-Based-on-Multiple-Technical-Indicators.md,variant_or_duplicate,other_alpha,other-alpha-2026-08-31.md
BTC-V反策略.md,variant_or_duplicate,other_alpha,other-alpha-2026-08-31.md
TrendSync-Pro-SMC-多时间框架趋势跟随策略-TrendSync-Pro-SMC-Multi-Timeframe-Trend-Following-Strategy.md,variant_or_duplicate,other_alpha,other-alpha-2026-08-31.md
数字货币现货多品种双均线策略教学.md,variant_or_duplicate,other_alpha,other-alpha-2026-08-31.md
定投策略带止盈.md,variant_or_duplicate,other_alpha,other-alpha-2026-08-31.md
双波震动过滤交易策略Twin-Range-Filter-Trading-Strategy.md,variant_or_duplicate,other_alpha,other-alpha-2026-08-31.md
窄幅里程策略Narrow-Range-Inside-Day-Short-Strategy.md,variant_or_duplicate,other_alpha,other-alpha-2026-08-31.md
网格管理工具.md,variant_or_duplicate,other_alpha,other-alpha-2026-08-31.md
设定比特币价格并微信推送教学-Push-the-price-information-to-telegram.md,variant_or_duplicate,other_alpha,other-alpha-2026-08-31.md
基于动态加仓策略Dynamic-Position-Building-Strategy.md,variant_or_duplicate,other_alpha,other-alpha-2026-08-31.md
基于kNN的趋势跟随策略kNN-based-Trend-Following-Strategy.md,variant_or_duplicate,other_alpha,other-alpha-2026-08-31.md
手动买卖警报策略Manual-Buy-Sell-Alerts-Strategy.md,variant_or_duplicate,other_alpha,other-alpha-2026-08-31.md
百分比阈值量化交易策略-Percentage-Threshold-Quantitative-Trading-Strategy.md,variant_or_duplicate,other_alpha,other-alpha-2026-08-31.md
基于多区域SMC理论的智能趋势跟踪策略Multi-Zone-SMC-Theory-Based-Intelligent-Trend-Following-Strategy.md,variant_or_duplicate,other_alpha,other-alpha-2026-08-31.md
高斯波浪预测策略The-Gauss-Wave-Forecasting-Strategy.md,variant_or_duplicate,other_alpha,other-alpha-2026-08-31.md
短线做空高流通货币对策略-Short-term-Short-Selling-Strategy-for-High-liquidity-Currency-Pairs.md,variant_or_duplicate,other_alpha,other-alpha-2026-08-31.md
多重背离综合指标交易策略-Multi-Indicator-Divergence-Trading-System-with-Advanced-Risk-Management.md,variant_or_duplicate,other_alpha,other-alpha-2026-08-31.md
基于枢轴指标的趋势操纵策略Pivot-Detector-Oscillator-Trend-Trading-Strategy.md,variant_or_duplicate,other_alpha,other-alpha-2026-08-31.md
自适应趋势跟随策略Adaptive-Trend-Following-Strategy.md,variant_or_duplicate,other_alpha,other-alpha-2026-08-31.md
Quantitative-Qualitative-Estimation.md,variant_or_duplicate,other_alpha,other-alpha-2026-08-31.md
多指标趋势追踪交易策略Trend-Following-Trading-Strategy-Based-on-Multiple-Indicators.md,variant_or_duplicate,other_alpha,other-alpha-2026-08-31.md
多重指标组合交易策略Multi-indicator-Combination-Trading-Strategy.md,variant_or_duplicate,other_alpha,other-alpha-2026-08-31.md
开放市场曝光度动态调仓量化交易策略-Open-Market-Exposure-Dynamic-Position-Adjustment-Quantitative-Trading-Strategy.md,variant_or_duplicate,other_alpha,other-alpha-2026-08-31.md
基于移动平均线和相对强弱指数的量化交易策略Force-Breakthrough-Strategy.md,variant_or_duplicate,other_alpha,other-alpha-2026-08-31.md
数字货币合约简易跟单机器人.md,variant_or_duplicate,other_alpha,other-alpha-2026-08-31.md
RISOTTO.md,variant_or_duplicate,other_alpha,other-alpha-2026-08-31.md
基于随机运气的简单交易策略Simple-Trading-Strategy-Based-on-Random-Luck.md,variant_or_duplicate,other_alpha,other-alpha-2026-08-31.md
抢盘口做市策略-对敲.md,variant_or_duplicate,other_alpha,other-alpha-2026-08-31.md
发明者APP图表测试策略.md,variant_or_duplicate,other_alpha,other-alpha-2026-08-31.md
JBravo量化趋势策略JBravo-Quantitative-Trend-Strategy.md,variant_or_duplicate,other_alpha,other-alpha-2026-08-31.md
多指标组合震荡定位突破策略Oscillation-Positioning-Breakthrough-Strategy-with-Multiple-Indicators.md,variant_or_duplicate,other_alpha,other-alpha-2026-08-31.md
暴力马丁适合eth和btc-Copy.md,variant_or_duplicate,other_alpha,other-alpha-2026-08-31.md
币安一次性获取所有挂单列表U本位合约.md,variant_or_duplicate,other_alpha,other-alpha-2026-08-31.md
网格挂单加马丁倍数递增.md,variant_or_duplicate,other_alpha,other-alpha-2026-08-31.md
Simple-1m-Scalper-by-thimblemunch.md,variant_or_duplicate,other_alpha,other-alpha-2026-08-31.md
永续合约一键市价平仓.md,variant_or_duplicate,other_alpha,other-alpha-2026-08-31.md
多层级跌幅ATH动态追踪三段买入策略-Multi-level-ATH-Dynamic-Tracking-Triple-Entry-Strategy.md,variant_or_duplicate,other_alpha,other-alpha-2026-08-31.md
MAHL-Band.md,variant_or_duplicate,other_alpha,other-alpha-2026-08-31.md
量化交易双向S-R策略TD-Sequential-Dual-Direction-S-R-Trading-Strategy.md,variant_or_duplicate,other_alpha,other-alpha-2026-08-31.md
基于情绪的XBT期货交易策略Sentiment-Based-XBT-Futures-Trading-Strategy.md,variant_or_duplicate,other_alpha,other-alpha-2026-08-31.md
Python版冰山委托-买入.md,variant_or_duplicate,other_alpha,other-alpha-2026-08-31.md
防跳空开仓策略Gap-Opening-Strategy.md,variant_or_duplicate,other_alpha,other-alpha-2026-08-31.md
斐波那契黄金分割回撤买入策略-Fibonacci-Golden-Ratio-Retracement-Buying-Strategy.md,variant_or_duplicate,other_alpha,other-alpha-2026-08-31.md
币安多产品趋势马丁与逆势马丁策略分享.md,variant_or_duplicate,other_alpha,other-alpha-2026-08-31.md
基于统计偏差的市场极端下跌策略-Statistical-Deviation-Based-Market-Extreme-Drawdown-Strategy.md,variant_or_duplicate,other_alpha,other-alpha-2026-08-31.md
Lbuy_Hsell-低买高卖.md,variant_or_duplicate,other_alpha,other-alpha-2026-08-31.md
麦语言海龟策略体验.md,variant_or_duplicate,other_alpha,other-alpha-2026-08-31.md
高频量化交易中的趋势匹配与退出优化策略-High-Frequency-Quantitative-Trading-Strategy-with-Trend-Matching-and-Exit-Optimization.md,variant_or_duplicate,other_alpha,other-alpha-2026-08-31.md
支撑阻力策略结合动态风险管理系统-Support-and-Resistance-Strategy-with-Dynamic-Risk-Management-System.md,variant_or_duplicate,other_alpha,other-alpha-2026-08-31.md
基于四重交叉策略Quadruple-Crossing-Strategy.md,variant_or_duplicate,other_alpha,other-alpha-2026-08-31.md
波动率趋势跟踪策略-Volatility-Trend-Following-Strategy.md,variant_or_duplicate,other_alpha,other-alpha-2026-08-31.md
当周季度差价画图插件.md,variant_or_duplicate,other_alpha,other-alpha-2026-08-31.md
动态K线方向策略Dynamic-Candle-Direction-Strategy.md,variant_or_duplicate,other_alpha,other-alpha-2026-08-31.md
binance部分交易封装示例.md,variant_or_duplicate,other_alpha,other-alpha-2026-08-31.md
抛物线SAR趋势跟踪策略-60Parabolic-SAR-Trend-Tracking-Strategy-60.md,variant_or_duplicate,other_alpha,other-alpha-2026-08-31.md
TradingView策略信号下单机器人-币安版.md,variant_or_duplicate,other_alpha,other-alpha-2026-08-31.md
基于SSL通道和波浪趋势的量化交易策略SSL-Channel-and-Wave-Trend-Quantitative-Trading-Strategy.md,variant_or_duplicate,other_alpha,other-alpha-2026-08-31.md
OKEX-V5止盈止损接口.md,variant_or_duplicate,other_alpha,other-alpha-2026-08-31.md
魔改韭菜收割机.md,variant_or_duplicate,other_alpha,other-alpha-2026-08-31.md
基于回调比例的趋势追踪策略Trend-Following-Strategy-Based-on-Retracement-Percentage.md,variant_or_duplicate,other_alpha,other-alpha-2026-08-31.md
皮特波浪交易系统策略Pete-Wave-Trading-System-Strategy.md,variant_or_duplicate,other_alpha,other-alpha-2026-08-31.md
单货币动态均衡V10_区班主.md,variant_or_duplicate,other_alpha,other-alpha-2026-08-31.md
Scalping-PullBack-Tool-R1.md,variant_or_duplicate,other_alpha,other-alpha-2026-08-31.md
Fibonacci-Progression-With-Breaks.md,variant_or_duplicate,other_alpha,other-alpha-2026-08-31.md
Get-cryptocurrency-current-and-max-supply获取币种供应量.md,variant_or_duplicate,other_alpha,other-alpha-2026-08-31.md
多维技术指标融合趋势突破策略-Multi-Dimensional-Technical-Indicator-Fusion-Trend-Breakthrough-Strategy.md,variant_or_duplicate,other_alpha,other-alpha-2026-08-31.md
五分钟三重确认趋势交易策略与风险管理系统-Five-Minute-Triple-Confirmation-Trend-Trading-Strategy-with-Risk-Management-System.md,variant_or_duplicate,other_alpha,other-alpha-2026-08-31.md
多因子量化交易策略Multi-factor-Quantitative-Trading-Strategy.md,variant_or_duplicate,other_alpha,other-alpha-2026-08-31.md
RedK-Dual-VADER-with-Energy-Bars.md,variant_or_duplicate,other_alpha,other-alpha-2026-08-31.md
欧玛与阿波罗双轨交易策略Oma-and-Apollo-Dual-Rail-Trading-Strategy.md,variant_or_duplicate,other_alpha,other-alpha-2026-08-31.md
定期追踪低谷均价策略Dollar-Cost-Averaging-After-Downtrend-Strategy.md,variant_or_duplicate,other_alpha,other-alpha-2026-08-31.md
基于乖离率指标优化的波动跟踪策略WaveTrend-and-DER-Based-Swing-Trading-Strategy.md,variant_or_duplicate,other_alpha,other-alpha-2026-08-31.md
Bitcoin-Scalper-30MIN.md,variant_or_duplicate,other_alpha,other-alpha-2026-08-31.md
最高最低价格止损策略Highest-High-Lowest-Low-Stop-Strategy.md,variant_or_duplicate,other_alpha,other-alpha-2026-08-31.md
动态波浪指标组合策略-Dynamic-Wave-Indicator-Combination-Strategy.md,variant_or_duplicate,other_alpha,other-alpha-2026-08-31.md
基于EVWMA指标的趋势跟踪策略EVWMA-Trend-Following-Strategy.md,variant_or_duplicate,other_alpha,other-alpha-2026-08-31.md
趋势捕捉策略-Trend-Catcher-Strategy.md,variant_or_duplicate,other_alpha,other-alpha-2026-08-31.md
基于经验模态分解的量化交易策略Empirical-Mode-Decomposition-Based-Quantitative-Trading-Strategy.md,variant_or_duplicate,other_alpha,other-alpha-2026-08-31.md
基于费雪转换的Ehlers交易策略Ehlers-Fisher-Transform-Trading-Strategy.md,variant_or_duplicate,other_alpha,other-alpha-2026-08-31.md
多线程批量任务.md,variant_or_duplicate,other_alpha,other-alpha-2026-08-31.md
多重指标趋势跟踪与止盈优化策略-Multi-Indicator-Trend-Following-Strategy-with-Profit-Optimization.md,variant_or_duplicate,other_alpha,other-alpha-2026-08-31.md
双轨道趋势捕捉融合策略Dual-track-Trend-Capturing-Fusion-Strategy.md,variant_or_duplicate,other_alpha,other-alpha-2026-08-31.md
量化追踪牛市策略Quant-Trend-Following-Strategy.md,variant_or_duplicate,other_alpha,other-alpha-2026-08-31.md
基于锚定滚动CVDVWAP的信号策略Anchored-Rolling-CVDVWAP-Signal-Strategy.md,variant_or_duplicate,other_alpha,other-alpha-2026-08-31.md
基于多重指标的量化交易策略Multi-Indicator-Quantitative-Trading-Strategy.md,variant_or_duplicate,other_alpha,other-alpha-2026-08-31.md
大趋势指标多头策略Major-Trend-Indicator-Long.md,variant_or_duplicate,other_alpha,other-alpha-2026-08-31.md
基于凯特纳通道的灵活多空交易策略-Flexible-Long-Short-Trading-Strategy-Based-on-Keltner-Channels.md,variant_or_duplicate,other_alpha,other-alpha-2026-08-31.md
趋势回调可调整风险动态进场策略-Trend-Retracement-Dynamic-Entry-Strategy-with-Adjustable-Risk-Management.md,variant_or_duplicate,other_alpha,other-alpha-2026-08-31.md
基于阿隆指标的量化策略Aroon-Indicator-Based-Quantitative-Strategy.md,variant_or_duplicate,other_alpha,other-alpha-2026-08-31.md
动态色彩阈值波动分析交易策略-Dynamic-Color-Threshold-Volatility-Analysis-Trading-Strategy.md,variant_or_duplicate,other_alpha,other-alpha-2026-08-31.md
双色K线追踪策略Dual-Color-K-line-Tracking-Strategy.md,variant_or_duplicate,other_alpha,other-alpha-2026-08-31.md
望远适应-CCI-底部捕捉商品交易策略Extended-Adaptive-CCI-Bottom-Fishing-Trading-Strategy-for-Commodities.md,variant_or_duplicate,other_alpha,other-alpha-2026-08-31.md
移动平均线结合的高效量化交易策略The-Efficient-Quant-Trading-Strategy-Combining.md,variant_or_duplicate,other_alpha,other-alpha-2026-08-31.md
双平台对冲js版本two-platforms-hedging-JS.md,variant_or_duplicate,other_alpha,other-alpha-2026-08-31.md
My语言仓位变化推送通知.md,variant_or_duplicate,other_alpha,other-alpha-2026-08-31.md
自适应趋势流动性多重过滤交易策略-Adaptive-Trend-Flow-Multiple-Filter-Trading-Strategy.md,variant_or_duplicate,other_alpha,other-alpha-2026-08-31.md
动态平衡策略-python-版.md,variant_or_duplicate,other_alpha,other-alpha-2026-08-31.md
python.md,variant_or_duplicate,other_alpha,other-alpha-2026-08-31.md
KST策略.md,variant_or_duplicate,other_alpha,other-alpha-2026-08-31.md
动态交易者指数策略Traders-Dynamic-Index-Strategy.md,variant_or_duplicate,other_alpha,other-alpha-2026-08-31.md
趋势跟踪震荡策略.md,variant_or_duplicate,other_alpha,other-alpha-2026-08-31.md
移植-OKCoin-韭菜收割机-多品种版-注释python版.md,variant_or_duplicate,other_alpha,other-alpha-2026-08-31.md
Multi-Indicator-Convergence-Trading-Strategy.md,variant_or_duplicate,other_alpha,other-alpha-2026-08-31.md
周末波动交易策略Weekend-Volatility-Trading-Strategy.md,variant_or_duplicate,other_alpha,other-alpha-2026-08-31.md
HIGH-LOW-SAR.md,variant_or_duplicate,other_alpha,other-alpha-2026-08-31.md
价格通道机器人白盒策略Price-Channel-Robot-White-Box-Strategy.md,variant_or_duplicate,other_alpha,other-alpha-2026-08-31.md
智能多维度自适应趋势交易系统-Intelligent-Multi-Dimensional-Adaptive-Trend-Trading-System.md,variant_or_duplicate,other_alpha,other-alpha-2026-08-31.md
多指标组合高频波段策略-Multi-Indicator-High-Frequency-Range-Trading-Strategy.md,variant_or_duplicate,other_alpha,other-alpha-2026-08-31.md
多时间框架判断趋势策略Multi-Timeframe-Trend-Strategy.md,variant_or_duplicate,other_alpha,other-alpha-2026-08-31.md
检查https-quantla-Argus-是否正常.md,variant_or_duplicate,other_alpha,other-alpha-2026-08-31.md
指数均衡策略-教学.md,variant_or_duplicate,other_alpha,other-alpha-2026-08-31.md
Trading-the-Equity-Curve-Position-Sizing-Example.md,variant_or_duplicate,other_alpha,other-alpha-2026-08-31.md
均线-趋势_数字货币策略V02.md,variant_or_duplicate,other_alpha,other-alpha-2026-08-31.md
Deribit-websocket-范例.md,variant_or_duplicate,other_alpha,other-alpha-2026-08-31.md
基于CCI指标的长线交易策略CCI-Long-Only-Strategy.md,variant_or_duplicate,other_alpha,other-alpha-2026-08-31.md
双时间轴神经网络策略Dual-Timeframe-Neural-Network-Strategy.md,variant_or_duplicate,other_alpha,other-alpha-2026-08-31.md
双均线交叉点位策略Open-Close-Cross-Point-Strategy.md,variant_or_duplicate,other_alpha,other-alpha-2026-08-31.md
动态均线交叉趋势跟踪策略Crypto-Bull-Run-Tracking-Strategy.md,variant_or_duplicate,other_alpha,other-alpha-2026-08-31.md
海因阿修与超级趋势策略Heiken-Ashi-and-Super-Trend-Strategy.md,variant_or_duplicate,other_alpha,other-alpha-2026-08-31.md
多因子量化交易策略Quantitative-Trading-Strategy-with-Multiple-Factors.md,variant_or_duplicate,other_alpha,other-alpha-2026-08-31.md
TMA-Overlay.md,variant_or_duplicate,other_alpha,other-alpha-2026-08-31.md
基于多时间框架趋势跟踪策略Multi-Timeframe-Strategy.md,variant_or_duplicate,other_alpha,other-alpha-2026-08-31.md
多时间框架比特币币安币和以太坊交易回撤策略-Multi-Timeframe-Bitcoin-Binance-Coin-and-Ethereum-Pullback-Trading-Strategy.md,variant_or_duplicate,other_alpha,other-alpha-2026-08-31.md
跨时间周期策略.md,variant_or_duplicate,other_alpha,other-alpha-2026-08-31.md
多重指标智能金字塔策略-Multi-Indicator-Intelligent-Pyramiding-Strategy.md,variant_or_duplicate,other_alpha,other-alpha-2026-08-31.md
RWI波动率反转策略RWI-Volatility-Contrarian-Strategy.md,variant_or_duplicate,other_alpha,other-alpha-2026-08-31.md
动态平衡-做市策略.md,variant_or_duplicate,other_alpha,other-alpha-2026-08-31.md
平滑海坚线买卖策略Heikin-Ashi-Smoothed-Buy-and-Sell-Strategy.md,variant_or_duplicate,other_alpha,other-alpha-2026-08-31.md
突破型公平价差策略Breakthrough-Fair-Value-Gap-Strategy.md,variant_or_duplicate,other_alpha,other-alpha-2026-08-31.md
狮子裂缝均衡策略Lion-Fissure-Balance-Strategy.md,variant_or_duplicate,other_alpha,other-alpha-2026-08-31.md
基于波动率的动态择时与仓位管理策略-Dynamic-Timing-and-Position-Management-Strategy-Based-on-Volatility.md,variant_or_duplicate,other_alpha,other-alpha-2026-08-31.md
双重动态指标优化策略-Dual-Dynamic-Indicator-Optimization-Strategy.md,variant_or_duplicate,other_alpha,other-alpha-2026-08-31.md
动态趋势跟踪策略-Dynamic-Trend-Following-Strategy.md,variant_or_duplicate,other_alpha,other-alpha-2026-08-31.md
多周期自适应走势预测策略Multi-cycle-Adaptive-Trend-Forecast-Strategy.md,variant_or_duplicate,other_alpha,other-alpha-2026-08-31.md
高频量化多周期热图狙击策略-High-Frequency-Quantitative-Multi-Timeframe-Heatmap-Sniper-Strategy.md,variant_or_duplicate,other_alpha,other-alpha-2026-08-31.md
OCC-Strategy-R51.md,variant_or_duplicate,other_alpha,other-alpha-2026-08-31.md
动态流动性级联捕捉策略-Dynamic-Liquidity-Cascade-Capture-Strategy.md,variant_or_duplicate,other_alpha,other-alpha-2026-08-31.md
基于金叉死叉交易策略Golden-Cross-Dead-Cross-Trading-Strategy.md,variant_or_duplicate,other_alpha,other-alpha-2026-08-31.md
智能时间周期多空轮动均衡交易策略-Intelligent-Time-Based-Long-Short-Rotation-Balanced-Trading-Strategy.md,variant_or_duplicate,other_alpha,other-alpha-2026-08-31.md
基于小时级别波动的交易策略Hourly-Fluctuation-Trading-Strategy.md,variant_or_duplicate,other_alpha,other-alpha-2026-08-31.md
动态波动趋势捕捉策略-Dynamic-Oscillation-Trend-Capture-Strategy.md,variant_or_duplicate,other_alpha,other-alpha-2026-08-31.md
三重确认趋势追踪策略Triple-Confirmation-Trend-Tracking-Strategy.md,variant_or_duplicate,other_alpha,other-alpha-2026-08-31.md
动态趋势追踪策略-Dynamic-Trend-Following-Strategy.md,variant_or_duplicate,other_alpha,other-alpha-2026-08-31.md
TradingView信号执行策略2教学-Copy.md,variant_or_duplicate,other_alpha,other-alpha-2026-08-31.md
黄金交叉凯尔特通道趋势跟踪策略Golden-Cross-Keltner-Channel-Trend-Following-Strategy.md,variant_or_duplicate,other_alpha,other-alpha-2026-08-31.md
基于多因子智能交易策略Multi-factor-Intelligent-Trading-Strategy.md,variant_or_duplicate,other_alpha,other-alpha-2026-08-31.md
基于开盘价通道趋势策略Channel-Trend-Strategy.md,variant_or_duplicate,other_alpha,other-alpha-2026-08-31.md
MA-HYBRID-BY-RAJ.md,variant_or_duplicate,other_alpha,other-alpha-2026-08-31.md
TypeScript-演示.md,variant_or_duplicate,other_alpha,other-alpha-2026-08-31.md
基于MOST和KAMA的趋势跟踪策略Trend-Riding-Strategy-Based-on-MOST-and-KAMA.md,variant_or_duplicate,other_alpha,other-alpha-2026-08-31.md
双向震荡突破策略Monthly-Returns-Strategy-with-Benchmark.md,variant_or_duplicate,other_alpha,other-alpha-2026-08-31.md
布林均线突破_vnpy_botvs实现版.md,variant_or_duplicate,other_alpha,other-alpha-2026-08-31.md
抛物线SAR指标背离交易策略-Parabolic-SAR-Divergence-Trading-Strategy.md,variant_or_duplicate,other_alpha,other-alpha-2026-08-31.md
基于多重指标的趋势追踪策略Multi-Indicator-Trend-Tracking-Strategy.md,variant_or_duplicate,other_alpha,other-alpha-2026-08-31.md
多策略整合量化交易系统Integrated-Multi-Strategy-Quantitative-Trading-System.md,variant_or_duplicate,other_alpha,other-alpha-2026-08-31.md
入门模板之各个平台余额.md,variant_or_duplicate,other_alpha,other-alpha-2026-08-31.md
基于多指标的数字货币量化策略Multi-Indicator-Quantitative-Strategy-for-Cryptocurrencies.md,variant_or_duplicate,other_alpha,other-alpha-2026-08-31.md
基于多时间周期赫斯特指数与斐波那契回撤的动态趋势交易策略Multi-Timeframe-Hurst-Exponent-and-Fibonacci-Retracement-Dynamic-Trend-Trading-Strategy.md,variant_or_duplicate,other_alpha,other-alpha-2026-08-31.md
BTC-LTC-地址监视-短信通知.md,variant_or_duplicate,other_alpha,other-alpha-2026-08-31.md
多重通道动态支撑阻力肯尼通道策略-Multi-Channel-Dynamic-Support-Resistance-Keltner-Channel-Strategy.md,variant_or_duplicate,other_alpha,other-alpha-2026-08-31.md
跟踪线策略Follow-Line-Strategy.md,variant_or_duplicate,other_alpha,other-alpha-2026-08-31.md
动态头寸规模短线外汇交易策略Dynamic-Position-Sizing-Short-Term-Forex-Trading-Strategy.md,variant_or_duplicate,other_alpha,other-alpha-2026-08-31.md
自定义信号振荡器策略-CSO-Custom-Signal-Oscillator-Strategy-CSO.md,variant_or_duplicate,other_alpha,other-alpha-2026-08-31.md
经典双重趋势追踪策略Classic-Dual-Trend-Tracking-Strategy.md,variant_or_duplicate,other_alpha,other-alpha-2026-08-31.md
网格合约.md,variant_or_duplicate,other_alpha,other-alpha-2026-08-31.md
分享模板引用错误追踪.md,variant_or_duplicate,other_alpha,other-alpha-2026-08-31.md
基于支点黄金分割线的高买低卖策略Pivot-Point-Golden-Ratio-Buy-High-Sell-Low-Strategy.md,variant_or_duplicate,other_alpha,other-alpha-2026-08-31.md
设定比特币价格并微信推送-100取整突破推送.md,variant_or_duplicate,other_alpha,other-alpha-2026-08-31.md
基于斐波那契回撤的自适应趋势跟踪策略-Adaptive-Trend-Following-Strategy-Based-on-Fibonacci-Retracement.md,variant_or_duplicate,other_alpha,other-alpha-2026-08-31.md
简单低买高卖策略Simple-Buy-Low-Sell-High-Strategy.md,variant_or_duplicate,other_alpha,other-alpha-2026-08-31.md
动态滤波器量化交易策略Dynamic-Filter-Quant-Trading-Strategy.md,variant_or_duplicate,other_alpha,other-alpha-2026-08-31.md
buy-hold-买入持有.md,variant_or_duplicate,other_alpha,other-alpha-2026-08-31.md
DMI-测试范例.md,variant_or_duplicate,other_alpha,other-alpha-2026-08-31.md
Buy-Sell-Strat.md,variant_or_duplicate,other_alpha,other-alpha-2026-08-31.md
Paul-The-Gambler-Lévy-Gold-Edition.md,variant_or_duplicate,other_alpha,other-alpha-2026-08-31.md
基于动态成本平均与流动性波动的机构级做市商跟踪策略-Institutional-Market-Maker-Tracking-Strategy-with-Dynamic-Cost-Averaging-and-Liquidity-Flow-Analysis.md,variant_or_duplicate,other_alpha,other-alpha-2026-08-31.md
每日市价定投.md,variant_or_duplicate,other_alpha,other-alpha-2026-08-31.md
talib简单应用之查找三只乌鸦.md,variant_or_duplicate,other_alpha,other-alpha-2026-08-31.md
震荡波动优异指标交易策略Bill-Williams-Awesome-Oscillator-Trading-Strategy.md,variant_or_duplicate,other_alpha,other-alpha-2026-08-31.md
多策略自适应市场条件交易系统-Multi-Strategy-Adaptive-Market-Condition-Trading-System.md,variant_or_duplicate,other_alpha,other-alpha-2026-08-31.md
突破回调开仓策略Breakthrough-Callback-Long-Strategy.md,variant_or_duplicate,other_alpha,other-alpha-2026-08-31.md
现货预定价格循环买卖.md,variant_or_duplicate,other_alpha,other-alpha-2026-08-31.md
监视并显示多个平台的全部资产总和的变化.md,variant_or_duplicate,other_alpha,other-alpha-2026-08-31.md
平均最高最低波动交易策略Average-Highest-High-and-Lowest-Low-Swinger-Strategy.md,variant_or_duplicate,other_alpha,other-alpha-2026-08-31.md
合约对冲_下单多线程版本.md,variant_or_duplicate,other_alpha,other-alpha-2026-08-31.md
币安交易终端资金划转小工具.md,variant_or_duplicate,other_alpha,other-alpha-2026-08-31.md
基于-SAR-的趋势追踪型量化策略Speculation-Gulf-Trend-Follow-Strategy-Based-on-SAR.md,variant_or_duplicate,other_alpha,other-alpha-2026-08-31.md
HA-Market-Bias.md,variant_or_duplicate,other_alpha,other-alpha-2026-08-31.md
Trading-Strategy-Following-Dual-Timeframe-Trends.md,variant_or_duplicate,other_alpha,other-alpha-2026-08-31.md
Darvas-Box-Buy-Sell.md,variant_or_duplicate,other_alpha,other-alpha-2026-08-31.md
python利用asyncio-http获取行情数据示范.md,variant_or_duplicate,other_alpha,other-alpha-2026-08-31.md
EtHEriOOOm-30MIN.md,variant_or_duplicate,other_alpha,other-alpha-2026-08-31.md
多指标融合交易策略Multi-indicator-Composite-Trading-Strategy.md,variant_or_duplicate,other_alpha,other-alpha-2026-08-31.md
BTCUSDT量化交易执行体.md,variant_or_duplicate,other_alpha,other-alpha-2026-08-31.md
测试现货买卖操作分限价市价两种情况.md,variant_or_duplicate,other_alpha,other-alpha-2026-08-31.md
测试多图表展示.md,variant_or_duplicate,other_alpha,other-alpha-2026-08-31.md
OKX划转资金.md,variant_or_duplicate,other_alpha,other-alpha-2026-08-31.md
现货移动止盈策略.md,variant_or_duplicate,other_alpha,other-alpha-2026-08-31.md
HTF-锯齿形路径策略HTF-Zigzag-Path-Strategy.md,variant_or_duplicate,other_alpha,other-alpha-2026-08-31.md
双向压力量化交易策略Dual-Pressure-Quantitative-Trading-Strategy.md,variant_or_duplicate,other_alpha,other-alpha-2026-08-31.md
多核心回归动态反应器趋势跟踪策略-Multi-Kernel-Regression-Dynamic-Reactor-Trend-Following-Strategy.md,variant_or_duplicate,other_alpha,other-alpha-2026-08-31.md
冰山委托-卖出.md,variant_or_duplicate,other_alpha,other-alpha-2026-08-31.md
Peak-detector.md,variant_or_duplicate,other_alpha,other-alpha-2026-08-31.md
基础网格交易策略.md,variant_or_duplicate,other_alpha,other-alpha-2026-08-31.md
OKX部分交易封装示例.md,variant_or_duplicate,other_alpha,other-alpha-2026-08-31.md
过渡区间策略Transient-Zones-Strategy.md,variant_or_duplicate,other_alpha,other-alpha-2026-08-31.md
优化自适应智能多因子Hull渔人策略Hull-Fisher-Adaptive-Intelligent-Multi-factor-Strategy.md,variant_or_duplicate,other_alpha,other-alpha-2026-08-31.md
多指标融合波动率捕捉型自适应趋势跟踪策略-Multi-Indicator-Fusion-Volatility-Capture-Adaptive-Trend-Following-Strategy.md,variant_or_duplicate,other_alpha,other-alpha-2026-08-31.md
多空寻趋势双重激光策略Dual-Laser-Trend-seeking-Strategy.md,variant_or_duplicate,other_alpha,other-alpha-2026-08-31.md
Moon-Launch-Alerts-Template-Indicator.md,variant_or_duplicate,other_alpha,other-alpha-2026-08-31.md
突破回补价格策略Break-even-Price-Strategy.md,variant_or_duplicate,other_alpha,other-alpha-2026-08-31.md
HUSD-USD稳定币套利.md,variant_or_duplicate,other_alpha,other-alpha-2026-08-31.md
基于renko股票日内低点回撤的stock日内交易策略Intraday-Trading-Strategy-for-Stocks-Based-on-Renko-Low-Point-Retracement.md,variant_or_duplicate,other_alpha,other-alpha-2026-08-31.md
转换任意K线周期管理模板最近更新20180627.md,variant_or_duplicate,other_alpha,other-alpha-2026-08-31.md
基于格林美分析指标的短期跟踪策略Short-term-Trend-Tracking-Strategy-Based-on-Gann-Me-Analysis-Indicator.md,variant_or_duplicate,other_alpha,other-alpha-2026-08-31.md
基于SSL通道指标的趋势跟踪策略No-Nonsense-SSL-Channel-Trading-Strategy.md,variant_or_duplicate,other_alpha,other-alpha-2026-08-31.md
趋势追踪买卖策略Trend-Following-Buy-and-Sell-Strategy.md,variant_or_duplicate,other_alpha,other-alpha-2026-08-31.md
短信通知接口测试.md,variant_or_duplicate,other_alpha,other-alpha-2026-08-31.md
绝对价格振荡器趋势跟踪策略Absolute-Price-Oscillator-Trend-Following-Strategy.md,variant_or_duplicate,other_alpha,other-alpha-2026-08-31.md
KST指标获利策略KST-Indicator-Profit-Strategy.md,variant_or_duplicate,other_alpha,other-alpha-2026-08-31.md
多重技术指标协同交易策略系统-Multi-Technical-Indicator-Synergistic-Trading-System.md,variant_or_duplicate,other_alpha,other-alpha-2026-08-31.md
多时间轴趋势跟踪策略Multi-Timeframe-Trend-Following-Strategy.md,variant_or_duplicate,other_alpha,other-alpha-2026-08-31.md
基于价格发散的趋势交易策略Price-Divergence-Based-Trend-Trading-Strategy.md,variant_or_duplicate,other_alpha,other-alpha-2026-08-31.md
基于信号平滑的埃尔斯循环策略Signal-Smoothing-Ehlers-Cyber-Cycle-Strategy.md,variant_or_duplicate,other_alpha,other-alpha-2026-08-31.md
跟踪长期趋势的简单拉回策略Simple-Pullback-Strategy-Tracking-Long-Term-Trends.md,variant_or_duplicate,other_alpha,other-alpha-2026-08-31.md
okex币币最小交易量.md,variant_or_duplicate,other_alpha,other-alpha-2026-08-31.md
基于多重支撑阻力的趋势追踪策略Trend-Following-Strategy-Based-on-Dynamic-Support-and-Resistance.md,variant_or_duplicate,other_alpha,other-alpha-2026-08-31.md
订单同步管理系统Synchronous-Server.md,variant_or_duplicate,other_alpha,other-alpha-2026-08-31.md
30分钟震荡交易策略30-Minute-Swing-Trading-Strategy.md,variant_or_duplicate,other_alpha,other-alpha-2026-08-31.md
双因子循环交易策略Dual-factor-Cycle-Trading-Strategy.md,variant_or_duplicate,other_alpha,other-alpha-2026-08-31.md
common.md,variant_or_duplicate,other_alpha,other-alpha-2026-08-31.md
买入低点-MA200优化策略Buying-Dips-MA200-Optimized-Strategy.md,variant_or_duplicate,other_alpha,other-alpha-2026-08-31.md
画线机器人一年翻倍回撤1完美曲线.md,variant_or_duplicate,other_alpha,other-alpha-2026-08-31.md
多周期趋势确认动态风控量化交易策略-Multi-Period-Trend-Confirmation-Dynamic-Risk-Control-Quantitative-Trading-Strategy.md,variant_or_duplicate,other_alpha,other-alpha-2026-08-31.md
黄金交叉死叉策略Golden-Cross-Death-Cross-Strategy.md,variant_or_duplicate,other_alpha,other-alpha-2026-08-31.md
技术支撑阻力指示器精准交易策略-Technical-Support-and-Resistance-Indicator-Precision-Trading-Strategy.md,variant_or_duplicate,other_alpha,other-alpha-2026-08-31.md
定期定额投资策略Dollar-Cost-Averaging-Investment-Strategy.md,variant_or_duplicate,other_alpha,other-alpha-2026-08-31.md
Rolling-Heikin-Ashi-Candles.md,variant_or_duplicate,other_alpha,other-alpha-2026-08-31.md
随机数马丁格尔策略.md,variant_or_duplicate,other_alpha,other-alpha-2026-08-31.md
金叉死叉动态止损策略Trend-Following-Strategy-with-Dynamic-Stops.md,variant_or_duplicate,other_alpha,other-alpha-2026-08-31.md
动态多指标趋势跟踪日内交易策略-Dynamic-Multi-Indicator-Intraday-Trend-Following-Strategy.md,variant_or_duplicate,other_alpha,other-alpha-2026-08-31.md
Rainbow-Oscillator.md,variant_or_duplicate,other_alpha,other-alpha-2026-08-31.md
币安取消所有交易对未完成订单IO扩展示范Cancel-ALL-Binance-Orders.md,variant_or_duplicate,other_alpha,other-alpha-2026-08-31.md
指标验证自动交易策略Indicator-Verification-Automated-Trading-Strategy.md,variant_or_duplicate,other_alpha,other-alpha-2026-08-31.md
方向趋势指数交易策略Directional-Trend-Index-Trading-Strategy.md,variant_or_duplicate,other_alpha,other-alpha-2026-08-31.md
单独计算收益代码来自zero.md,variant_or_duplicate,other_alpha,other-alpha-2026-08-31.md
吕神-简易波动率策略.md,variant_or_duplicate,other_alpha,other-alpha-2026-08-31.md
Broken-Fractal-Someones-broken-dream-is-your-profit.md,variant_or_duplicate,other_alpha,other-alpha-2026-08-31.md
多时间框架震荡通道趋势追踪策略Multi-Timeframe-Oscillation-Channel-Trend-Tracking-Strategy.md,variant_or_duplicate,other_alpha,other-alpha-2026-08-31.md
基于压缩指标的多时间框架交易策略Multi-Timeframe-Trend-Trading-Strategy-Based-on-Compressed-Indicators.md,variant_or_duplicate,other_alpha,other-alpha-2026-08-31.md
基于VWAP的趋势跟随策略VWAP-Trend-Following-Strategy.md,variant_or_duplicate,other_alpha,other-alpha-2026-08-31.md
BSC-Transaction.md,variant_or_duplicate,other_alpha,other-alpha-2026-08-31.md
基于会话VWMA的日内合成期权策略多空信号自适应交易系统-Session-VWMA-Based-Intraday-Synthetic-Options-Strategy-Adaptive-Trading-System-with-Long-Short-Signals.md,variant_or_duplicate,other_alpha,other-alpha-2026-08-31.md
Bybit-算法接针-VWAP-BTC.md,variant_or_duplicate,other_alpha,other-alpha-2026-08-31.md
Dual-Thrust-Trading-Algorithm-ps4.md,variant_or_duplicate,other_alpha,other-alpha-2026-08-31.md
动态风险调整杠杆交易系统Dynamic-Risk-Adjusted-Leverage-Trading-System.md,variant_or_duplicate,other_alpha,other-alpha-2026-08-31.md
SuperHunter-智能学习-多账户合并展示版.md,variant_or_duplicate,other_alpha,other-alpha-2026-08-31.md
双重指标混合型量化交易策略Dual-Indicator-Hybrid-Quantitative-Trading-Strategy.md,variant_or_duplicate,other_alpha,other-alpha-2026-08-31.md
一种基于带通滤波反转策略Bandpass-Filter-Reversed-Strategy.md,variant_or_duplicate,other_alpha,other-alpha-2026-08-31.md
Dual-Thrust-OKCoin-期货.md,variant_or_duplicate,other_alpha,other-alpha-2026-08-31.md
QQE-signals.md,variant_or_duplicate,other_alpha,other-alpha-2026-08-31.md
周末交易策略Weekend-Trading-Strategy.md,variant_or_duplicate,other_alpha,other-alpha-2026-08-31.md
基于资金曲线的仓位管理策略Dynamic-Position-Sizing-Strategy-Based-on-Equity-Curve.md,variant_or_duplicate,other_alpha,other-alpha-2026-08-31.md
均线和高低点相对强弱策略Relative-Strength-Strategy-Based-on-Price.md,variant_or_duplicate,other_alpha,other-alpha-2026-08-31.md
Midas-Mk-II-Ultimate-Crypto-Swing.md,variant_or_duplicate,other_alpha,other-alpha-2026-08-31.md
多时框趋势跟踪与订单区块结合的量化交易策略-Multi-Timeframe-Trend-Following-and-Order-Block-Quantitative-Trading-Strategy.md,variant_or_duplicate,other_alpha,other-alpha-2026-08-31.md
SWING-TRADE-SIGNALS.md,variant_or_duplicate,other_alpha,other-alpha-2026-08-31.md
基于价格动作原理的趋势检测策略Trend-Detection-Strategy-Based-on-Price-Action-Principles.md,variant_or_duplicate,other_alpha,other-alpha-2026-08-31.md
双指数平滑趋势跟踪交易系统-Dual-Exponential-Smoothing-Trend-Following-Trading-System.md,variant_or_duplicate,other_alpha,other-alpha-2026-08-31.md
binance_util.md,variant_or_duplicate,other_alpha,other-alpha-2026-08-31.md
Python-KLineChart.md,variant_or_duplicate,other_alpha,other-alpha-2026-08-31.md
震荡突破策略.md,variant_or_duplicate,other_alpha,other-alpha-2026-08-31.md
动态上升ADX趋势跟踪策略Dynamic-Rising-ADX-Trend-Following-Strategy.md,variant_or_duplicate,other_alpha,other-alpha-2026-08-31.md
抛硬币策略.md,variant_or_duplicate,other_alpha,other-alpha-2026-08-31.md
单平台均衡策略.md,variant_or_duplicate,other_alpha,other-alpha-2026-08-31.md
数字货币期货双均线拐点策略教学.md,variant_or_duplicate,other_alpha,other-alpha-2026-08-31.md
Williams-R-Smoothed.md,variant_or_duplicate,other_alpha,other-alpha-2026-08-31.md
多指标动态自适应量化交易策略-Multi-Indicator-Dynamic-Adaptive-Quantitative-Trading-Strategy.md,variant_or_duplicate,other_alpha,other-alpha-2026-08-31.md
基于05赫氏变化的短周期交易策略Heikin-Ashi-05-Change-Short-Period-Trading-Strategy.md,variant_or_duplicate,other_alpha,other-alpha-2026-08-31.md
WebSocket-加速驱动WebSocket-Acceleration-Driver.md,variant_or_duplicate,other_alpha,other-alpha-2026-08-31.md
基于价格行动的黄金交易算法Gold-Price-Action-Trading-Algorithm.md,variant_or_duplicate,other_alpha,other-alpha-2026-08-31.md
NTPClient-UDP-Exchange-Server-delay.md,variant_or_duplicate,other_alpha,other-alpha-2026-08-31.md
统计收益-复制.md,variant_or_duplicate,other_alpha,other-alpha-2026-08-31.md
Inverted-Hammer-Extended-Options.md,variant_or_duplicate,other_alpha,other-alpha-2026-08-31.md
Python版单平台均衡策略教学.md,variant_or_duplicate,other_alpha,other-alpha-2026-08-31.md
币安出售所有山寨币.md,variant_or_duplicate,other_alpha,other-alpha-2026-08-31.md
牛市追踪策略Bull-Market-Chasing-Strategy.md,variant_or_duplicate,other_alpha,other-alpha-2026-08-31.md
跨时间轴双向突破系统Cross-Period-Breakthrough-System.md,variant_or_duplicate,other_alpha,other-alpha-2026-08-31.md
破冰者.md,variant_or_duplicate,other_alpha,other-alpha-2026-08-31.md
自适应趋势跟踪策略结合动态回撤控制系统-Adaptive-Trend-Following-Strategy-with-Dynamic-Drawdown-Control-System.md,variant_or_duplicate,other_alpha,other-alpha-2026-08-31.md
周一买入周三止盈策略Buy-Monday-Sell-Wednesday-Trading-Strategy.md,variant_or_duplicate,other_alpha,other-alpha-2026-08-31.md
多指标综合订单流交易自动化均衡策略系统-Multi-Indicator-Integrated-Order-Flow-Trading-Automation-Equilibrium-Strategy-System.md,variant_or_duplicate,other_alpha,other-alpha-2026-08-31.md
网格变形策略之单边网格.md,variant_or_duplicate,other_alpha,other-alpha-2026-08-31.md
震荡指数变换策略Oscillator-Index-Transformation-Strategy.md,variant_or_duplicate,other_alpha,other-alpha-2026-08-31.md
多指标协同短线趋势跟踪策略-Multi-Indicator-Synergistic-Short-Term-Trend-Following-Strategy.md,variant_or_duplicate,other_alpha,other-alpha-2026-08-31.md
自动化斐波那契回撤交易系统策略-Automated-Fibonacci-Retracement-Trading-System-Strategy.md,variant_or_duplicate,other_alpha,other-alpha-2026-08-31.md
双指标量化策略Dual-Indicator-Quantitative-Strategy.md,variant_or_duplicate,other_alpha,other-alpha-2026-08-31.md
基于Coppock曲线的量化交易策略Coppock-Curve-Based-Quantitative-Trading-Strategy.md,variant_or_duplicate,other_alpha,other-alpha-2026-08-31.md
Bad-guy-strategy.md,variant_or_duplicate,other_alpha,other-alpha-2026-08-31.md
白盒冰山策略Robot-White-Box-Iceberg-Strategy.md,variant_or_duplicate,other_alpha,other-alpha-2026-08-31.md
基于标准化对数收益的自适应动态交易策略Adaptive-Dynamic-Trading-Strategy-Based-on-Standardized-Logarithmic-Returns.md,variant_or_duplicate,other_alpha,other-alpha-2026-08-31.md
超跌超涨超牛版.md,variant_or_duplicate,other_alpha,other-alpha-2026-08-31.md
多平台对冲稳定套利.md,variant_or_duplicate,other_alpha,other-alpha-2026-08-31.md
多指标技术面量化交易策略Multi-indicator-Quant-Trading-Strategy.md,variant_or_duplicate,other_alpha,other-alpha-2026-08-31.md
测试多图表展示Python版.md,variant_or_duplicate,other_alpha,other-alpha-2026-08-31.md
基于Fibonacci水平的日内高低价突破Breakthrough-of-Daily-High-low-Price-Based-on-Fibonacci-Levels.md,variant_or_duplicate,other_alpha,other-alpha-2026-08-31.md
双重确认突破策略Double-Confirmation-Breakthrough-Strategy.md,variant_or_duplicate,other_alpha,other-alpha-2026-08-31.md
基于Z距离的VWAP策略ZVWAP-Strategy-Based-on-Z-Distance-from-VWAP.md,variant_or_duplicate,other_alpha,other-alpha-2026-08-31.md
SPARK动态仓位与双重指标交易策略-SPARK-Dynamic-Position-Sizing-and-Dual-Indicator-Trading-Strategy.md,variant_or_duplicate,other_alpha,other-alpha-2026-08-31.md
多指标动态趋势判断与风险管理交易策略-Multi-Indicator-Dynamic-Trend-Detection-and-Risk-Management-Trading-Strategy.md,variant_or_duplicate,other_alpha,other-alpha-2026-08-31.md
基于熊力量指标的量化交易策略Bear-Power-Strategy.md,variant_or_duplicate,other_alpha,other-alpha-2026-08-31.md
币安永续多币种对冲策略原版做多超跌做空超涨4月13日最新止损模块.md,variant_or_duplicate,other_alpha,other-alpha-2026-08-31.md
双重趋势追踪策略Combo-Trend-Tracking-Strategy.md,variant_or_duplicate,other_alpha,other-alpha-2026-08-31.md
趋势跟踪短线交易策略Trend-Following-Short-term-Trading-Strategy.md,variant_or_duplicate,other_alpha,other-alpha-2026-08-31.md
停顿回转策略Turnaround-After-Consolidation-Strategy.md,variant_or_duplicate,other_alpha,other-alpha-2026-08-31.md
OKEX-V5获取所有未成交订单.md,variant_or_duplicate,other_alpha,other-alpha-2026-08-31.md
现货单币种平衡策略.md,variant_or_duplicate,other_alpha,other-alpha-2026-08-31.md
Trading-ABC.md,variant_or_duplicate,other_alpha,other-alpha-2026-08-31.md
封装Bithumb的ordersDetail接口.md,variant_or_duplicate,other_alpha,other-alpha-2026-08-31.md
钉钉群机器人推送超长信息必备.md,variant_or_duplicate,other_alpha,other-alpha-2026-08-31.md
金森一分钟震荡策略Gem-Forest-One-Minute-Scalping-Strategy.md,variant_or_duplicate,other_alpha,other-alpha-2026-08-31.md
斐波那契回撤与延展多重指标量化交易策略-Fibonacci-Retracement-and-Extension-Multi-Indicator-Quantitative-Trading-Strategy.md,variant_or_duplicate,other_alpha,other-alpha-2026-08-31.md
复合趋势跟踪策略Compound-Trend-Following-Strategy.md,variant_or_duplicate,other_alpha,other-alpha-2026-08-31.md
增强趋势多重信号动态交易策略-Enhanced-Trend-Multi-Signal-Dynamic-Trading-Strategy.md,variant_or_duplicate,other_alpha,other-alpha-2026-08-31.md
多周期波动跟踪量化策略-Multi-Timeframe-Volatility-Tracking-Quantitative-Strategy.md,variant_or_duplicate,other_alpha,other-alpha-2026-08-31.md
麦语言网格策略.md,variant_or_duplicate,other_alpha,other-alpha-2026-08-31.md
自适应范围波动率趋势跟踪交易策略-Adaptive-Range-Volatility-Trend-Following-Trading-Strategy.md,variant_or_duplicate,other_alpha,other-alpha-2026-08-31.md
高频跨期套利策略.md,variant_or_duplicate,other_alpha,other-alpha-2026-08-31.md
单点狙击高频加仓自动反手解套算法-V12.md,variant_or_duplicate,other_alpha,other-alpha-2026-08-31.md
基于平滑震荡指标的趋势追踪策略Smoothed-Heikin-Ashi-Trend-Following-Strategy.md,variant_or_duplicate,other_alpha,other-alpha-2026-08-31.md
基于PMax指标的趋势跟踪策略Trend-Following-Strategy-Based-on-PMax-Indicator.md,variant_or_duplicate,other_alpha,other-alpha-2026-08-31.md
跨平台套利新手测试.md,variant_or_duplicate,other_alpha,other-alpha-2026-08-31.md
Final-Formula-by-TraderShaman.md,variant_or_duplicate,other_alpha,other-alpha-2026-08-31.md
移植-OKCoin-韭菜收割机-注释.md,variant_or_duplicate,other_alpha,other-alpha-2026-08-31.md
OKEX-V5-K线数据分页查询例子.md,variant_or_duplicate,other_alpha,other-alpha-2026-08-31.md
多时间框架趋势跟踪策略Swing-High-Low-Price-Channel-Strategy-V1.md,variant_or_duplicate,other_alpha,other-alpha-2026-08-31.md
基于月相计算的比特币交易策略Lunar-Phase-Based-Bitcoin-Trading-Strategy.md,variant_or_duplicate,other_alpha,other-alpha-2026-08-31.md
自适应VWAP波段基于Garman-Klass波动率动态跟踪策略-Adaptive-VWAP-Bands-with-Garman-Klass-Volatility-Dynamic-Tracking-Strategy.md,variant_or_duplicate,other_alpha,other-alpha-2026-08-31.md
T7-JNSAR量化交易策略T7-JNSAR-Quantitative-Trading-Strategy.md,variant_or_duplicate,other_alpha,other-alpha-2026-08-31.md
简单网格测试.md,variant_or_duplicate,other_alpha,other-alpha-2026-08-31.md
多指标综合型动态交易策略-Multi-Indicator-Dynamic-Trading-Strategy.md,variant_or_duplicate,other_alpha,other-alpha-2026-08-31.md
确认发散策略Confirmed-Divergence-Strategy.md,variant_or_duplicate,other_alpha,other-alpha-2026-08-31.md
魔改布林带策略止盈和马丁格尔倍投.md,variant_or_duplicate,other_alpha,other-alpha-2026-08-31.md
Exit-from-specific-entries.md,variant_or_duplicate,other_alpha,other-alpha-2026-08-31.md
搏浪者策略Surf-Rider-Strategy.md,variant_or_duplicate,other_alpha,other-alpha-2026-08-31.md
金叉死叉趋势追踪策略Golden-Dead-Cross-Trend-Tracking-Strategy.md,variant_or_duplicate,other_alpha,other-alpha-2026-08-31.md
网格变形策略之单边网格-OK期货.md,variant_or_duplicate,other_alpha,other-alpha-2026-08-31.md
画线类库Plot-library.md,variant_or_duplicate,other_alpha,other-alpha-2026-08-31.md
CDC动作区域策略CDC-Action-Zone-Strategy.md,variant_or_duplicate,other_alpha,other-alpha-2026-08-31.md
合约下单.md,variant_or_duplicate,other_alpha,other-alpha-2026-08-31.md
coingecko_crawler.md,variant_or_duplicate,other_alpha,other-alpha-2026-08-31.md
Python简单测试策略.md,variant_or_duplicate,other_alpha,other-alpha-2026-08-31.md
高级量化趋势捕捉策略结合动态范围过滤器-Advanced-Quantitative-Trend-Capture-Strategy-with-Dynamic-Range-Filter.md,variant_or_duplicate,other_alpha,other-alpha-2026-08-31.md
一个利用多种技术指标进行量化交易的策略Multiple-Indicator-Quantitative-Trading-Strategy.md,variant_or_duplicate,other_alpha,other-alpha-2026-08-31.md
基于双重趋势过滤器的量化交易策略Quantitative-Trading-Strategy-Based-on-Double-Trend-Filter.md,variant_or_duplicate,other_alpha,other-alpha-2026-08-31.md
价值0418.md,variant_or_duplicate,other_alpha,other-alpha-2026-08-31.md
神经网络超级趋势策略Neural-Network-Super-Trend-Strategy.md,variant_or_duplicate,other_alpha,other-alpha-2026-08-31.md
OK确认无法提币交易对.md,variant_or_duplicate,other_alpha,other-alpha-2026-08-31.md
tv高低点策略.md,variant_or_duplicate,other_alpha,other-alpha-2026-08-31.md
WR-突破马丁.md,variant_or_duplicate,other_alpha,other-alpha-2026-08-31.md
多因子动态资金管理策略Multifactor-Dynamic-Money-Management-Strategy.md,variant_or_duplicate,other_alpha,other-alpha-2026-08-31.md
OKEX期现对冲.md,variant_or_duplicate,other_alpha,other-alpha-2026-08-31.md
比特币多因子交易策略Bitcoin-Multi-factor-Trading-Strategy.md,variant_or_duplicate,other_alpha,other-alpha-2026-08-31.md
结合多重指标的比特币日内交易策略Johns-Bitcoin-Intraday-Trading-Strategy-Based-on-Multiple-Indicators.md,variant_or_duplicate,other_alpha,other-alpha-2026-08-31.md
SAR交替时间框架交易策略SAR-Alternating-Timeframe-Trading-Strategy.md,variant_or_duplicate,other_alpha,other-alpha-2026-08-31.md
多指标组合趋势跟踪策略-Multi-Indicator-Composite-Trend-Following-Strategy.md,variant_or_duplicate,other_alpha,other-alpha-2026-08-31.md
基于多时间框架的量化波段交易策略Bitcoin-Quantitative-Band-Trading-Strategy-Based-on-Multiple-Timeframes.md,variant_or_duplicate,other_alpha,other-alpha-2026-08-31.md
吊灯出场策略Chandelier-Exit-Strategy.md,variant_or_duplicate,other_alpha,other-alpha-2026-08-31.md
PPO多空分歧交易策略PPO-Bull-Bear-Divergence-Trading-Strategy.md,variant_or_duplicate,other_alpha,other-alpha-2026-08-31.md
创富综合策略Wealth-Creation-Composite-Strategy.md,variant_or_duplicate,other_alpha,other-alpha-2026-08-31.md
基于双重过滤的高频量化交易策略Double-Filtering-High-Frequency-Quantitative-Trading-Strategy.md,variant_or_duplicate,other_alpha,other-alpha-2026-08-31.md
趋势跟踪四元素策略Trend-Tracking-Four-Elements-Strategy.md,variant_or_duplicate,other_alpha,other-alpha-2026-08-31.md
平台价格比较10.md,variant_or_duplicate,other_alpha,other-alpha-2026-08-31.md
websocket-版OKEX跨期对冲策略教学.md,variant_or_duplicate,other_alpha,other-alpha-2026-08-31.md
定投策略.md,variant_or_duplicate,other_alpha,other-alpha-2026-08-31.md
多指标BTC交易策略-Multi-indicator-BTC-Trading-Strategy.md,variant_or_duplicate,other_alpha,other-alpha-2026-08-31.md
三均线系统Exodus.md,variant_or_duplicate,other_alpha,other-alpha-2026-08-31.md
基于量化震荡指标组合策略Quantitative-Oscillation-Indicator-Combination-Strategy.md,variant_or_duplicate,other_alpha,other-alpha-2026-08-31.md
多维度短期趋势预测策略技术分析与波动性自适应交易方法Multi-Dimensional-Short-Term-Trend-Predictor-Technical-Analysis-and-Volatility-Adaptive-Trading-Strategy.md,variant_or_duplicate,other_alpha,other-alpha-2026-08-31.md
布林马丁测试版V14.md,variant_or_duplicate,other_alpha,other-alpha-2026-08-31.md
承压指标追踪策略Bear-Power-Tracking-Strategy.md,variant_or_duplicate,other_alpha,other-alpha-2026-08-31.md
均线突破.md,variant_or_duplicate,other_alpha,other-alpha-2026-08-31.md
基于趋势分析指数的量化交易策略Quantitative-Trading-Strategy-Based-on-Trend-Analysis-Index.md,variant_or_duplicate,other_alpha,other-alpha-2026-08-31.md
基于百分位数的海因阿希均线交易策略Heikin-Ashi-Percentile-Interpolation-Trading-Strategy.md,variant_or_duplicate,other_alpha,other-alpha-2026-08-31.md
动态调仓趋势跟踪系统Dynamic-Position-Rebalancing-Trend-Tracking-System.md,variant_or_duplicate,other_alpha,other-alpha-2026-08-31.md
基于多重指标的加密货币高低位策略High-Low-Cryptocurrency-Strategy-Based-on-Multiple-Indicators.md,variant_or_duplicate,other_alpha,other-alpha-2026-08-31.md
多层波动带交易策略-Multi-Layer-Volatility-Band-Trading-Strategy.md,variant_or_duplicate,other_alpha,other-alpha-2026-08-31.md
多层次机构订单流动量化策略与动态分仓优化系统-Multi-Level-Institutional-Order-Flow-Quantitative-Strategy-with-Dynamic-Position-Scaling-System.md,variant_or_duplicate,other_alpha,other-alpha-2026-08-31.md
移动平均线组合趋势策略Derivative-Based-Trend-Strategy.md,variant_or_duplicate,other_alpha,other-alpha-2026-08-31.md
开盘驱动策略Open-Drive-Strategy.md,variant_or_duplicate,other_alpha,other-alpha-2026-08-31.md
双R指标策略Dual-R-Indicators-Strategy.md,variant_or_duplicate,other_alpha,other-alpha-2026-08-31.md
克隆阴阳数量化交易策略Renko-Yin-Yang-Quant-Trading-Strategy.md,variant_or_duplicate,other_alpha,other-alpha-2026-08-31.md
自适应多策略动态切换系统融合趋势跟踪与区间震荡的量化交易策略-Adaptive-Multi-Strategy-Dynamic-Switching-System-A-Quantitative-Trading-Strategy-Combining-Trend-Following-and-Range-Oscillation.md,variant_or_duplicate,other_alpha,other-alpha-2026-08-31.md
代替废弃的GetMinStock函数.md,variant_or_duplicate,other_alpha,other-alpha-2026-08-31.md
OKEx跨期对冲策略.md,variant_or_duplicate,other_alpha,other-alpha-2026-08-31.md
Linear-Regression.md,variant_or_duplicate,other_alpha,other-alpha-2026-08-31.md
帕拉波尔振荡器寻找高点低点策略Parabola-Oscillator-Seeking-Highs-and-Lows-Strategy.md,variant_or_duplicate,other_alpha,other-alpha-2026-08-31.md
增强型斐波那契趋势跟踪与风险管理策略-Enhanced-Fibonacci-Trend-Following-and-Risk-Management-Strategy.md,variant_or_duplicate,other_alpha,other-alpha-2026-08-31.md
多因子驱动趋势追踪策略Multifactor-Driven-Trend-Trading-Strategy.md,variant_or_duplicate,other_alpha,other-alpha-2026-08-31.md
比特币现货阶梯差价对冲.md,variant_or_duplicate,other_alpha,other-alpha-2026-08-31.md
CCI强势突破策略CCI-Strong-Breakthrough-Strategy.md,variant_or_duplicate,other_alpha,other-alpha-2026-08-31.md
Vitalik-Scalpe.md,variant_or_duplicate,other_alpha,other-alpha-2026-08-31.md
交互模板.md,variant_or_duplicate,other_alpha,other-alpha-2026-08-31.md
多指标组合交易策略Multi-Indicator-Combo-Trading-Strategy.md,variant_or_duplicate,other_alpha,other-alpha-2026-08-31.md
滑行止损策略Loft-Stop-Strategy.md,variant_or_duplicate,other_alpha,other-alpha-2026-08-31.md
Push-Binance-deal-order-to-WeChat实时推送币安成交到微信wss协议练习.md,variant_or_duplicate,other_alpha,other-alpha-2026-08-31.md
多周期技术指标动态交易系统策略-Multi-Period-Technical-Indicator-Dynamic-Trading-System-Strategy.md,variant_or_duplicate,other_alpha,other-alpha-2026-08-31.md
多重技术指标融合趋势追踪量化交易策略-Multi-Technical-Indicator-Fusion-Trend-Following-Quantitative-Trading-Strategy.md,variant_or_duplicate,other_alpha,other-alpha-2026-08-31.md
经典均线策略.md,variant_or_duplicate,other_alpha,other-alpha-2026-08-31.md
多指标识别交易反转点的量化交易策略Multi-indicator-Strategy-to-Identify-Trading-Inflection-Points-in-Quant-Trading.md,variant_or_duplicate,other_alpha,other-alpha-2026-08-31.md
定投Golden趋势追踪策略Golden-Trend-Tracking-Strategy-Based-on-Periodic-Investment.md,variant_or_duplicate,other_alpha,other-alpha-2026-08-31.md
分享-ADX值达到条件进行通知.md,variant_or_duplicate,other_alpha,other-alpha-2026-08-31.md
马尔可夫链概率转换状态量化交易策略-Markov-Chain-Probability-Transition-State-Quantitative-Trading-Strategy.md,variant_or_duplicate,other_alpha,other-alpha-2026-08-31.md
动态回归通道策略Dynamic-Regression-Channel-Strategy.md,variant_or_duplicate,other_alpha,other-alpha-2026-08-31.md
四均线跨度趋势追踪策略Four-WMA-Trend-Tracking-Strategy.md,variant_or_duplicate,other_alpha,other-alpha-2026-08-31.md
量化交易价格突破策略Quantitative-Trading-Price-Breakthrough-Strategy.md,variant_or_duplicate,other_alpha,other-alpha-2026-08-31.md
双均线黄金交叉策略Golden-Cross-Strategy.md,variant_or_duplicate,other_alpha,other-alpha-2026-08-31.md
动态再入场买入策略Dynamic-Re-entry-Buy-only-Strategy.md,variant_or_duplicate,other_alpha,other-alpha-2026-08-31.md
HMA-and-CCI-Combo-Trend-Following-Strategy.md,variant_or_duplicate,other_alpha,other-alpha-2026-08-31.md
期货一键平仓插件Cover-all-contracts.md,variant_or_duplicate,other_alpha,other-alpha-2026-08-31.md
BitMEX-简单测试.md,variant_or_duplicate,other_alpha,other-alpha-2026-08-31.md
多指标趋势追踪动态风控量化交易策略-Multi-Indicator-Trend-Following-Dynamic-Risk-Management-Strategy.md,variant_or_duplicate,other_alpha,other-alpha-2026-08-31.md
追踪熊市策略Follow-The-Bear-Strategy.md,variant_or_duplicate,other_alpha,other-alpha-2026-08-31.md
基于Wave-Trend和VWMA的趋势跟踪量化策略Wave-Trend-and-VWMA-Based-Trend-Following-Quant-Strategy.md,variant_or_duplicate,other_alpha,other-alpha-2026-08-31.md
bitfinex保证金交易.md,variant_or_duplicate,other_alpha,other-alpha-2026-08-31.md
币安合约网格-002v.md,variant_or_duplicate,other_alpha,other-alpha-2026-08-31.md
日线收盘价对比策略Daily-Close-Price-Comparison-Strategy.md,variant_or_duplicate,other_alpha,other-alpha-2026-08-31.md
CVD背离量化交易策略CVD-Divergence-Quantitative-Trading-Strategy.md,variant_or_duplicate,other_alpha,other-alpha-2026-08-31.md
双重平滑海肯阿希趋势跟随策略Double-Smoothed-Heiken-Ashi-Trend-Following-Strategy.md,variant_or_duplicate,other_alpha,other-alpha-2026-08-31.md
rest-版OKEX跨期对冲策略教学.md,variant_or_duplicate,other_alpha,other-alpha-2026-08-31.md
耐心追踪趋势跟随型策略Patient-Trend-Following-Strategy.md,variant_or_duplicate,other_alpha,other-alpha-2026-08-31.md
超一目趋势策略Super-Ichi-Strategy.md,variant_or_duplicate,other_alpha,other-alpha-2026-08-31.md
动态仓位管理每日交易策略Dynamic-Position-Management-Daily-Trading-Strategy.md,variant_or_duplicate,other_alpha,other-alpha-2026-08-31.md
基于K线盖尔特通道的趋势追踪策略A-Trend-Following-Strategy-Based-on-Keltner-Channels.md,variant_or_duplicate,other_alpha,other-alpha-2026-08-31.md
多指标动态趋势预测交易系统-Multi-Indicator-Dynamic-Trend-Prediction-Trading-System.md,variant_or_duplicate,other_alpha,other-alpha-2026-08-31.md
BBMA突破策略BBMA-Breakthrough-Strategy.md,variant_or_duplicate,other_alpha,other-alpha-2026-08-31.md
US30多级趋势确认与风险管理策略-US30-Multi-Grade-Trend-Confirmation-Risk-Management-Strategy.md,variant_or_duplicate,other_alpha,other-alpha-2026-08-31.md
动态平衡双向跟踪槓桿ETF投资策略Dynamic-Balancing-Leveraged-ETF-Investment-Strategy.md,variant_or_duplicate,other_alpha,other-alpha-2026-08-31.md
JS多图表模板v10_20200429.md,variant_or_duplicate,other_alpha,other-alpha-2026-08-31.md
KNN自适应参数化趋势跟踪策略-KNN-Based-Adaptive-Parametric-Trend-Following-Strategy.md,variant_or_duplicate,other_alpha,other-alpha-2026-08-31.md
跟踪价格突破高低策略Broken-High-Low-Strategy.md,variant_or_duplicate,other_alpha,other-alpha-2026-08-31.md
动态平衡-做市策略-小高.md,variant_or_duplicate,other_alpha,other-alpha-2026-08-31.md
量化双管齐下策略Quantitative-Dual-indicator-Strategy.md,variant_or_duplicate,other_alpha,other-alpha-2026-08-31.md
高级多指标趋势确认交易策略-Advanced-Multi-Indicator-Trend-Confirmation-Trading-Strategy.md,variant_or_duplicate,other_alpha,other-alpha-2026-08-31.md
基于洛伦兹分类法的多时间框架交易策略Lorenzian-Classification-Multi-Timeframe-Target-Strategy.md,variant_or_duplicate,other_alpha,other-alpha-2026-08-31.md
一目均衡.md,variant_or_duplicate,other_alpha,other-alpha-2026-08-31.md
VWAP与超级趋势买卖策略-VWAP-and-Super-Trend-Buy-Sell-Strategy.md,variant_or_duplicate,other_alpha,other-alpha-2026-08-31.md
TMA-Legacy.md,variant_or_duplicate,other_alpha,other-alpha-2026-08-31.md
R-Breaker11-交易策略.md,variant_or_duplicate,other_alpha,other-alpha-2026-08-31.md
黄金交叉多头趋势跟踪策略Golden-Cross-Uptrend-Tracking-Strategy.md,variant_or_duplicate,other_alpha,other-alpha-2026-08-31.md
冰山委托卖出简单版Simple-Iceberg-order-to-sell.md,variant_or_duplicate,other_alpha,other-alpha-2026-08-31.md
ZT-交易所接口可用于对接平台暂不支持的冷门交易所-ZT.md,variant_or_duplicate,other_alpha,other-alpha-2026-08-31.md
高收益日线交易策略Cloud-Soaring-High-Yield-Daily-Trading-Strategy.md,variant_or_duplicate,other_alpha,other-alpha-2026-08-31.md
多时间框架趋势策略Multiple-Timeframe-Trend-Strategy.md,variant_or_duplicate,other_alpha,other-alpha-2026-08-31.md
变量指数动态均线多层利润趋势跟踪策略-Variable-Index-Dynamic-Average-Multi-Tier-Profit-Trend-Following-Strategy.md,variant_or_duplicate,other_alpha,other-alpha-2026-08-31.md
基于多个因子量化交易策略Multi-factor-Quantitative-Trading-Strategy.md,variant_or_duplicate,other_alpha,other-alpha-2026-08-31.md
阴阳吊颈线策略Yin-Yang-Hanging-Man-Strategy.md,variant_or_duplicate,other_alpha,other-alpha-2026-08-31.md
动量双重确认趋势追踪策略-Trend-Confirmation-Tracking-Strategy.md,variant_or_duplicate,other_alpha,other-alpha-2026-08-31.md
多重技术指标动态交叉趋势识别策略-Dynamic-Multi-Indicator-Trend-Recognition-Strategy-with-Triple-Sync-Analysis.md,variant_or_duplicate,other_alpha,other-alpha-2026-08-31.md
多重斐波那契优化时间入场策略-Multi-Fibonacci-Optimal-Time-Entry-Strategy.md,variant_or_duplicate,other_alpha,other-alpha-2026-08-31.md
多维技术指标复合趋势追踪量化交易策略-Multi-Dimensional-Technical-Indicator-Composite-Trend-Tracking-Quantitative-Trading-Strategy.md,variant_or_duplicate,other_alpha,other-alpha-2026-08-31.md
动态线性回归通道与海因安士出场优化交易策略-Advanced-Linear-Regression-Channel-Trading-Strategy-with-Dynamic-Exit-System.md,variant_or_duplicate,other_alpha,other-alpha-2026-08-31.md
基于价格波浪理论和平移平均线策略FX-Strategy-Based-on-Fractal-Waves-and-SMMA.md,variant_or_duplicate,other_alpha,other-alpha-2026-08-31.md
OkEX-Websocket-Realtime-v3.md,variant_or_duplicate,other_alpha,other-alpha-2026-08-31.md
基于质数震荡的交易策略Prime-Number-Oscillator-Trading-Strategy.md,variant_or_duplicate,other_alpha,other-alpha-2026-08-31.md
Schaff-Trend-Cycle.md,variant_or_duplicate,other_alpha,other-alpha-2026-08-31.md
bybit-swap永续加仓策略.md,variant_or_duplicate,other_alpha,other-alpha-2026-08-31.md
VWAP交易策略-VWAP-Trading-Strategy.md,variant_or_duplicate,other_alpha,other-alpha-2026-08-31.md
多策略组合型技术分析交易系统-Multi-Strategy-Technical-Analysis-Trading-System.md,variant_or_duplicate,other_alpha,other-alpha-2026-08-31.md
币安小额资产转换.md,variant_or_duplicate,other_alpha,other-alpha-2026-08-31.md
1btc起fmex多头解锁策略后市看多.md,variant_or_duplicate,other_alpha,other-alpha-2026-08-31.md
Python版多图表范例.md,variant_or_duplicate,other_alpha,other-alpha-2026-08-31.md
威廉姆斯VIX修正策略Williams-VIX-Fix-Strategy.md,variant_or_duplicate,other_alpha,other-alpha-2026-08-31.md
Ma单均线趋势交易.md,variant_or_duplicate,other_alpha,other-alpha-2026-08-31.md
基于T3指标的趋势追踪交易策略Trend-Following-Trading-Strategy-Based-on-T3-Indicator.md,variant_or_duplicate,other_alpha,other-alpha-2026-08-31.md
交易对精度标定.md,variant_or_duplicate,other_alpha,other-alpha-2026-08-31.md
数字货币期货切换全仓逐仓插件.md,variant_or_duplicate,other_alpha,other-alpha-2026-08-31.md
ADX动态平均趋势指标策略ADX-Dynamic-Trend-Strategy.md,variant_or_duplicate,other_alpha,other-alpha-2026-08-31.md
黄金交叉策略Golden-Cross-Strategy.md,variant_or_duplicate,other_alpha,other-alpha-2026-08-31.md
周二反转策略周末过滤-Turnaround-Tuesday-Strategy-Weekend-Filter.md,variant_or_duplicate,other_alpha,other-alpha-2026-08-31.md
Bit-Maker-现货USDT等额监控.md,variant_or_duplicate,other_alpha,other-alpha-2026-08-31.md
数字货币定投.md,variant_or_duplicate,other_alpha,other-alpha-2026-08-31.md
马鲁博蜡烛线段均衡策略Marubozu-Candle-Range-Balance-Strategy.md,variant_or_duplicate,other_alpha,other-alpha-2026-08-31.md
影响周线的交易策略Weekly-Swing-Trading-Strategy.md,variant_or_duplicate,other_alpha,other-alpha-2026-08-31.md
动态跟踪型波浪趋势策略-Dynamic-Wave-Trend-Tracking-Strategy.md,variant_or_duplicate,other_alpha,other-alpha-2026-08-31.md
基于多尺度唐奇逐步通道的交易策略Donchain-Channel-Based-Trading-Strategy.md,variant_or_duplicate,other_alpha,other-alpha-2026-08-31.md
定时撤单.md,variant_or_duplicate,other_alpha,other-alpha-2026-08-31.md
趋势追踪交易策略Trend-Following-Strategy.md,variant_or_duplicate,other_alpha,other-alpha-2026-08-31.md
随机数猜大猜小.md,variant_or_duplicate,other_alpha,other-alpha-2026-08-31.md
基于波浪趋势与分散投资的智能循环交易策略-Intelligent-Wave-Trend-Dollar-Cost-Averaging-Cyclical-Trading-Strategy.md,variant_or_duplicate,other_alpha,other-alpha-2026-08-31.md
双向合约网格交易v102.md,variant_or_duplicate,other_alpha,other-alpha-2026-08-31.md
动态斜率趋势线交易策略Dynamic-Slope-Trend-Line-Trading-Strategy.md,variant_or_duplicate,other_alpha,other-alpha-2026-08-31.md
币安websocket订阅永续合约行情信息.md,variant_or_duplicate,other_alpha,other-alpha-2026-08-31.md
轮询价格买入卖出.md,variant_or_duplicate,other_alpha,other-alpha-2026-08-31.md
Brrrrr-策略Brrrrr-Strategy.md,variant_or_duplicate,other_alpha,other-alpha-2026-08-31.md
马丁格尔打印收益图表.md,variant_or_duplicate,other_alpha,other-alpha-2026-08-31.md
动态平均成本定投复利策略Dynamic-Average-Cost-Dollar-Cost-Averaging-Compound-Strategy.md,variant_or_duplicate,other_alpha,other-alpha-2026-08-31.md
牛市力量交易策略Bull-Power-Trading-Strategy.md,variant_or_duplicate,other_alpha,other-alpha-2026-08-31.md
基于日线收盘价比较的量化交易策略Quantitative-Trading-Strategy-Based-on-Daily-Close-Price-Comparison.md,variant_or_duplicate,other_alpha,other-alpha-2026-08-31.md
双范围过滤趋势跟踪策略Dual-Range-Filter-Trend-Tracking-Strategy.md,variant_or_duplicate,other_alpha,other-alpha-2026-08-31.md
简单马丁格尔多空加仓倍率修改.md,variant_or_duplicate,other_alpha,other-alpha-2026-08-31.md
山寨币指数20180222基点1000.md,variant_or_duplicate,other_alpha,other-alpha-2026-08-31.md
双边波段过滤策略Dual-Bandpass-Filter-Strategy.md,variant_or_duplicate,other_alpha,other-alpha-2026-08-31.md
双时间框架趋势追踪策略Dual-Timeframe-Trend-Following-Strategy.md,variant_or_duplicate,other_alpha,other-alpha-2026-08-31.md
多层级动态趋势跟随系统-Multi-Level-Dynamic-Trend-Following-System.md,variant_or_duplicate,other_alpha,other-alpha-2026-08-31.md
三移动平均趋势跟踪策略Dazzling-Bolts-Trend-Following-Strategy.md,variant_or_duplicate,other_alpha,other-alpha-2026-08-31.md
超级Z量化趋势策略Super-Z-Quantitative-Trend-Strategy.md,variant_or_duplicate,other_alpha,other-alpha-2026-08-31.md
Pivot-Order-Blocks.md,variant_or_duplicate,other_alpha,other-alpha-2026-08-31.md
回测系统随机行情生成器.md,variant_or_duplicate,other_alpha,other-alpha-2026-08-31.md
多时间框架趋势追踪策略Multi-Timeframe-Trend-Tracking-Strategy.md,variant_or_duplicate,other_alpha,other-alpha-2026-08-31.md
均线转换-发散指标交易策略CMO-Oscillator-Trading-Strategy.md,variant_or_duplicate,other_alpha,other-alpha-2026-08-31.md
多时间框架自适应市场机制量化交易策略-Multi-Timeframe-Adaptive-Market-Regime-Quantitative-Trading-Strategy.md,variant_or_duplicate,other_alpha,other-alpha-2026-08-31.md
基于月相的双向交易策略Bidirectional-Trading-Strategy-Based-on-Moon-Phases.md,variant_or_duplicate,other_alpha,other-alpha-2026-08-31.md
Goblin-Town-60min-可用版.md,variant_or_duplicate,other_alpha,other-alpha-2026-08-31.md
MOST指标双仓位自适应策略MOST-Indicator-Dual-Position-Adaptive-Strategy.md,variant_or_duplicate,other_alpha,other-alpha-2026-08-31.md
U本位网格振幅筛选.md,variant_or_duplicate,other_alpha,other-alpha-2026-08-31.md
混合图表的一个复杂例子.md,variant_or_duplicate,other_alpha,other-alpha-2026-08-31.md
基于OBV指标的金字塔策略OBV-Pyramid-Strategy-Based-on-Coinrule-Script.md,variant_or_duplicate,other_alpha,other-alpha-2026-08-31.md
双平台对冲平衡策略.md,variant_or_duplicate,other_alpha,other-alpha-2026-08-31.md
双重指标震荡策略-Dual-Indicator-Oscillation-Strategy.md,variant_or_duplicate,other_alpha,other-alpha-2026-08-31.md
多因子趋势价格行为策略与动态风险管理系统-Multi-Factor-Trend-Price-Action-Strategy-with-Dynamic-Risk-Management-System.md,variant_or_duplicate,other_alpha,other-alpha-2026-08-31.md
js-R-Breaker.md,variant_or_duplicate,other_alpha,other-alpha-2026-08-31.md
火币点卡.md,variant_or_duplicate,other_alpha,other-alpha-2026-08-31.md
低价买入-高价止盈策略Low-High-Trend-Strategy.md,variant_or_duplicate,other_alpha,other-alpha-2026-08-31.md
Trade03-双均线波动率差过滤.md,variant_or_duplicate,other_alpha,other-alpha-2026-08-31.md
基于突破回调交易策略The-Breakthrough-Callback-Trading-Strategy.md,variant_or_duplicate,other_alpha,other-alpha-2026-08-31.md
多元趋势策略Multi-Trend-Strategy.md,variant_or_duplicate,other_alpha,other-alpha-2026-08-31.md
现货卖出一直占据卖一插件.md,variant_or_duplicate,other_alpha,other-alpha-2026-08-31.md
基于KST指标的趋势追踪策略.md,variant_or_duplicate,other_alpha,other-alpha-2026-08-31.md
多因子回归与动态价格带策略的量化交易系统-Multi-Factor-Regression-and-Dynamic-Price-Band-Quantitative-Trading-System.md,variant_or_duplicate,other_alpha,other-alpha-2026-08-31.md
教学策略TCI策略麦语言移植.md,variant_or_duplicate,other_alpha,other-alpha-2026-08-31.md
收藏价格振幅均线-3年33万倍收益.md,variant_or_duplicate,other_alpha,other-alpha-2026-08-31.md
马库斯的趋势交易者箭头和警报策略-Marcus-Trend-Trader-with-Arrows-and-Alerts-Strategy.md,variant_or_duplicate,other_alpha,other-alpha-2026-08-31.md
基于CCI周期性区间交易策略.md,variant_or_duplicate,other_alpha,other-alpha-2026-08-31.md
BTC-bot.md,variant_or_duplicate,other_alpha,other-alpha-2026-08-31.md
子辰量化香农网格交易策略.md,variant_or_duplicate,other_alpha,other-alpha-2026-08-31.md
基于多标的动态均线的量化交易策略Dynamic-Multi-indicator-Quantitative-Trading-Strategy.md,variant_or_duplicate,other_alpha,other-alpha-2026-08-31.md
多平台账户统计.md,variant_or_duplicate,other_alpha,other-alpha-2026-08-31.md
Khaled-Tamims-Avellaneda-Stoikov-Strategy-Khaled-Tamims-Avellaneda-Stoikov-Strategy.md,variant_or_duplicate,other_alpha,other-alpha-2026-08-31.md
Sentiment-Oscillator.md,variant_or_duplicate,other_alpha,other-alpha-2026-08-31.md
Relative-Strength-Index-strategy.md,variant_or_duplicate,other_alpha,other-alpha-2026-08-31.md
多指标量化交易策略-7合1超级指标策略-Multi-Indicator-Quantitative-Trading-Strategy-Super-Indicator-7-in-1-Strategy.md,variant_or_duplicate,other_alpha,other-alpha-2026-08-31.md
日内可扩展波动率交易策略-Intraday-Scalable-Volatility-Trading-Strategy.md,variant_or_duplicate,other_alpha,other-alpha-2026-08-31.md
短期通道突破策略short-term-trading-strategy.md,variant_or_duplicate,other_alpha,other-alpha-2026-08-31.md
The-Open-Range-Strategy-with-Dynamic-Profit-Target.md,variant_or_duplicate,other_alpha,other-alpha-2026-08-31.md
DEC策略Leledec-DEC-Strategy.md,variant_or_duplicate,other_alpha,other-alpha-2026-08-31.md
猎户座交易策略Orion-Trading-Strategy.md,variant_or_duplicate,other_alpha,other-alpha-2026-08-31.md
多指标自适应趋势交易策略Multi-indicator-Adaptive-Trend-Trading-Strategy.md,variant_or_duplicate,other_alpha,other-alpha-2026-08-31.md
多图表画线类库.md,variant_or_duplicate,other_alpha,other-alpha-2026-08-31.md
多平台强制滑动平仓买一价.md,variant_or_duplicate,other_alpha,other-alpha-2026-08-31.md
基于时间序列数据的自适应动态阈值策略-Time-Series-Adaptive-Dynamic-Threshold-Strategy-Based-on-Equity-Data.md,variant_or_duplicate,other_alpha,other-alpha-2026-08-31.md
币安新交易对上线监控.md,variant_or_duplicate,other_alpha,other-alpha-2026-08-31.md
Playing-the-cross.md,variant_or_duplicate,other_alpha,other-alpha-2026-08-31.md
基于ADX指标的原油趋势跟踪策略Crude-Oil-ADX-Trend-Following-Strategy.md,variant_or_duplicate,other_alpha,other-alpha-2026-08-31.md
跟单机器人V10要求相同交易所可多用户跟单可设定跟单倍数.md,variant_or_duplicate,other_alpha,other-alpha-2026-08-31.md
基于多重技术指标的高频交易动态优化策略-Multi-Technical-Indicator-Based-High-Frequency-Dynamic-Optimization-Strategy.md,variant_or_duplicate,other_alpha,other-alpha-2026-08-31.md
python版-Dual-Thrust-OKCoin-期货.md,variant_or_duplicate,other_alpha,other-alpha-2026-08-31.md
三重指标碰撞策略Triple-Indicator-Collision-Strategy.md,variant_or_duplicate,other_alpha,other-alpha-2026-08-31.md
图表模板增加状态栏表格.md,variant_or_duplicate,other_alpha,other-alpha-2026-08-31.md
Vishal-自适应多指标交易策略-Vishal-Adaptive-Multi-Indicator-Trading-Strategy.md,variant_or_duplicate,other_alpha,other-alpha-2026-08-31.md
基于价格去趋势振荡器的量化交易策略Detrended-Price-Oscillator-Quantitative-Trading-Strategy.md,variant_or_duplicate,other_alpha,other-alpha-2026-08-31.md
动向指数多空平衡买卖策略DMI-Balance-Buy-Sell-Strategy.md,variant_or_duplicate,other_alpha,other-alpha-2026-08-31.md
阶梯下单-可设置触发价格.md,variant_or_duplicate,other_alpha,other-alpha-2026-08-31.md
简单预定买入后卖出插件Buy-then-Sell-ping-pong-strategy.md,variant_or_duplicate,other_alpha,other-alpha-2026-08-31.md
平台价格指标监控11.md,variant_or_duplicate,other_alpha,other-alpha-2026-08-31.md
各平台策略代写区块链5年专业经验低价高质量-薇芯bov1107.md,variant_or_duplicate,other_alpha,other-alpha-2026-08-31.md
VWAP偏差带与波动性过滤交易策略-VWAP-Deviation-Band-and-Volatility-Filter-Trading-Strategy.md,variant_or_duplicate,other_alpha,other-alpha-2026-08-31.md
测试策略交互控件.md,variant_or_duplicate,other_alpha,other-alpha-2026-08-31.md
极端分布摆动策略Extreme-Distribution-Swing-Strategy.md,variant_or_duplicate,other_alpha,other-alpha-2026-08-31.md
动态QQE趋势跟踪与风险管理量化交易策略-Dynamic-QQE-Trend-Following-with-Risk-Management-Quantitative-Trading-Strategy.md,variant_or_duplicate,other_alpha,other-alpha-2026-08-31.md
基于时间阶梯加仓的简单量化策略Time-stepped-Pyramiding-Simple-Quant-Strategy.md,variant_or_duplicate,other_alpha,other-alpha-2026-08-31.md
币安合约蝶式套利千团大战策略3.md,variant_or_duplicate,other_alpha,other-alpha-2026-08-31.md
单根K线技术指标组合短期贸易策略Intraday-Single-Candle-Indicator-Combo-Short-Term-Trading-Strategy.md,variant_or_duplicate,other_alpha,other-alpha-2026-08-31.md
自适应趋势跟踪型动态趋势识别交易策略-Adaptive-Trend-Following-Dynamic-Trend-Recognition-Trading-Strategy.md,variant_or_duplicate,other_alpha,other-alpha-2026-08-31.md
双信号趋势跟踪策略Dual-Signal-Trend-Tracking-Strategy.md,variant_or_duplicate,other_alpha,other-alpha-2026-08-31.md
综合技术指标策略Multi-indicator-Combination-Strategy.md,variant_or_duplicate,other_alpha,other-alpha-2026-08-31.md
高级机会空间振荡器策略基于公平价值缺口的量化交易系统-Advanced-Opportunity-Space-Oscillator-Strategy-A-Quantitative-Trading-System-Based-on-Fair-Value-Gaps.md,variant_or_duplicate,other_alpha,other-alpha-2026-08-31.md
基于市场流通性及趋势的短线交易策略Scalping-Strategy-Based-on-Market-Liquidity-and-Trend.md,variant_or_duplicate,other_alpha,other-alpha-2026-08-31.md
多指标趋势跟踪与区间交易相结合的自适应策略-Adaptive-Multi-Indicator-Strategy-Combining-Trend-Following-and-Range-Trading.md,variant_or_duplicate,other_alpha,other-alpha-2026-08-31.md
动态平衡alpha.md,variant_or_duplicate,other_alpha,other-alpha-2026-08-31.md
随机游走策略Random-Walk-Strategy.md,variant_or_duplicate,other_alpha,other-alpha-2026-08-31.md
基于价格摩擦区的趋势追踪策略Trend-Following-Strategy-Based-on-Price-Friction-Zones.md,variant_or_duplicate,other_alpha,other-alpha-2026-08-31.md
基于价格极值点的趋势性交易策略Trend-Trading-Strategy-Based-on-Price-Extremum.md,variant_or_duplicate,other_alpha,other-alpha-2026-08-31.md
Monthly-Returns-in-PineScript-Strategies.md,variant_or_duplicate,other_alpha,other-alpha-2026-08-31.md
My-1-价值平均定投策略.md,variant_or_duplicate,other_alpha,other-alpha-2026-08-31.md
神圣十字策略Holy-Grail-Strategy.md,variant_or_duplicate,other_alpha,other-alpha-2026-08-31.md
震荡市场多头策略Oscillating-Market-Long-Strategy.md,variant_or_duplicate,other_alpha,other-alpha-2026-08-31.md
动态趋势确认的反转公平价值缺口量化交易策略-Dynamic-Trend-Confirmed-Inverted-Fair-Value-Gap-Quantitative-Trading-Strategy.md,variant_or_duplicate,other_alpha,other-alpha-2026-08-31.md
经典均线策略V10_区班主注释简化.md,variant_or_duplicate,other_alpha,other-alpha-2026-08-31.md
Trix简单趋势跟踪策略Trix-Simple-Trend-Following-Strategy.md,variant_or_duplicate,other_alpha,other-alpha-2026-08-31.md
量化交易策略-开仓量化趋势跟踪Quantitative-Trading-Strategy-Quantity-Trend-Tracking-Opening.md,variant_or_duplicate,other_alpha,other-alpha-2026-08-31.md
计划委托卖出.md,variant_or_duplicate,other_alpha,other-alpha-2026-08-31.md
双重指标买入过滤买入信号策略Dual-Indicator-Filtered-Buy-Signal-Strategy.md,variant_or_duplicate,other_alpha,other-alpha-2026-08-31.md
多平台期货资金费率获取与监控策略multiple-thread-get-fundings-symbols.md,variant_or_duplicate,other_alpha,other-alpha-2026-08-31.md
动态策略分析工具Dynamic-Strategy-Analytics-Tool.md,variant_or_duplicate,other_alpha,other-alpha-2026-08-31.md
心理线交易策略Psychological-Line-Trading-Strategy.md,variant_or_duplicate,other_alpha,other-alpha-2026-08-31.md
AO多层量化趋势增强型策略-AO-Multi-Layer-Quantitative-Trend-Enhancement-Strategy.md,variant_or_duplicate,other_alpha,other-alpha-2026-08-31.md
多时段价格行为机构交易策略基于ICT理念的日内做空系统-Multi-Session-Price-Action-Institutional-Trading-Strategy-ICT-Based-Intraday-Short-System.md,variant_or_duplicate,other_alpha,other-alpha-2026-08-31.md
最后N只烛的逆向逻辑策略Last-N-Candle-Reverse-Logic-Strategy.md,variant_or_duplicate,other_alpha,other-alpha-2026-08-31.md
通过HttpQuery直接获取币安K线数据.md,variant_or_duplicate,other_alpha,other-alpha-2026-08-31.md
量化识别积累阶段策略Accumulation-Stage-Identifier-and-Trading-Strategy.md,variant_or_duplicate,other_alpha,other-alpha-2026-08-31.md
基于收盘价差异的短线交易策略Closing-Price-Difference-Based-Short-term-Trading-Strategy.md,variant_or_duplicate,other_alpha,other-alpha-2026-08-31.md
单商品小卖部策略V20_年化130.md,variant_or_duplicate,other_alpha,other-alpha-2026-08-31.md
行情中心客户端market-center-client.md,variant_or_duplicate,other_alpha,other-alpha-2026-08-31.md
高低点自动预测与交易策略High-Low-Automatic-Forecasting-and-Trading-Strategy.md,variant_or_duplicate,other_alpha,other-alpha-2026-08-31.md
Simple-Buy-Sell-Signals.md,variant_or_duplicate,other_alpha,other-alpha-2026-08-31.md
韭菜保护程序唐安奇通道均仓策略.md,variant_or_duplicate,other_alpha,other-alpha-2026-08-31.md
基于支持阻力动态调仓的Nifty-50量化交易策略Nifty-50-Quantitative-Trading-Strategy-Based-on-Dynamic-Position-Adjustment-with-Support-and-Resistance-Levels.md,variant_or_duplicate,other_alpha,other-alpha-2026-08-31.md
动态百分比盒子跟踪策略The-Dynamic-Box-Percentage-Tracking-Strategy.md,variant_or_duplicate,other_alpha,other-alpha-2026-08-31.md
斐波那契回撤交易策略脚本.md,variant_or_duplicate,other_alpha,other-alpha-2026-08-31.md
鹰眼短线交易策略Hawk-Eye-Short-term-Trading-Strategy.md,variant_or_duplicate,other_alpha,other-alpha-2026-08-31.md
逐日缠绕分心线量化策略SSL-Hybrid-Exit-Arrow-Quant-Strategy.md,variant_or_duplicate,other_alpha,other-alpha-2026-08-31.md
基于多因子量化交易策略Multi-factor-Quantitative-Trading-Strategy.md,variant_or_duplicate,other_alpha,other-alpha-2026-08-31.md
定点进场下单定点离场卖单.md,variant_or_duplicate,other_alpha,other-alpha-2026-08-31.md
Alpha-Beast-高级量化交易策略多指标协同动态风控系统-Alpha-Beast-Advanced-Quantitative-Trading-Strategy-Multi-Indicator-Synergistic-Dynamic-Risk-Control-System.md,variant_or_duplicate,other_alpha,other-alpha-2026-08-31.md
牛熊猴市判断V10_区班主.md,variant_or_duplicate,other_alpha,other-alpha-2026-08-31.md
多种技术指标相结合策略Universal-Sniper-Strategy.md,variant_or_duplicate,other_alpha,other-alpha-2026-08-31.md
多指标综合趋势跟踪策略结合ADX动态交易系统-Multi-Indicator-Trend-Following-Strategy-with-ADX-Dynamic-Trading-System.md,variant_or_duplicate,other_alpha,other-alpha-2026-08-31.md
基于Z分数标准化的线性信号量化交易策略-Z-Score-Normalized-Linear-Signal-Quantitative-Trading-Strategy.md,variant_or_duplicate,other_alpha,other-alpha-2026-08-31.md
动态多指标优化趋势追踪策略-Dynamic-Multi-Indicator-Optimized-Trend-Following-Strategy.md,variant_or_duplicate,other_alpha,other-alpha-2026-08-31.md
OKEX-V5-WS接口账户持仓推送例子.md,variant_or_duplicate,other_alpha,other-alpha-2026-08-31.md
币安手动开平仓工具.md,variant_or_duplicate,other_alpha,other-alpha-2026-08-31.md
冰山委托买入简单版Simple-Iceberg-order-to-buy.md,variant_or_duplicate,other_alpha,other-alpha-2026-08-31.md
基于波浪趋势的量化交易策略Wave-Trend-Based-Quantitative-Trading-Strategy.md,variant_or_duplicate,other_alpha,other-alpha-2026-08-31.md
多指标动态波动预警交易系统-Multi-Indicator-Dynamic-Volatility-Alert-Trading-System.md,variant_or_duplicate,other_alpha,other-alpha-2026-08-31.md
诺罗波动通道scalping策略Noros-Price-Channel-Scalping-Strategy.md,variant_or_duplicate,other_alpha,other-alpha-2026-08-31.md
多重时序趋势甄别型自适应动态调仓策略-Multi-Temporal-Trend-Identification-Adaptive-Position-Management-Strategy.md,variant_or_duplicate,other_alpha,other-alpha-2026-08-31.md
惯性指标交易策略Inertia-Indicator-Trading-Strategy.md,variant_or_duplicate,other_alpha,other-alpha-2026-08-31.md
基于高斯误差函数的量化交易策略An-Analysis-of-Quantitative-Trading-Strategy-Based-on-Gaussian-Error-Function.md,variant_or_duplicate,other_alpha,other-alpha-2026-08-31.md
图表界面信息展示实例1.md,variant_or_duplicate,other_alpha,other-alpha-2026-08-31.md
量化趋势追踪策略Quantitative-Trend-Tracking-Strategy.md,variant_or_duplicate,other_alpha,other-alpha-2026-08-31.md
30行赌徒策略.md,variant_or_duplicate,other_alpha,other-alpha-2026-08-31.md
动态均价追踪策略Dynamic-Average-Price-Tracking-Strategy.md,variant_or_duplicate,other_alpha,other-alpha-2026-08-31.md
基于斐波那契回撤的量化交易策略Fibonacci-Retracement-Quantitative-Trading-Strategy.md,variant_or_duplicate,other_alpha,other-alpha-2026-08-31.md
自适应多时间框架斐波纳契波段交易策略Adaptive-Multi-Timeframe-Fibonacci-Retracement-Trading-Strategy.md,variant_or_duplicate,other_alpha,other-alpha-2026-08-31.md
简单马丁格尔合约倍率加强版.md,variant_or_duplicate,other_alpha,other-alpha-2026-08-31.md
反转强势策略-Elder-Ray-Bull-Power-Combo-Strategy.md,variant_or_duplicate,other_alpha,other-alpha-2026-08-31.md
分享抢新现货策略.md,variant_or_duplicate,other_alpha,other-alpha-2026-08-31.md
币安OKX永续自动对冲.md,variant_or_duplicate,other_alpha,other-alpha-2026-08-31.md
动态趋势跟踪优化策略-Dynamic-Trend-Tracking-Optimized-Strategy.md,variant_or_duplicate,other_alpha,other-alpha-2026-08-31.md
定投止盈脚本.md,variant_or_duplicate,other_alpha,other-alpha-2026-08-31.md
双cci量化策略Dual-CCI-Quantitative-Strategy.md,variant_or_duplicate,other_alpha,other-alpha-2026-08-31.md
数字货币期货交易类库测试版.md,variant_or_duplicate,other_alpha,other-alpha-2026-08-31.md
测试-布林带策略基于策略框架.md,variant_or_duplicate,other_alpha,other-alpha-2026-08-31.md
基于市场情绪的动态阈值交易策略-Dynamic-Market-Sentiment-Threshold-Trading-Strategy.md,variant_or_duplicate,other_alpha,other-alpha-2026-08-31.md
双重均衡牛熊策略Dual-Balanced-Bulls-and-Bears-Strategy.md,variant_or_duplicate,other_alpha,other-alpha-2026-08-31.md
Telegram-发信接口-V200-Python.md,variant_or_duplicate,other_alpha,other-alpha-2026-08-31.md
简易跟踪趋势策略Simple-Trend-Following-Strategy.md,variant_or_duplicate,other_alpha,other-alpha-2026-08-31.md
多指标融合的自适应趋势跟踪策略-Multi-Indicator-Adaptive-Trend-Following-Strategy.md,variant_or_duplicate,other_alpha,other-alpha-2026-08-31.md
简单马丁格尔多空交易策略.md,variant_or_duplicate,other_alpha,other-alpha-2026-08-31.md
积极底部截获量化策略Aggressive-Bottom-Sniping-Quantitative-Strategy.md,variant_or_duplicate,other_alpha,other-alpha-2026-08-31.md
激活函数优化的规模归一化向量交易策略Scaled-Normalized-Vector-Strategy-with-Activation-Functions-ver4.md,variant_or_duplicate,other_alpha,other-alpha-2026-08-31.md
Dual-Thrust-OKEX-Feature.md,variant_or_duplicate,other_alpha,other-alpha-2026-08-31.md
期货基础策略.md,variant_or_duplicate,other_alpha,other-alpha-2026-08-31.md
配对交易策略OKX.md,variant_or_duplicate,other_alpha,other-alpha-2026-08-31.md
常用函数扩展增强类库-Ver-003.md,variant_or_duplicate,other_alpha,other-alpha-2026-08-31.md
基于SSL的均线趋势跟随策略Trend-Following-Strategy-Based-on-SSL-Baseline.md,variant_or_duplicate,other_alpha,other-alpha-2026-08-31.md
多因子趋势追踪动态风险管理股票交易策略-Multi-Factor-Trend-Tracking-Dynamic-Risk-Management-Stock-Trading-Strategy.md,variant_or_duplicate,other_alpha,other-alpha-2026-08-31.md
基于量化范围突破的自适应波动策略Adaptive-Fluctuation-Strategy-Based-on-Quantitative-Range-Breakthrough.md,variant_or_duplicate,other_alpha,other-alpha-2026-08-31.md
基于RB-SSL通道的自动交易策略Auto-Trading-Strategy-Based-on-RB-SSL-Channel.md,variant_or_duplicate,other_alpha,other-alpha-2026-08-31.md
基于参数优化的趋势跟踪型量化策略Parameter-Optimized-Trend-Following-Quantitative-Strategy.md,variant_or_duplicate,other_alpha,other-alpha-2026-08-31.md
boll傻瓜版.md,variant_or_duplicate,other_alpha,other-alpha-2026-08-31.md
牛市回调短线策略Scalping-Dips-in-Bull-Market-Strategy.md,variant_or_duplicate,other_alpha,other-alpha-2026-08-31.md
长线对冲策略Long-Term-Hedging-Strategy.md,variant_or_duplicate,other_alpha,other-alpha-2026-08-31.md
短信通知类库.md,variant_or_duplicate,other_alpha,other-alpha-2026-08-31.md
比特币期货头寸智能交易策略Bitcoin-Futures-Position-Trading-Strategy.md,variant_or_duplicate,other_alpha,other-alpha-2026-08-31.md
干货-下单量精度和价格精度-适用各个交易所.md,variant_or_duplicate,other_alpha,other-alpha-2026-08-31.md
获取周K线.md,variant_or_duplicate,other_alpha,other-alpha-2026-08-31.md
取消所有订单.md,variant_or_duplicate,other_alpha,other-alpha-2026-08-31.md
多指标共识交易策略流动性加权趋势信号系统-Multi-Indicator-Consensus-Trading-Strategy-Liquidity-Weighted-Trend-Signal-System.md,variant_or_duplicate,other_alpha,other-alpha-2026-08-31.md
比特币和黄金双跳空策略Bitcoin-and-Gold-Double-Gap-Strategy.md,variant_or_duplicate,other_alpha,other-alpha-2026-08-31.md
量化交易双重指标策略Quantitative-Trading-Dual-Indicator-Strategy.md,variant_or_duplicate,other_alpha,other-alpha-2026-08-31.md
okex订单薄校验checksum算法函数.md,variant_or_duplicate,other_alpha,other-alpha-2026-08-31.md
基于ADX指标的自适应交易策略Adaptive-Trading-Strategy-Based-on-ADX-Indicator.md,variant_or_duplicate,other_alpha,other-alpha-2026-08-31.md
多重技术指标趋势跟踪交易策略-Multi-Technical-Indicator-Trend-Following-Trading-Strategy.md,variant_or_duplicate,other_alpha,other-alpha-2026-08-31.md
Williams-VIX修复策略Williams-VIX-Fix-Strategy.md,variant_or_duplicate,other_alpha,other-alpha-2026-08-31.md
OKCoin期货条件触发委托带止损.md,variant_or_duplicate,other_alpha,other-alpha-2026-08-31.md
马丁格尔测试.md,variant_or_duplicate,other_alpha,other-alpha-2026-08-31.md
闪崩机器人-教学.md,variant_or_duplicate,other_alpha,other-alpha-2026-08-31.md
多维度订单流分析与交易策略-Multi-Dimensional-Order-Flow-Analysis-and-Trading-Strategy.md,variant_or_duplicate,other_alpha,other-alpha-2026-08-31.md
峰度快慢线交易策略Fast-and-Slow-Kurtosis-Trading-Strategy.md,variant_or_duplicate,other_alpha,other-alpha-2026-08-31.md
割庄神器.md,variant_or_duplicate,other_alpha,other-alpha-2026-08-31.md
币安永续双账户单币种对冲YNRUN.md,variant_or_duplicate,other_alpha,other-alpha-2026-08-31.md
量化黄金交叉策略Quantitative-Golden-Cross-Strategy.md,variant_or_duplicate,other_alpha,other-alpha-2026-08-31.md
多头锤形线交易策略Starbucks-Bullish-Hammer-Trading-Strategy.md,variant_or_duplicate,other_alpha,other-alpha-2026-08-31.md
动态双向补仓策略Dynamic-Two-way-Add-Position-Strategy.md,variant_or_duplicate,other_alpha,other-alpha-2026-08-31.md
仓位管理配置思路.md,variant_or_duplicate,other_alpha,other-alpha-2026-08-31.md
双B智能追踪策略Dual-B-Intelligent-Tracking-Strategy.md,variant_or_duplicate,other_alpha,other-alpha-2026-08-31.md
多重摆动指标交易系统基于TSL自动化多方向仓位管理策略-Multi-Directional-Oscillator-Trading-System-TSL-Based-Automated-Position-Management-Strategy.md,variant_or_duplicate,other_alpha,other-alpha-2026-08-31.md
Trendelicious.md,variant_or_duplicate,other_alpha,other-alpha-2026-08-31.md
埃勒斯引领指标交易策略Ehlers-Leading-Indicator-Trading-Strategy.md,variant_or_duplicate,other_alpha,other-alpha-2026-08-31.md
G-Channel-Trend-Detection-Strategy-G-Channel趋势检测策略.md,variant_or_duplicate,other_alpha,other-alpha-2026-08-31.md
Bn-获取精度最小变动单位-稳定交易系统必备.md,variant_or_duplicate,other_alpha,other-alpha-2026-08-31.md
基于随机数字的量化交易策略Quantitative-Trading-Strategy-Based-on-Random-Numbers.md,variant_or_duplicate,other_alpha,other-alpha-2026-08-31.md
Iceberg-Buy-Order.md,variant_or_duplicate,other_alpha,other-alpha-2026-08-31.md
双轨带趋势跟踪策略Dual-Rail-Trend-Tracking-Strategy.md,variant_or_duplicate,other_alpha,other-alpha-2026-08-31.md
基于金本位量化交易策略Gold-Standard-Quantitative-Trading-Strategy.md,variant_or_duplicate,other_alpha,other-alpha-2026-08-31.md
埃尔斯即时趋势线策略Ehlers-Instantaneous-Trendline-Strategy.md,variant_or_duplicate,other_alpha,other-alpha-2026-08-31.md
机械化交易策略Mechanical-Trading-Strategy.md,variant_or_duplicate,other_alpha,other-alpha-2026-08-31.md
多重指标趋势确认动态止盈止损交易策略-Multi-Indicator-Trend-Confirmation-Dynamic-Risk-Management-Trading-Strategy.md,variant_or_duplicate,other_alpha,other-alpha-2026-08-31.md
README.md,variant_or_duplicate,other_alpha,other-alpha-2026-08-31.md
HalfTrend多空趋势追踪止损限价买入策略-HalfTrend-Bullish-and-Bearish-Trend-Following-Stop-Limit-Buy-Strategy.md,variant_or_duplicate,other_alpha,other-alpha-2026-08-31.md
高频交易策略之-Penny-Jump.md,variant_or_duplicate,other_alpha,other-alpha-2026-08-31.md
TableTemplet.md,variant_or_duplicate,other_alpha,other-alpha-2026-08-31.md
多个百分比止盈exit策略Multiple-Percentage-Profit-Exits-Strategy.md,variant_or_duplicate,other_alpha,other-alpha-2026-08-31.md
随机震荡策略Random-Oscillation-Strategy.md,variant_or_duplicate,other_alpha,other-alpha-2026-08-31.md
基于对数的价格预测策略Logarithmic-Price-Forecasting-Strategy.md,variant_or_duplicate,other_alpha,other-alpha-2026-08-31.md
技术指标策略-风险管理策略-自适应趋势跟踪策略Technical-Indicator-Strategy-Risk-Management-Strategy-Adaptive-Trend-Following-Strategy.md,variant_or_duplicate,other_alpha,other-alpha-2026-08-31.md
BONK多因子交易策略BONK-Multi-Factor-Trading-Strategy.md,variant_or_duplicate,other_alpha,other-alpha-2026-08-31.md
基于均线回归突破跟踪趋势策略Average-Line-Breakthrough-Strategy.md,variant_or_duplicate,other_alpha,other-alpha-2026-08-31.md
期现成对下单_Public.md,variant_or_duplicate,other_alpha,other-alpha-2026-08-31.md
现货买入一直占据买一插件.md,variant_or_duplicate,other_alpha,other-alpha-2026-08-31.md
基于多指标集成和智能风控的量化交易系统-Multi-Indicator-Integration-and-Intelligent-Risk-Control-Quantitative-Trading-System.md,variant_or_duplicate,other_alpha,other-alpha-2026-08-31.md
多空动态跟踪策略Trend-Following-Long-Only-Strategy.md,variant_or_duplicate,other_alpha,other-alpha-2026-08-31.md
多图表例子数据可下载为csv等表格Multiple-charts-example.md,variant_or_duplicate,other_alpha,other-alpha-2026-08-31.md
二次拟合交易信号策略Quadratic-Fitting-Trading-Signals-Strategy.md,variant_or_duplicate,other_alpha,other-alpha-2026-08-31.md
Pair-trading-strategy.md,variant_or_duplicate,other_alpha,other-alpha-2026-08-31.md
现货平衡策略-001v.md,variant_or_duplicate,other_alpha,other-alpha-2026-08-31.md
多信号组合自适应交易策略-Multi-Signal-Adaptive-Trading-Strategy.md,variant_or_duplicate,other_alpha,other-alpha-2026-08-31.md
企业微信群机器人消息推送.md,variant_or_duplicate,other_alpha,other-alpha-2026-08-31.md
测试托管者与交易所服务器的真实网络延迟-支持同时测试多个交易所.md,variant_or_duplicate,other_alpha,other-alpha-2026-08-31.md
金融市场多维趋势跟踪金字塔式交易策略Multi-Dimensional-Trend-Following-Pyramid-Trading-Strategy.md,variant_or_duplicate,other_alpha,other-alpha-2026-08-31.md
账户余额变动邮箱提醒-支持添加多个交易所.md,variant_or_duplicate,other_alpha,other-alpha-2026-08-31.md
收盘买开盘卖策略Closing-Position-Strategy.md,variant_or_duplicate,other_alpha,other-alpha-2026-08-31.md
双重趋势追踪量化策略Combo-Quantitative-Trend-Tracking-Strategy.md,variant_or_duplicate,other_alpha,other-alpha-2026-08-31.md
基于动态通道突破策略Dynamic-Channel-Breakthrough-Strategy.md,variant_or_duplicate,other_alpha,other-alpha-2026-08-31.md
火币U合约资金划转插件.md,variant_or_duplicate,other_alpha,other-alpha-2026-08-31.md
使用-BotVS-构建一个机械化策略.md,variant_or_duplicate,other_alpha,other-alpha-2026-08-31.md
每1分钟统计各个平台间的差价by-JackConan.md,variant_or_duplicate,other_alpha,other-alpha-2026-08-31.md
多维度黄金周五异常策略分析系统-Multi-dimensional-Gold-Friday-Anomaly-Strategy-Analysis-System.md,variant_or_duplicate,other_alpha,other-alpha-2026-08-31.md
基于一小时TENKAN-KIJUN交叉的ADX趋势跟踪策略ADX-Based-One-Hour-TENKAN-KIJUN-Cross-Trend-Tracking-Strategy.md,variant_or_duplicate,other_alpha,other-alpha-2026-08-31.md
双内含与趋势策略Double-Inside-Bar-Trend-Strategy.md,variant_or_duplicate,other_alpha,other-alpha-2026-08-31.md
多因子融合策略Multi-factor-Fusion-Strategy-Multi-factor-Fusion-Strategy.md,variant_or_duplicate,other_alpha,other-alpha-2026-08-31.md
动向指标DMI交易策略Directional-Movement-Index-DMI-Trading-Strategy.md,variant_or_duplicate,other_alpha,other-alpha-2026-08-31.md
基于间隔交易策略Spaced-Out-Trading-Strategy.md,variant_or_duplicate,other_alpha,other-alpha-2026-08-31.md
基于双向运动量指数策略Overlay-Trend-Signals-Strategy.md,variant_or_duplicate,other_alpha,other-alpha-2026-08-31.md
多重指标组合策略Combo-Strategy-with-Multiple-Indicators.md,variant_or_duplicate,other_alpha,other-alpha-2026-08-31.md
60行三角对冲策略教学.md,variant_or_duplicate,other_alpha,other-alpha-2026-08-31.md
SummerPlot10.md,variant_or_duplicate,other_alpha,other-alpha-2026-08-31.md
期货反手加倍算法.md,variant_or_duplicate,other_alpha,other-alpha-2026-08-31.md
转换任意K线周期.md,variant_or_duplicate,other_alpha,other-alpha-2026-08-31.md
基于支点和斜率的实时趋势线交易-Real-time-Trendline-Trading-Based-on-Pivot-Points-and-Slope.md,variant_or_duplicate,other_alpha,other-alpha-2026-08-31.md
CTA策略之商品期货简易马丁格尔.md,variant_or_duplicate,other_alpha,other-alpha-2026-08-31.md
多重指标交叉动态仓位波动率自适应量化交易策略-Multi-Indicator-Dynamic-Position-Size-Volatility-Adaptive-Quantitative-Trading-Strategy.md,variant_or_duplicate,other_alpha,other-alpha-2026-08-31.md
SSS.md,variant_or_duplicate,other_alpha,other-alpha-2026-08-31.md
bollmaboll.md,variant_or_duplicate,other_alpha,other-alpha-2026-08-31.md
交易所上新币第一时间挂单机器人.md,variant_or_duplicate,other_alpha,other-alpha-2026-08-31.md
条件开仓马丁.md,variant_or_duplicate,other_alpha,other-alpha-2026-08-31.md
Binance-buy-and-sell-statistics币安买卖统计.md,variant_or_duplicate,other_alpha,other-alpha-2026-08-31.md
多重波动趋势追踪价格变化分析策略-Multi-Wave-Trend-Following-Price-Analysis-Strategy.md,variant_or_duplicate,other_alpha,other-alpha-2026-08-31.md
多因子策略Multi-factor-Strategy.md,variant_or_duplicate,other_alpha,other-alpha-2026-08-31.md
基于Chaikin资金流量CMF指标策略This-strategy-generates-trading-signals-based-on-the-Chaikin-Money-Flow-CMF.md,variant_or_duplicate,other_alpha,other-alpha-2026-08-31.md
彩虹震荡器交易策略Rainbow-Oscillator-Trading-Strategy.md,variant_or_duplicate,other_alpha,other-alpha-2026-08-31.md
多维度自适应趋势追踪与风险管理策略-Multi-Dimensional-Adaptive-Trend-Following-and-Risk-Management-Strategy.md,variant_or_duplicate,other_alpha,other-alpha-2026-08-31.md
大悦多因子量化策略The-Great-Delight-Multifactor-Quantitative-Strategy.md,variant_or_duplicate,other_alpha,other-alpha-2026-08-31.md
多因子均衡震荡器交易策略Ultimate-Balance-Oscillator-Trading-Strategy.md,variant_or_duplicate,other_alpha,other-alpha-2026-08-31.md
基于价格变化率与均线的量化策略Price-Change-Average-Pricing-Strategy-Based-on-Quantitative-Indicators.md,variant_or_duplicate,other_alpha,other-alpha-2026-08-31.md
坚固趋势追踪策略Robust-Trend-Tracking-Strategy.md,variant_or_duplicate,other_alpha,other-alpha-2026-08-31.md
交易时段VWMA动态价位上下穿透策略-Session-Based-VWMA-Dynamic-Level-Breakthrough-Strategy.md,variant_or_duplicate,other_alpha,other-alpha-2026-08-31.md
Relative-Strength-Index-Divergences-Libertus.md,variant_or_duplicate,other_alpha,other-alpha-2026-08-31.md
OKEX交易对信息.md,variant_or_duplicate,other_alpha,other-alpha-2026-08-31.md
融资融币统计.md,variant_or_duplicate,other_alpha,other-alpha-2026-08-31.md
Python-机器学习之-SVM-预测买卖.md,variant_or_duplicate,other_alpha,other-alpha-2026-08-31.md
逆转均值突破策略Reverse-Mean-Breakthrough-Strategy.md,variant_or_duplicate,other_alpha,other-alpha-2026-08-31.md
SSL通道双阶梯利润策略-SSL-Channel-Dual-Tranche-Profit-Strategy.md,variant_or_duplicate,other_alpha,other-alpha-2026-08-31.md
基于K线的双向突破交易策略Dual-Breakthrough-Strategy.md,variant_or_duplicate,other_alpha,other-alpha-2026-08-31.md
多指标趋势跟踪与震荡预警结合策略-Multi-Indicator-Trend-Following-with-Oscillator-Alert-Strategy.md,variant_or_duplicate,other_alpha,other-alpha-2026-08-31.md
KRT凯尔特纳通道.md,variant_or_duplicate,other_alpha,other-alpha-2026-08-31.md
基于日线枢轴的多空自动交易策略Automatic-Long-Short-Trading-Strategy-Based-on-Daily-Pivot-Points.md,variant_or_duplicate,other_alpha,other-alpha-2026-08-31.md
Linear-trend.md,variant_or_duplicate,other_alpha,other-alpha-2026-08-31.md
币安多交易对价格区间提醒.md,variant_or_duplicate,other_alpha,other-alpha-2026-08-31.md
FMEX简单排序挖矿机器人.md,variant_or_duplicate,other_alpha,other-alpha-2026-08-31.md
价格震荡辅助判断三因子模型Three-Factors-Model-for-Price-Oscillation-Detection.md,variant_or_duplicate,other_alpha,other-alpha-2026-08-31.md
振荡指标交易策略Reverasal-Indicator-Strategy.md,variant_or_duplicate,other_alpha,other-alpha-2026-08-31.md
ahr999定投策略.md,variant_or_duplicate,other_alpha,other-alpha-2026-08-31.md
基于多维度指标决策的短期趋势策略Multi-indicator-Decision-Based-Short-Term-Trend-Strategy.md,variant_or_duplicate,other_alpha,other-alpha-2026-08-31.md
均线加权标准差交易策略Weighted-Standard-Deviation-Trading-Strategy.md,variant_or_duplicate,other_alpha,other-alpha-2026-08-31.md
FMZ实盘机器人自动检测重启程序微信推送.md,variant_or_duplicate,other_alpha,other-alpha-2026-08-31.md
多因子趋势追踪量化策略-Multi-Factor-Trend-Following-Quantitative-Strategy.md,variant_or_duplicate,other_alpha,other-alpha-2026-08-31.md
Consolidation-Zones-Live.md,variant_or_duplicate,other_alpha,other-alpha-2026-08-31.md
JavaScript版K线数据行情收集器.md,variant_or_duplicate,other_alpha,other-alpha-2026-08-31.md
基于TSI和HMACCI指标的双边套利策略Trend-Surfing-Hedging-Strategy-Based-on-TSI-and-HMACCI-Indicators.md,variant_or_duplicate,other_alpha,other-alpha-2026-08-31.md
基于WaveTrend指标的趋势追踪策略WaveTrend-Cross-LazyBear-Strategy.md,variant_or_duplicate,other_alpha,other-alpha-2026-08-31.md
要饭机器人30.md,variant_or_duplicate,other_alpha,other-alpha-2026-08-31.md
差价监控.md,variant_or_duplicate,other_alpha,other-alpha-2026-08-31.md
随机入场出场策略Random-Entry-and-Exit-Strategy.md,variant_or_duplicate,other_alpha,other-alpha-2026-08-31.md
多重指标趋势跟踪增强型量化交易策略-Multi-Indicator-Trend-Following-Enhanced-Quantitative-Trading-Strategy.md,variant_or_duplicate,other_alpha,other-alpha-2026-08-31.md
海龟量化工具-海龟原版E-比率计算.md,variant_or_duplicate,other_alpha,other-alpha-2026-08-31.md
吕神简易波动率策略Pine语言版本.md,variant_or_duplicate,other_alpha,other-alpha-2026-08-31.md
多时间轴协同交易策略MT-Coordination-Trading-Strategy.md,variant_or_duplicate,other_alpha,other-alpha-2026-08-31.md
黄金分割波段震荡策略Fibonacci-Band-Oscillation-Strategy.md,variant_or_duplicate,other_alpha,other-alpha-2026-08-31.md
比特币和黄金5分钟震荡交易策略20Bitcoin-and-Gold-5-Minute-Scalping-Strategy-20.md,variant_or_duplicate,other_alpha,other-alpha-2026-08-31.md
Bullish-Engulfing买卖策略Bullish-Engulfing-Buy-and-Sell-Strategy.md,variant_or_duplicate,other_alpha,other-alpha-2026-08-31.md
反转PercentR连费通道策略PercentR-Reversa-Channe-Strategy.md,variant_or_duplicate,other_alpha,other-alpha-2026-08-31.md
动态支撑阻力枢轴自适应量化交易策略-Dynamic-Support-and-Resistance-Adaptive-Pivot-Trading-Strategy.md,variant_or_duplicate,other_alpha,other-alpha-2026-08-31.md
Noros-值道策略v11Noros-Price-Channel-Strategy-v11.md,variant_or_duplicate,other_alpha,other-alpha-2026-08-31.md
低波动率买入高波动率买入策略Buy-Low-Volatility-VS-Buy-High-Volatility-Strategy.md,variant_or_duplicate,other_alpha,other-alpha-2026-08-31.md
均线多空力量突破策略Volatility-Force-Breakthrough-Trading-Strategy.md,variant_or_duplicate,other_alpha,other-alpha-2026-08-31.md
价格震荡突破策略Volatility-Breakthrough-Strategy.md,variant_or_duplicate,other_alpha,other-alpha-2026-08-31.md
捕捉底部策略Bottom-Catching-Strategy.md,variant_or_duplicate,other_alpha,other-alpha-2026-08-31.md
多指标组合的短线量化交易策略Multi-Indicator-Short-Term-Algorithmic-Trading-Strategy.md,variant_or_duplicate,other_alpha,other-alpha-2026-08-31.md
Range-Filter-Buy-and-Sell-5min-Strategy.md,variant_or_duplicate,other_alpha,other-alpha-2026-08-31.md
基于月度买入日期的量化投资策略Quantitative-Investment-Strategy-Based-on-Monthly-Buy-Date.md,variant_or_duplicate,other_alpha,other-alpha-2026-08-31.md
幽灵趋势跟踪策略业务库.md,variant_or_duplicate,other_alpha,other-alpha-2026-08-31.md
双趋势均线智能追踪投资策略Dual-Trend-Lines-Intelligent-Tracking-BTC-Investment-Strategy.md,variant_or_duplicate,other_alpha,other-alpha-2026-08-31.md
爬取币安公告自动出售将要下架币crawl-Binance-announcements-and-sell-Delist-coin.md,variant_or_duplicate,other_alpha,other-alpha-2026-08-31.md
基于双移动平均线交叉的回调入场策略EintSimple-Pullback-Strategy.md,variant_or_duplicate,other_alpha,other-alpha-2026-08-31.md
基于多指标的趋势跟踪策略Trend-Following-Strategy-Based-on-Multiple-Indicators.md,variant_or_duplicate,other_alpha,other-alpha-2026-08-31.md
基于HullMA百分比带的量化交易策略Quant-Trading-Strategy-Based-on-HullMA-Percentage-Bands.md,variant_or_duplicate,other_alpha,other-alpha-2026-08-31.md
十五分钟图表高级交易信号策略-Advanced-15-Minute-Chart-Trading-Signal-Strategy.md,variant_or_duplicate,other_alpha,other-alpha-2026-08-31.md
跨趋势跟随套利181策略Valeria-181-Robot-Strategy-Improved-24.md,variant_or_duplicate,other_alpha,other-alpha-2026-08-31.md
基于趋势追踪和ADX指标的短线交易策略Trend-Tracking-and-Short-term-Trading-Strategy-Based-on-ADX-Indicator.md,variant_or_duplicate,other_alpha,other-alpha-2026-08-31.md
固定间距批量挂单插件.md,variant_or_duplicate,other_alpha,other-alpha-2026-08-31.md
收益率理论波动指标量化策略Profit-rate-theory-volatility-index-quantification-strategy.md,variant_or_duplicate,other_alpha,other-alpha-2026-08-31.md
牛熊长线多头策略Bullish-Divergence-Short-term-Long-Trade-Finder-Strategy.md,variant_or_duplicate,other_alpha,other-alpha-2026-08-31.md
多线程获取多个交易的账户信息.md,variant_or_duplicate,other_alpha,other-alpha-2026-08-31.md
Best-TradingView-Strategy.md,variant_or_duplicate,other_alpha,other-alpha-2026-08-31.md
OkEX合约-仓位管理系统.md,variant_or_duplicate,other_alpha,other-alpha-2026-08-31.md
基于Z值的趋势跟踪策略-Z-Score-Trend-Following-Strategy.md,variant_or_duplicate,other_alpha,other-alpha-2026-08-31.md
现代拉盖尔变换相对强弱指标优化策略-Modern-Laguerre-Transform-Relative-Strength-Index-Optimization-Strategy.md,variant_or_duplicate,other_alpha,other-alpha-2026-08-31.md
Price-Action策略Price-Action-Strategy.md,variant_or_duplicate,other_alpha,other-alpha-2026-08-31.md
基于双时间框架趋势追踪策略An-Advanced-Dual-Timeframe-Trend-Tracking-Strategy-for-a-Hot-Stock.md,variant_or_duplicate,other_alpha,other-alpha-2026-08-31.md
抛物线SAR趋势追踪策略Parabolic-SAR-Trend-Tracking-Strategy.md,variant_or_duplicate,other_alpha,other-alpha-2026-08-31.md
火币期货币币账户间资金划转范例.md,variant_or_duplicate,other_alpha,other-alpha-2026-08-31.md
游离波段震荡跟踪策略Isolation-Band-Oscillation-Tracking-Strategy.md,variant_or_duplicate,other_alpha,other-alpha-2026-08-31.md
各大交易所资金费率汇总.md,variant_or_duplicate,other_alpha,other-alpha-2026-08-31.md
子辰量化无限网格交易策略.md,variant_or_duplicate,other_alpha,other-alpha-2026-08-31.md
FMEX简单交易挖矿机器人.md,variant_or_duplicate,other_alpha,other-alpha-2026-08-31.md
基于回测试区间Coral-Trend指标的瑞波策略Coral-Trend-Pullback-Strategy.md,variant_or_duplicate,other_alpha,other-alpha-2026-08-31.md
基于价格行为的机构交易策略Institutional-Trader-Strategy-Based-on-Price-Action.md,variant_or_duplicate,other_alpha,other-alpha-2026-08-31.md
价格波动报警.md,variant_or_duplicate,other_alpha,other-alpha-2026-08-31.md
大中小三周期跃迁策略V20_现货_测试.md,variant_or_duplicate,other_alpha,other-alpha-2026-08-31.md
改进波浪跟踪策略Improved-Wave-Trend-Tracking-Strategy.md,variant_or_duplicate,other_alpha,other-alpha-2026-08-31.md
RAVI-FX-Fisher.md,variant_or_duplicate,other_alpha,other-alpha-2026-08-31.md
多指标评分交易策略Multi-Indicator-Scoring-Trading-Strategy.md,variant_or_duplicate,other_alpha,other-alpha-2026-08-31.md
基于OBVCMO和Coppock曲线的交易策略OBV-CMO-and-Coppock-Curve-Based-Trading-Strategy.md,variant_or_duplicate,other_alpha,other-alpha-2026-08-31.md
金叉死叉长线多因子策略Golden-Cross-Death-Cross-Long-term-Multi-factor-Strategy.md,variant_or_duplicate,other_alpha,other-alpha-2026-08-31.md
量化交易信号追踪与多样化退出策略优化系统-Quantitative-Trading-Signal-Tracking-and-Multi-Exit-Strategy-Optimization-System.md,variant_or_duplicate,other_alpha,other-alpha-2026-08-31.md
双机制动态趋势追踪策略Dual-Mechanism-Dynamic-Trend-Tracking-Strategy.md,variant_or_duplicate,other_alpha,other-alpha-2026-08-31.md
Keltner通道突破回抽策略Keltner-Channel-Pullback-Strategy.md,variant_or_duplicate,other_alpha,other-alpha-2026-08-31.md
Shannon-Entropy-V2.md,variant_or_duplicate,other_alpha,other-alpha-2026-08-31.md
50资金50仓位动态平衡量化策略Dynamic-Balancing-Strategy-with-50-Funds-and-50-Positions.md,variant_or_duplicate,other_alpha,other-alpha-2026-08-31.md
基于市场促进指数的交易策略Trading-Strategy-Based-on-Market-Facilitation-Index.md,variant_or_duplicate,other_alpha,other-alpha-2026-08-31.md
函数自动容错模板.md,variant_or_duplicate,other_alpha,other-alpha-2026-08-31.md
基于随机森林的趋势策略.md,variant_or_duplicate,other_alpha,other-alpha-2026-08-31.md
双向趋势追踪策略Dual-Trend-Tracking-Strategy.md,variant_or_duplicate,other_alpha,other-alpha-2026-08-31.md
破底回补策略Bottom-Fishing-Strategy.md,variant_or_duplicate,other_alpha,other-alpha-2026-08-31.md
双OTT趋势跟踪策略Twin-Optimized-Trend-Tracker-Strategy.md,variant_or_duplicate,other_alpha,other-alpha-2026-08-31.md
艾略特波浪理论4-9脉冲波自动检测交易策略-Elliott-Wave-Theory-4-9-Impulse-Wave-Automatic-Detection-Trading-Strategy.md,variant_or_duplicate,other_alpha,other-alpha-2026-08-31.md
平衡挂单策略教学.md,variant_or_duplicate,other_alpha,other-alpha-2026-08-31.md
双重指标策略Dual-Indicator-Strategy.md,variant_or_duplicate,other_alpha,other-alpha-2026-08-31.md
网格变形策略之单边网格-注释.md,variant_or_duplicate,other_alpha,other-alpha-2026-08-31.md
币安合约BNB手续费抵扣-自动购买自动划转.md,variant_or_duplicate,other_alpha,other-alpha-2026-08-31.md
基于Nadaraya-Watson的多维度整合交易策略-Multi-Dimensional-Integration-Trading-Strategy-Based-on-Nadaraya-Watson.md,variant_or_duplicate,other_alpha,other-alpha-2026-08-31.md
趋势策略V10-公开.md,variant_or_duplicate,other_alpha,other-alpha-2026-08-31.md
计划委托买入.md,variant_or_duplicate,other_alpha,other-alpha-2026-08-31.md
基于双量化交易系统The-Dual-Quant-Trading-System.md,variant_or_duplicate,other_alpha,other-alpha-2026-08-31.md
移位进出策略V20Shift-Exit-Strategy-v20.md,variant_or_duplicate,other_alpha,other-alpha-2026-08-31.md
多交易所集合行情-下单-策略-范例.md,variant_or_duplicate,other_alpha,other-alpha-2026-08-31.md
基于CT-TTM指标的量化交易策略CT-TTM-Squeeze-Based-Quantitative-Trading-Strategy.md,variant_or_duplicate,other_alpha,other-alpha-2026-08-31.md
动态加仓策略Dynamic-Pyramiding-Strategy.md,variant_or_duplicate,other_alpha,other-alpha-2026-08-31.md
基于价格通道的VWAP交易策略Price-Channel-VWAP-Trading-Strategy.md,variant_or_duplicate,other_alpha,other-alpha-2026-08-31.md
双时间框架趋势跟踪策略Dual-Timeframe-Trend-Tracking-Strategy.md,variant_or_duplicate,other_alpha,other-alpha-2026-08-31.md
定时下单策略Timed-Order-Strategy.md,variant_or_duplicate,other_alpha,other-alpha-2026-08-31.md
基于肯特纳通道和CCI指标的趋势过滤量化策略Trend-Filter-Quantitative-Strategy-Based-on-Keltner-Channels-and-CCI-Indicator.md,variant_or_duplicate,other_alpha,other-alpha-2026-08-31.md
可变图表示例.md,variant_or_duplicate,other_alpha,other-alpha-2026-08-31.md
跨均线多指标交易策略Parabolic-Stop-and-Reserve-Multi-Indicator-Trading-Strategy.md,variant_or_duplicate,other_alpha,other-alpha-2026-08-31.md
Range-Filter-Buy-and-Sell.md,variant_or_duplicate,other_alpha,other-alpha-2026-08-31.md
Convert_Record_Cycle.md,variant_or_duplicate,other_alpha,other-alpha-2026-08-31.md
多重因子反转趋势交易策略-Multi-Factor-Counter-Trend-Trading-Strategy.md,variant_or_duplicate,other_alpha,other-alpha-2026-08-31.md
分享-逐棒分析多空强弱指示器.md,variant_or_duplicate,other_alpha,other-alpha-2026-08-31.md
基于波动率和回归线的多空市场机制优化策略-Volatility-and-Linear-Regression-based-Long-Short-Market-Regime-Optimization-Strategy.md,variant_or_duplicate,other_alpha,other-alpha-2026-08-31.md
各平台策略代写区块链5年专业经验低价高质量薇芯bov1107.md,variant_or_duplicate,other_alpha,other-alpha-2026-08-31.md
Deribit期权测试策略.md,variant_or_duplicate,other_alpha,other-alpha-2026-08-31.md
自动交易趋势追踪动态风险管理策略-Automated-Trading-Trend-Tracking-Dynamic-Risk-Management-Strategy.md,variant_or_duplicate,other_alpha,other-alpha-2026-08-31.md
混合性的交易策略SP500-Hybrid-Seasonal-Trading-Strategy.md,variant_or_duplicate,other_alpha,other-alpha-2026-08-31.md
动态CCI支撑阻力策略Dynamic-CCI-Support-and-Resistance-Strategy.md,variant_or_duplicate,other_alpha,other-alpha-2026-08-31.md
基于OBV和CCI指标的趋势追踪策略OBV-and-CCI-Indicators-Based-Trend-Following-Strategy.md,variant_or_duplicate,other_alpha,other-alpha-2026-08-31.md
基于多指标验证的量化交易策略Quantitative-Trading-Strategy-with-Multi-Indicator-Confirmation.md,variant_or_duplicate,other_alpha,other-alpha-2026-08-31.md
jma-dwma-by-multigrain.md,variant_or_duplicate,other_alpha,other-alpha-2026-08-31.md
同级高低策略Same-High-Low-Strategy.md,variant_or_duplicate,other_alpha,other-alpha-2026-08-31.md
EHMA-Range-Strategy.md,variant_or_duplicate,other_alpha,other-alpha-2026-08-31.md
derbit-期权回测测试.md,variant_or_duplicate,other_alpha,other-alpha-2026-08-31.md
马丁策略-V001.md,variant_or_duplicate,other_alpha,other-alpha-2026-08-31.md
简单马丁格尔btc合约修改加仓倍率.md,variant_or_duplicate,other_alpha,other-alpha-2026-08-31.md
中央跳空与趋势追踪交易策略Price-Gap-and-Trend-Following-Trading-Strategy.md,variant_or_duplicate,other_alpha,other-alpha-2026-08-31.md
彩云策略Kairou-Strategy.md,variant_or_duplicate,other_alpha,other-alpha-2026-08-31.md
Flawless-Victory-Strategy.md,variant_or_duplicate,other_alpha,other-alpha-2026-08-31.md
Twin-Range-Filter.md,variant_or_duplicate,other_alpha,other-alpha-2026-08-31.md
标准上涨五浪下跌五浪策略.md,variant_or_duplicate,other_alpha,other-alpha-2026-08-31.md
双向趋势追踪-Renko-交易策略Dual-direction-Trend-Tracking-Renko-Trading-Strategy.md,variant_or_duplicate,other_alpha,other-alpha-2026-08-31.md
多重指标交叉智能型趋势交易策略-Multi-Indicator-Cross-Intelligence-Trend-Trading-Strategy.md,variant_or_duplicate,other_alpha,other-alpha-2026-08-31.md
HFT高频订单流因子.md,variant_or_duplicate,other_alpha,other-alpha-2026-08-31.md
魔改马丁双向持仓.md,variant_or_duplicate,other_alpha,other-alpha-2026-08-31.md
获取持仓均价你用对了吗.md,variant_or_duplicate,other_alpha,other-alpha-2026-08-31.md
交易心理控制均衡策略Trading-Psychology-Balancing-Strategy.md,variant_or_duplicate,other_alpha,other-alpha-2026-08-31.md
GuoJian_First.md,variant_or_duplicate,other_alpha,other-alpha-2026-08-31.md
账号内所有订单显示U本位.md,variant_or_duplicate,other_alpha,other-alpha-2026-08-31.md
NMVOB-S.md,variant_or_duplicate,other_alpha,other-alpha-2026-08-31.md
基于收盘价突破的买入策略Buy-Strategy-Based-on-Close-Price-Breakthrough.md,variant_or_duplicate,other_alpha,other-alpha-2026-08-31.md
均线策略python版.md,variant_or_duplicate,other_alpha,other-alpha-2026-08-31.md
单边网格.md,variant_or_duplicate,other_alpha,other-alpha-2026-08-31.md
GBS高低点确认策略-GBS-TOP-BOTTOM-Confirmed-Strategy.md,variant_or_duplicate,other_alpha,other-alpha-2026-08-31.md
指数对冲修罗场-001.md,variant_or_duplicate,other_alpha,other-alpha-2026-08-31.md
多因子动态适应型趋势跟踪策略-Multi-Factor-Dynamic-Adaptive-Trend-Following-Strategy.md,variant_or_duplicate,other_alpha,other-alpha-2026-08-31.md
双重时间框架动态支撑位交易系统-Dual-Timeframe-Dynamic-Support-Trading-System.md,variant_or_duplicate,other_alpha,other-alpha-2026-08-31.md
基于斐波那契07水平的趋势突破量化交易策略-Quantitative-Trading-Strategy-Based-on-Fibonacci-07-Level-Trend-Breakthrough.md,variant_or_duplicate,other_alpha,other-alpha-2026-08-31.md
Pivot-Points-High-Low-Multi-Time-Frame.md,variant_or_duplicate,other_alpha,other-alpha-2026-08-31.md
Mobo-Bands.md,variant_or_duplicate,other_alpha,other-alpha-2026-08-31.md
多重指标趋势追踪策略-Multi-Indicator-Trend-Following-Strategy.md,variant_or_duplicate,other_alpha,other-alpha-2026-08-31.md
币安合约网格-基础版本-001.md,variant_or_duplicate,other_alpha,other-alpha-2026-08-31.md
折线交易策略Trend-Line-Trading-Strategy.md,variant_or_duplicate,other_alpha,other-alpha-2026-08-31.md
K线连续数目牛熊判断策略-K-Consecutive-Candles-Bull-Bear-Strategy.md,variant_or_duplicate,other_alpha,other-alpha-2026-08-31.md
短期极限空头策略Extreme-Short-term-Scalping-Strategy.md,variant_or_duplicate,other_alpha,other-alpha-2026-08-31.md
双重强力指标策略Double-Strong-Indicators-Strategy.md,variant_or_duplicate,other_alpha,other-alpha-2026-08-31.md
智能间隔倍投策略出售版.md,variant_or_duplicate,other_alpha,other-alpha-2026-08-31.md
牛熊小卖部策略V10_OKex合约.md,variant_or_duplicate,other_alpha,other-alpha-2026-08-31.md
新手上路CoinEx交易-LTC_USDT.md,variant_or_duplicate,other_alpha,other-alpha-2026-08-31.md
干货-选币系统-选币因子.md,variant_or_duplicate,other_alpha,other-alpha-2026-08-31.md
币安-提币范例代码.md,variant_or_duplicate,other_alpha,other-alpha-2026-08-31.md
对冲27收益率统计系统-支持多组账号统计.md,variant_or_duplicate,other_alpha,other-alpha-2026-08-31.md
Chandelier-Exit.md,variant_or_duplicate,other_alpha,other-alpha-2026-08-31.md
多指标结合期权交易策略-Multi-Indicator-Options-Trading-Strategy.md,variant_or_duplicate,other_alpha,other-alpha-2026-08-31.md
基于量化指标多空信号的多空双向交易策略Dual-directional-Trading-Strategy-Based-on-Quantitative-Indicators-Bullish-and-Bearish-Signals.md,variant_or_duplicate,other_alpha,other-alpha-2026-08-31.md
SuperTREX.md,variant_or_duplicate,other_alpha,other-alpha-2026-08-31.md
双重确认量化交易策略Dual-Confirmation-Quant-Trading-Strategy.md,variant_or_duplicate,other_alpha,other-alpha-2026-08-31.md
基于K线构建的多头突破策略Long-Breakthrough-Strategy-Based-on-K-Line-Construction.md,variant_or_duplicate,other_alpha,other-alpha-2026-08-31.md
代码交易日均价乖离策略Price-Deviation-from-Daily-Average-Trading-Strategy.md,variant_or_duplicate,other_alpha,other-alpha-2026-08-31.md
测试默认参数组功能.md,variant_or_duplicate,other_alpha,other-alpha-2026-08-31.md
动态价格通道交易策略Dynamic-Price-Channel-Trading-Strategy.md,variant_or_duplicate,other_alpha,other-alpha-2026-08-31.md
均线傻瓜版.md,variant_or_duplicate,other_alpha,other-alpha-2026-08-31.md
Bullish-Bearish-Engulfing.md,variant_or_duplicate,other_alpha,other-alpha-2026-08-31.md
顺大势逆小势策略之代码实现及可行性分析.md,variant_or_duplicate,other_alpha,other-alpha-2026-08-31.md
VuManChu-Cipher-B-Divergences-Strategy.md,variant_or_duplicate,other_alpha,other-alpha-2026-08-31.md
Low-Scanner-strategy-crypto.md,variant_or_duplicate,other_alpha,other-alpha-2026-08-31.md
海龟汤策略反趋势交易策略.md,variant_or_duplicate,other_alpha,other-alpha-2026-08-31.md
多重动态指标组合策略-Multi-Dynamic-Indicator-Combination-Strategy.md,variant_or_duplicate,other_alpha,other-alpha-2026-08-31.md
基于多重指标的比特币日线交易策略Multi-Indicator-Bitcoin-Daily-Trading-Strategy.md,variant_or_duplicate,other_alpha,other-alpha-2026-08-31.md
均衡线PSAR指标交易策略Heikin-Ashi-PSAR-Trend-Trading-Strategy.md,variant_or_duplicate,other_alpha,other-alpha-2026-08-31.md
基于WaveTrend指标的趋势追踪策略WaveTrend-Trend-Following-Trading-Strategy.md,variant_or_duplicate,other_alpha,other-alpha-2026-08-31.md
ADX智能趋势跟踪策略ADX-Intelligent-Trend-Tracking-Strategy.md,variant_or_duplicate,other_alpha,other-alpha-2026-08-31.md
定期定额投资BTC盈利验证.md,variant_or_duplicate,other_alpha,other-alpha-2026-08-31.md
Hull-Suite-Strategy.md,variant_or_duplicate,other_alpha,other-alpha-2026-08-31.md
穿越时空的莫非指标策略Money-Flow-Index-5-Minute-Strategy-Across-Time-and-Space.md,variant_or_duplicate,other_alpha,other-alpha-2026-08-31.md
自适应价格通道策略Adaptive-Price-Channel-Strategy.md,variant_or_duplicate,other_alpha,other-alpha-2026-08-31.md
Vegas-Trend-Wave-Strategy.md,variant_or_duplicate,other_alpha,other-alpha-2026-08-31.md
双向ADX交易策略Dual-directional-ADX-Trading-Strategy.md,variant_or_duplicate,other_alpha,other-alpha-2026-08-31.md
斐波那契数列策略.md,variant_or_duplicate,other_alpha,other-alpha-2026-08-31.md
均仓策略.md,variant_or_duplicate,other_alpha,other-alpha-2026-08-31.md
TradingView信号执行策略内建Http服务版本.md,variant_or_duplicate,other_alpha,other-alpha-2026-08-31.md
多指标结合量化交易策略Multi-indicator-Combined-Quantitative-Trading-Strategy.md,variant_or_duplicate,other_alpha,other-alpha-2026-08-31.md
趋势追踪优化双T3指标策略-Optimized-Dual-T3-Trend-Tracking-Strategy.md,variant_or_duplicate,other_alpha,other-alpha-2026-08-31.md
RePaNoCHa量化交易策略RePaNoCHa-Quantitative-Trading-Strategy.md,variant_or_duplicate,other_alpha,other-alpha-2026-08-31.md
KD-Dual-direction-Tracking-Strategy.md,variant_or_duplicate,other_alpha,other-alpha-2026-08-31.md
The-Gunbot-Bands-Strategy.md,variant_or_duplicate,other_alpha,other-alpha-2026-08-31.md
极化分形效率PFE交易策略Polarized-Fractal-Efficiency-PFE-Trading-Strategy.md,variant_or_duplicate,other_alpha,other-alpha-2026-08-31.md
Heikin-Ashi-Trend.md,variant_or_duplicate,other_alpha,other-alpha-2026-08-31.md
多指标趋势交叉策略之牛市支撑带交易系统-Multi-Indicator-Trend-Crossing-Strategy-Bull-Market-Support-Band-Trading-System.md,variant_or_duplicate,other_alpha,other-alpha-2026-08-31.md
动向指数双向交易策略Directional-Movement-Index-Dual-direction-Trading-Strategy.md,variant_or_duplicate,other_alpha,other-alpha-2026-08-31.md
三色交叉趋势追踪策略Three-Color-Cross-Trend-Tracking-Strategy.md,variant_or_duplicate,other_alpha,other-alpha-2026-08-31.md
双漩涡指标结合真实强度指标的趋势追踪策略Trend-Tracking-Strategy-Based-on-Dual-Vortex-Indicator-Combined-with-True-Strength-Index.md,variant_or_duplicate,other_alpha,other-alpha-2026-08-31.md
清晰趋势追踪策略Clear-Trend-Tracking-Strategy.md,variant_or_duplicate,other_alpha,other-alpha-2026-08-31.md
多个因子量化交易策略Multi-factor-Quantitative-Trading-Strategy.md,variant_or_duplicate,other_alpha,other-alpha-2026-08-31.md
Big-candle分享.md,variant_or_duplicate,other_alpha,other-alpha-2026-08-31.md
马丁变种原始版.md,variant_or_duplicate,other_alpha,other-alpha-2026-08-31.md
Price-Divergence-Strategy-v10.md,variant_or_duplicate,other_alpha,other-alpha-2026-08-31.md
趋势成块策略Sizeblock-Strategy.md,variant_or_duplicate,other_alpha,other-alpha-2026-08-31.md
抢盘口做市策略-高频逼近型.md,variant_or_duplicate,other_alpha,other-alpha-2026-08-31.md
TD狄马克序列.md,variant_or_duplicate,other_alpha,other-alpha-2026-08-31.md
布林带策略止盈和马丁格尔倍投.md,variant_or_duplicate,other_alpha,other-alpha-2026-08-31.md
定投新手入门每周100USDT左右-定期不定额-100USDT-Invested-Every-Week-Regular-Variable-Investment.md,variant_or_duplicate,other_alpha,other-alpha-2026-08-31.md
钉钉推送.md,variant_or_duplicate,other_alpha,other-alpha-2026-08-31.md
SAR-3SMMA-with-SL-TP.md,variant_or_duplicate,other_alpha,other-alpha-2026-08-31.md
Python版简单网格策略教学.md,variant_or_duplicate,other_alpha,other-alpha-2026-08-31.md
Uniswap-V3-交易类库Uniswap-V3-Trade-Template.md,variant_or_duplicate,other_alpha,other-alpha-2026-08-31.md
二级平滑移动平均线追踪交易策略Lagging-Span-2-Line-Tracking-Trading-Strategy.md,variant_or_duplicate,other_alpha,other-alpha-2026-08-31.md
基于动态支撑阻力带的趋势跟踪策略Trend-Tracking-Strategy-Based-on-Dynamic-Pivot-Bands.md,variant_or_duplicate,other_alpha,other-alpha-2026-08-31.md
Brick-count-Renko.md,variant_or_duplicate,other_alpha,other-alpha-2026-08-31.md
多指标动态平衡量化交易系统-Multi-Indicator-Dynamic-Equilibrium-Quantitative-Trading-System.md,variant_or_duplicate,other_alpha,other-alpha-2026-08-31.md
双因子量化交易策略Dual-factor-Quant-Trading-Strategy.md,variant_or_duplicate,other_alpha,other-alpha-2026-08-31.md
动态双重技术指标超卖超买确认交易策略-Dynamic-Dual-Technical-Indicator-Oversold-Overbought-Confirmation-Trading-Strategy.md,variant_or_duplicate,other_alpha,other-alpha-2026-08-31.md
均线趋势追踪策略Trend-Following-Strategy.md,variant_or_duplicate,other_alpha,other-alpha-2026-08-31.md
多交易所并发插件.md,variant_or_duplicate,other_alpha,other-alpha-2026-08-31.md
高频收割机一号.md,variant_or_duplicate,other_alpha,other-alpha-2026-08-31.md
高级马尔可夫模型技术指标融合交易策略Advanced-Markov-Model-Technical-Indicator-Fusion-Trading-Strategy.md,variant_or_duplicate,other_alpha,other-alpha-2026-08-31.md
数字货币期货类马丁策略.md,variant_or_duplicate,other_alpha,other-alpha-2026-08-31.md
基于直方图破裂的交易策略Fundamental-Pinbar-Trading-Strategy.md,variant_or_duplicate,other_alpha,other-alpha-2026-08-31.md
测试策略界面参数.md,variant_or_duplicate,other_alpha,other-alpha-2026-08-31.md
基于动态吞噬趋势策略Dynamic-Engulfing-Trend-Strategy.md,variant_or_duplicate,other_alpha,other-alpha-2026-08-31.md
支撑阻力震荡交易策略Quantitative-Support-and-Resistance-Oscillation-Strategy.md,variant_or_duplicate,other_alpha,other-alpha-2026-08-31.md
三龙复合技术交易策略Triple-Dragon-System.md,variant_or_duplicate,other_alpha,other-alpha-2026-08-31.md
Super-trend-B.md,variant_or_duplicate,other_alpha,other-alpha-2026-08-31.md
有人爆仓时开反向单.md,variant_or_duplicate,other_alpha,other-alpha-2026-08-31.md
基于支撑位和阻力位的技术分析交易策略-Trading-Strategy-Based-on-Support-and-Resistance-Levels-Using-Technical-Analysis.md,variant_or_duplicate,other_alpha,other-alpha-2026-08-31.md
开放价格交易策略Open-Price-Trading-Strategy.md,variant_or_duplicate,other_alpha,other-alpha-2026-08-31.md
多重指标的量化交易策略Quantitative-Trading-Strategy-Based-on-Multiple-Indicators.md,variant_or_duplicate,other_alpha,other-alpha-2026-08-31.md
修正动向指数策略Modified-Directional-Movement-Index-Strategy.md,variant_or_duplicate,other_alpha,other-alpha-2026-08-31.md
多指标协同长线交易策略-Multi-Indicator-Synergy-Long-Term-Trading-Strategy.md,variant_or_duplicate,other_alpha,other-alpha-2026-08-31.md
Indicator-WaveTrend-Oscillator.md,variant_or_duplicate,other_alpha,other-alpha-2026-08-31.md
冰山委托买入-Jason.md,variant_or_duplicate,other_alpha,other-alpha-2026-08-31.md
Scalping-Swing-Trading-Tool-R1-4.md,variant_or_duplicate,other_alpha,other-alpha-2026-08-31.md
基于拉里康诺斯的经典策略Oscillation-Breakthrough-Strategy.md,variant_or_duplicate,other_alpha,other-alpha-2026-08-31.md
八日扩展运行策略Eight-Day-Extended-Run-Strategy.md,variant_or_duplicate,other_alpha,other-alpha-2026-08-31.md
3-10震荡器轮廓标记策略3-10-Oscillator-Profile-Flagging-Strategy.md,variant_or_duplicate,other_alpha,other-alpha-2026-08-31.md
多周期平滑Heikin-Ashi趋势跟踪量化交易系统-Multi-Timeframe-Smoothed-Heikin-Ashi-Trend-Following-Quantitative-Trading-System.md,variant_or_duplicate,other_alpha,other-alpha-2026-08-31.md
币安止盈止损和仓位止盈止损接口U本位合约.md,variant_or_duplicate,other_alpha,other-alpha-2026-08-31.md
渦涡震荡器趋势追踪策略The-Vortex-Oscillator-Trend-Following-Strategy.md,variant_or_duplicate,other_alpha,other-alpha-2026-08-31.md
记录净资产变动情况20.md,variant_or_duplicate,other_alpha,other-alpha-2026-08-31.md
趋势跟踪型能量指标交易策略Trend-Following-Energy-Indicator-Trading-Strategy.md,variant_or_duplicate,other_alpha,other-alpha-2026-08-31.md
动态波动性交易法多时间维度嵌套技术指标结合极端行情监控的期货量化策略-Dynamic-Volatility-Trading-System-Multi-Timeframe-Nested-Technical-Indicator-Strategy-with-Extreme-Market-Condition-Monitoring-for-Futures.md,variant_or_duplicate,other_alpha,other-alpha-2026-08-31.md
基于柴金波动率指标的短线交易策略Short-term-Trading-Strategy-Based-on-Chaikin-Volatility-Indicator.md,variant_or_duplicate,other_alpha,other-alpha-2026-08-31.md
Accurate-Swing-Trading-System.md,variant_or_duplicate,other_alpha,other-alpha-2026-08-31.md
基于Voss滤波器和趋势指标的量化交易策略Quantitative-Trading-Strategy-Based-on-Voss-Filter-and-Trend-Indicator.md,variant_or_duplicate,other_alpha,other-alpha-2026-08-31.md
2014年的简易比特币高频策略机器人.md,variant_or_duplicate,other_alpha,other-alpha-2026-08-31.md
多时间周期过滤趋势跟踪策略Multiple-Timeframe-Filtered-Trend-Following-Strategy.md,variant_or_duplicate,other_alpha,other-alpha-2026-08-31.md
动量通道跟踪策略Keltner-Channel-Tracking-Strategy.md,variant_or_duplicate,other_alpha,other-alpha-2026-08-31.md
ZigZag-PA-Strategy-V41.md,variant_or_duplicate,other_alpha,other-alpha-2026-08-31.md
火币精度.md,variant_or_duplicate,other_alpha,other-alpha-2026-08-31.md
三角套利赚取小币种盘口价差.md,variant_or_duplicate,other_alpha,other-alpha-2026-08-31.md
Enhanced-Fish-Net-Strategy.md,variant_or_duplicate,other_alpha,other-alpha-2026-08-31.md
动态多周期中轴趋势突破策略-Dynamic-Multi-Timeframe-Pivot-Trend-Breakthrough-Strategy.md,variant_or_duplicate,other_alpha,other-alpha-2026-08-31.md
多因子策略组合Multi-Factor-Strategy-Combination.md,variant_or_duplicate,other_alpha,other-alpha-2026-08-31.md
Fukuiz-Trend.md,variant_or_duplicate,other_alpha,other-alpha-2026-08-31.md
基于历史数据的动态支撑阻力策略Dynamic-Support-and-Resistance-Strategy-Based-on-Historical-Data.md,variant_or_duplicate,other_alpha,other-alpha-2026-08-31.md
动态波浪趋势与斐波那契综合量化交易策略-Dynamic-WaveTrend-and-Fibonacci-Integrated-Quantitative-Trading-Strategy.md,variant_or_duplicate,other_alpha,other-alpha-2026-08-31.md
动态信号线趋势追踪与波动率过滤策略-Dynamic-Signal-Line-Trend-Following-and-Volatility-Filtering-Strategy.md,variant_or_duplicate,other_alpha,other-alpha-2026-08-31.md
Quantitative-Trend-Trading-Strategy-Using-Polynomial-Regression.md,variant_or_duplicate,other_alpha,other-alpha-2026-08-31.md
行情中心延时.md,variant_or_duplicate,other_alpha,other-alpha-2026-08-31.md
数字货币现货打新抢币策略教学.md,variant_or_duplicate,other_alpha,other-alpha-2026-08-31.md
每日高低打击策略Daily-HIGH-LOW-Strategy.md,variant_or_duplicate,other_alpha,other-alpha-2026-08-31.md
月度回报双极化策略Bi-Polar-Monthly-Return-Strategy.md,variant_or_duplicate,other_alpha,other-alpha-2026-08-31.md
Smooth-HA-Candles-MTF-v1.md,variant_or_duplicate,other_alpha,other-alpha-2026-08-31.md
本地存储.md,variant_or_duplicate,other_alpha,other-alpha-2026-08-31.md
Bitmex获取amount.md,variant_or_duplicate,other_alpha,other-alpha-2026-08-31.md
移植-OKCoin-韭菜收割机.md,variant_or_duplicate,other_alpha,other-alpha-2026-08-31.md
多时段流动性扫荡趋势确认量化交易策略-Multi-Timeframe-Liquidity-Sweep-Trend-Confirmation-Quantitative-Trading-Strategy.md,variant_or_duplicate,other_alpha,other-alpha-2026-08-31.md
PresentTrend趋势跟随策略PresentTrend-Trend-Following-Strategy.md,variant_or_duplicate,other_alpha,other-alpha-2026-08-31.md
双信号量化反转策略Reverse-Triad-Quantitative-Strategy.md,variant_or_duplicate,other_alpha,other-alpha-2026-08-31.md
收盘买入次日开盘止盈策略Close-Buying-Next-Open-Profit-Taking-Strategy.md,variant_or_duplicate,other_alpha,other-alpha-2026-08-31.md
多指标趋势追踪策略Multi-indicator-Trend-Following-Strategy.md,variant_or_duplicate,other_alpha,other-alpha-2026-08-31.md
获取和讯期货数据Python版本.md,variant_or_duplicate,other_alpha,other-alpha-2026-08-31.md
Deribit期权Delta动态对冲策略教学.md,variant_or_duplicate,other_alpha,other-alpha-2026-08-31.md
多均线策略.md,variant_or_duplicate,other_alpha,other-alpha-2026-08-31.md
PlanB-Quant-Investing-101-v2.md,variant_or_duplicate,other_alpha,other-alpha-2026-08-31.md
Easy-stock.md,variant_or_duplicate,other_alpha,other-alpha-2026-08-31.md
反向拉斯维加斯定量交易策略Inverse-Las-Vegas-Algorithmic-Trading-Strategy.md,variant_or_duplicate,other_alpha,other-alpha-2026-08-31.md
Consecutive-Up-Down-N-Days-Strategy.md,variant_or_duplicate,other_alpha,other-alpha-2026-08-31.md
超级趋势反转策略Super-Trend-Reverse-Strategy.md,variant_or_duplicate,other_alpha,other-alpha-2026-08-31.md
多因子反转量化交易策略Multi-factor-Quantitative-Trading-Strategy.md,variant_or_duplicate,other_alpha,other-alpha-2026-08-31.md
回撤开仓策略Drawdown-Entry-Strategy.md,variant_or_duplicate,other_alpha,other-alpha-2026-08-31.md
基于多重指标的趋势追踪策略Trend-Tracking-Strategy-Based-on-Multi-indicator.md,variant_or_duplicate,other_alpha,other-alpha-2026-08-31.md
牛市追涨杀跌策略Bull-Market-Buy-Dips-Strategy.md,variant_or_duplicate,other_alpha,other-alpha-2026-08-31.md
基于价格偏离的趋势追踪策略Deviation-Based-Trend-Tracking-Strategy.md,variant_or_duplicate,other_alpha,other-alpha-2026-08-31.md
Intraday-BUY-SELL.md,variant_or_duplicate,other_alpha,other-alpha-2026-08-31.md
黄金交叉追涨杀跌策略Golden-Cross-Trend-Following-Strategy.md,variant_or_duplicate,other_alpha,other-alpha-2026-08-31.md
双VWAP均线震荡突破策略Double-VWAP-Oscillation-Breakthrough-Strategy.md,variant_or_duplicate,other_alpha,other-alpha-2026-08-31.md
Pivot-Trend.md,variant_or_duplicate,other_alpha,other-alpha-2026-08-31.md
多Bar同向策略Multi-Bar-Direction-Strategy.md,variant_or_duplicate,other_alpha,other-alpha-2026-08-31.md
威廉姆斯分形结合ZZ指标的量化交易策略Williams-Fractals-Combined-with-ZZ-Indicator-for-Quantitative-Trading-Strategies.md,variant_or_duplicate,other_alpha,other-alpha-2026-08-31.md
基于人工神经网络的量化交易策略ANN-based-Quantitative-Trading-Strategy.md,variant_or_duplicate,other_alpha,other-alpha-2026-08-31.md
增强型趋势跟踪策略基于ADX与抛物线SAR的动态趋势识别系统-Enhanced-Trend-Following-System-Dynamic-Trend-Identification-Based-on-ADX-and-Parabolic-SAR.md,variant_or_duplicate,other_alpha,other-alpha-2026-08-31.md
币安合约websocket接口查询持仓账户范例.md,variant_or_duplicate,other_alpha,other-alpha-2026-08-31.md
多市场自适应多指标组合趋势跟踪策略-Multi-Market-Adaptive-Multi-Indicator-Trend-Following-Strategy.md,variant_or_duplicate,other_alpha,other-alpha-2026-08-31.md
基于K线方向简易的量化交易策略Simple-Quantitative-Trading-Strategy-Based-on-Candle-Direction.md,variant_or_duplicate,other_alpha,other-alpha-2026-08-31.md
市场结构摆动交易策略-Market-Structure-Swing-Trading-Strategy.md,variant_or_duplicate,other_alpha,other-alpha-2026-08-31.md
威廉姆累积-分配指标Williams-AD策略Williams-Accumulation-Distribution-Williams-AD-Strategy.md,variant_or_duplicate,other_alpha,other-alpha-2026-08-31.md
复杂看盘图表测试版.md,variant_or_duplicate,other_alpha,other-alpha-2026-08-31.md
Sell-in-May-Buy-in-September-Strategy.md,variant_or_duplicate,other_alpha,other-alpha-2026-08-31.md
修正相对强弱指数趋势跟踪策略-Modified-Relative-Strength-Index-Trend-Following-Strategy.md,variant_or_duplicate,other_alpha,other-alpha-2026-08-31.md
多空指标策略Dual-Thrust-Indicator-Strategy.md,variant_or_duplicate,other_alpha,other-alpha-2026-08-31.md
策略框架模板.md,variant_or_duplicate,other_alpha,other-alpha-2026-08-31.md
Trade01高低轨道线均线.md,variant_or_duplicate,other_alpha,other-alpha-2026-08-31.md
定期定额累积均价策略Dollar-Cost-Averaging-Strategy.md,variant_or_duplicate,other_alpha,other-alpha-2026-08-31.md
三大交易所止盈止损集成类库.md,variant_or_duplicate,other_alpha,other-alpha-2026-08-31.md
自适应权重趋势跟踪策略VIDYA多指标组合系统-Adaptive-Weighted-Trend-Following-Strategy-VIDYA-Multi-Indicator-System.md,variant_or_duplicate,other_alpha,other-alpha-2026-08-31.md
双基指标跟随策略Multiple-Indicators-Follow-Strategy.md,variant_or_duplicate,other_alpha,other-alpha-2026-08-31.md
基于甘氏摆动指标的量化交易策略Quantitative-Trading-Strategy-Based-on-Gann-Swing-Oscillator.md,variant_or_duplicate,other_alpha,other-alpha-2026-08-31.md
多重技术指标动态适应性交易策略MTDAT-Multi-Technical-Indicator-Dynamic-Adaptive-Trading-Strategy-MTDAT.md,variant_or_duplicate,other_alpha,other-alpha-2026-08-31.md
基于AO指标和均线的趋势跟踪策略AO-Indicator-Based-Trend-Following-Strategy.md,variant_or_duplicate,other_alpha,other-alpha-2026-08-31.md
高级动态Fibonacci回撤趋势量化交易策略-Advanced-Dynamic-Fibonacci-Retracement-Trend-Quantitative-Trading-Strategy.md,variant_or_duplicate,other_alpha,other-alpha-2026-08-31.md
多重技术指标动态波段交易策略-Multi-Technical-Indicator-Dynamic-Wave-Trading-Strategy.md,variant_or_duplicate,other_alpha,other-alpha-2026-08-31.md
自适应移动止损均线交易策略Adaptive-Moving-Stop-Line-Trading-Strategy.md,variant_or_duplicate,other_alpha,other-alpha-2026-08-31.md
TradingView信号执行策略21教学.md,variant_or_duplicate,other_alpha,other-alpha-2026-08-31.md
50行网格策略教学.md,variant_or_duplicate,other_alpha,other-alpha-2026-08-31.md
华金斯蛇吻风云量化策略Byron-Serpent-Cloud-Quant-Strategy.md,variant_or_duplicate,other_alpha,other-alpha-2026-08-31.md
基于动态趋势追踪策略Trading-Dynamic-Trend-Tracking-Strategy.md,variant_or_duplicate,other_alpha,other-alpha-2026-08-31.md
周末区间震荡策略Weekend-Range-Trading-Strategy.md,variant_or_duplicate,other_alpha,other-alpha-2026-08-31.md
不同计价币的现货对冲策略-Ver11.md,variant_or_duplicate,other_alpha,other-alpha-2026-08-31.md
基于波动趋势追踪策略Volatility-Trend-Tracking-Strategy.md,variant_or_duplicate,other_alpha,other-alpha-2026-08-31.md
多时间框架交替Parabolic-SAR策略Alternating-Timeframe-Parabolic-SAR-Strategy.md,variant_or_duplicate,other_alpha,other-alpha-2026-08-31.md
干浪激活器策略Gann-HiLo-Activator-Strategy.md,variant_or_duplicate,other_alpha,other-alpha-2026-08-31.md
突破型上升趋势参考策略Quantitative-Breakthrough-Uptrend-Reference-Strategy.md,variant_or_duplicate,other_alpha,other-alpha-2026-08-31.md
SAR抛物线转向指标.md,variant_or_duplicate,other_alpha,other-alpha-2026-08-31.md
RecordsCollecter-教学.md,variant_or_duplicate,other_alpha,other-alpha-2026-08-31.md
bybit反向合约动态网格特异网格.md,variant_or_duplicate,other_alpha,other-alpha-2026-08-31.md
趋势跟踪买入低点卖出高点策略Trend-Following-Buy-Dip-Sell-Peak-Strategy.md,variant_or_duplicate,other_alpha,other-alpha-2026-08-31.md
反向开盘吞噬策略Reverse-Opening-Engulfing-Strategy.md,variant_or_duplicate,other_alpha,other-alpha-2026-08-31.md
基于真实强弱指标的比特币短线交易策略Bitcoin-Short-Term-Trading-Strategy-Based-on-True-Strength-Index.md,variant_or_duplicate,other_alpha,other-alpha-2026-08-31.md
Andrew-Abraham趋势追踪策略Andrew-Abraham-Trend-Tracking-Strategy.md,variant_or_duplicate,other_alpha,other-alpha-2026-08-31.md
多重指标量化交易策略Comprehensive-Quantitative-Trading-Strategy-Based-on-Multiple-Indicators.md,variant_or_duplicate,other_alpha,other-alpha-2026-08-31.md
威廉姆斯鳄鱼点差交易策略Williams-Alligator-Scalping-Strategy.md,variant_or_duplicate,other_alpha,other-alpha-2026-08-31.md
CCI零点反转交易策略CCI-Zero-Cross-Trading-Strategy.md,variant_or_duplicate,other_alpha,other-alpha-2026-08-31.md
交易所最小数量和精度.md,variant_or_duplicate,other_alpha,other-alpha-2026-08-31.md
Profit-Maximizer-PMax.md,variant_or_duplicate,other_alpha,other-alpha-2026-08-31.md
动量突破纤维套利策略Incremental-Order-Size-Fibonacci-Retracement-Trend-Following-Strategy.md,variant_or_duplicate,other_alpha,other-alpha-2026-08-31.md
基于ZigZag指标的趋势追踪交易策略ZigZag-Trend-Following-Strategy.md,variant_or_duplicate,other_alpha,other-alpha-2026-08-31.md
冲币安新上币开盘.md,variant_or_duplicate,other_alpha,other-alpha-2026-08-31.md
坚劲趋势延续策略Robust-Trend-Continuation-Strategy.md,variant_or_duplicate,other_alpha,other-alpha-2026-08-31.md
力道K线突破策略Choppiness-K-line-Breakthrough-Strategy.md,variant_or_duplicate,other_alpha,other-alpha-2026-08-31.md
基于流动性趋势的量化交易策略Liquidity-Driven-Trend-Strategy-A-Quant-Trading-Strategy-Based-on-Flow-Trend-Indication.md,variant_or_duplicate,other_alpha,other-alpha-2026-08-31.md
幽灵趋势跟踪策略数据库.md,variant_or_duplicate,other_alpha,other-alpha-2026-08-31.md
增强型多周期动态自适应趋势跟踪交易系统-Enhanced-Multi-Period-Dynamic-Adaptive-Trend-Following-Trading-System.md,variant_or_duplicate,other_alpha,other-alpha-2026-08-31.md
比较相对强度策略Comparative-Relative-Strength-Strategy.md,variant_or_duplicate,other_alpha,other-alpha-2026-08-31.md
带通滤波趋势提取策略Bandpass-Filtering-Trend-Extraction-Strategy.md,variant_or_duplicate,other_alpha,other-alpha-2026-08-31.md
典型价格百分比通道-凯尔特纳与百分比通道变形.md,variant_or_duplicate,other_alpha,other-alpha-2026-08-31.md
金叉死叉量化交易策略Gold-Cross-Dead-Cross-Quantitative-Trading-Strategy.md,variant_or_duplicate,other_alpha,other-alpha-2026-08-31.md
Alert-alertcondition-or-strategy-alerts.md,variant_or_duplicate,other_alpha,other-alpha-2026-08-31.md
52周高低盒子交易策略52-Week-High-Low-Box-Trading-Strategy.md,variant_or_duplicate,other_alpha,other-alpha-2026-08-31.md
PowerZone交易策略-PowerZone-Trading-Strategy.md,variant_or_duplicate,other_alpha,other-alpha-2026-08-31.md
反转低点反弹策略Low-Point-Rebound-Strategy.md,variant_or_duplicate,other_alpha,other-alpha-2026-08-31.md
Heiken-Ashi与超级趋势组合策略Heiken-Ashi-and-Super-Trend-Combination-Strategy.md,variant_or_duplicate,other_alpha,other-alpha-2026-08-31.md
多指标整合型趋势跟踪交易策略-Multi-Indicator-Integrated-Trend-Following-Trading-Strategy.md,variant_or_duplicate,other_alpha,other-alpha-2026-08-31.md
币安多交易对-现货-用来市价清仓用的.md,variant_or_duplicate,other_alpha,other-alpha-2026-08-31.md
动向指标和去趋势价格震荡器组合策略DMI-DPO-Guard-Strategy.md,variant_or_duplicate,other_alpha,other-alpha-2026-08-31.md
量化折线策略Quantitative-Zigzag-Strategy.md,variant_or_duplicate,other_alpha,other-alpha-2026-08-31.md
1btc起Fmex空头解锁策略后市看空.md,variant_or_duplicate,other_alpha,other-alpha-2026-08-31.md
高频混合技术分析量化策略-High-Frequency-Hybrid-Technical-Analysis-Quantitative-Strategy.md,variant_or_duplicate,other_alpha,other-alpha-2026-08-31.md
获取币安usdt合约全币种名称.md,variant_or_duplicate,other_alpha,other-alpha-2026-08-31.md
下跌趋势短线交易策略Short-Trading-Strategy-in-Downtrend.md,variant_or_duplicate,other_alpha,other-alpha-2026-08-31.md
多时间框架买入价格下跌策略Multi-Timeframe-Buy-the-Dip-Strategy.md,variant_or_duplicate,other_alpha,other-alpha-2026-08-31.md
SSL-Channel.md,variant_or_duplicate,other_alpha,other-alpha-2026-08-31.md
提币模板.md,variant_or_duplicate,other_alpha,other-alpha-2026-08-31.md
合成任意周期K线-使用请看源码最下面.md,variant_or_duplicate,other_alpha,other-alpha-2026-08-31.md
全面价格缺口短期趋势捕捉策略-Comprehensive-Price-Gap-Short-Term-Trend-Capture-Strategy.md,variant_or_duplicate,other_alpha,other-alpha-2026-08-31.md
动态仓位调整量化策略Dynamic-Position-Sizing-Quant-Strategy.md,variant_or_duplicate,other_alpha,other-alpha-2026-08-31.md
双线性回归趋势跟踪策略Bilinear-Regression-Trend-Following-Strategy.md,variant_or_duplicate,other_alpha,other-alpha-2026-08-31.md
跨周期趋势追踪型量化策略An-Intraday-Trend-Following-Quantitative-Strategy-Based-on-Multi-indicator-Condition-Filtering.md,variant_or_duplicate,other_alpha,other-alpha-2026-08-31.md
切换OKEX_V5模拟盘交易终端插件.md,variant_or_duplicate,other_alpha,other-alpha-2026-08-31.md
双指标组合疯狂日内scalping策略Dual-Indicators-Combo-Crazy-Intraday-Scalping-Strategy.md,variant_or_duplicate,other_alpha,other-alpha-2026-08-31.md
聚合动量指标策略Chaikin-Oscillator-Strategy.md,variant_or_duplicate,other_alpha,other-alpha-2026-08-31.md
震荡跟踪短线策略Oscillation-Tracking-Short-term-Strategy.md,variant_or_duplicate,other_alpha,other-alpha-2026-08-31.md
动态自适应趋势交易策略Dynamic-Adaptive-Trend-Trading-Strategy.md,variant_or_duplicate,other_alpha,other-alpha-2026-08-31.md
基于趋势跟随策略Trend-Following-Strategy.md,variant_or_duplicate,other_alpha,other-alpha-2026-08-31.md
基于重叠差额的反转交易策略Reverse-Trading-Strategy-Based-on-Overlapping-Price-Differentials.md,variant_or_duplicate,other_alpha,other-alpha-2026-08-31.md
Uptrend-and-Oversold-Index-Swing-Trading-System-strategy.md,variant_or_duplicate,other_alpha,other-alpha-2026-08-31.md
窜天猴-多空较量-爆破版.md,variant_or_duplicate,other_alpha,other-alpha-2026-08-31.md
动向指标与-Hull-平均线组合策略DMI-and-HMA-Combination-Strategy.md,variant_or_duplicate,other_alpha,other-alpha-2026-08-31.md
双自信价格震荡量化策略Doubly-Confident-Price-Oscillation-Quant-Strategy.md,variant_or_duplicate,other_alpha,other-alpha-2026-08-31.md
SSL-Hybrid.md,variant_or_duplicate,other_alpha,other-alpha-2026-08-31.md
底部跟随交易策略Bottom-Following-Trading-Strategy.md,variant_or_duplicate,other_alpha,other-alpha-2026-08-31.md
BBB策略BBB-Strategy.md,variant_or_duplicate,other_alpha,other-alpha-2026-08-31.md
自适应趋势跟踪与多重确认交易策略Adaptive-Trend-Following-and-Multi-Confirmation-Trading-Strategy.md,variant_or_duplicate,other_alpha,other-alpha-2026-08-31.md
基于波浪通道和资金流指标的趋势跟踪策略WaveTrend-and-CMF-Based-Trend-Following-Strategy.md,variant_or_duplicate,other_alpha,other-alpha-2026-08-31.md
Hilo激活器买卖信号策略Hilo-Activator-Buy-Sell-Signals-Strategy.md,variant_or_duplicate,other_alpha,other-alpha-2026-08-31.md
基于甘氏角度的动态趋势跟踪交易策略-Dynamic-Trend-Following-Trading-Strategy-Based-on-Gann-Angles.md,variant_or_duplicate,other_alpha,other-alpha-2026-08-31.md
双重趋势过滤优化策略Dual-Trend-Filtering-Optimization-Strategy.md,variant_or_duplicate,other_alpha,other-alpha-2026-08-31.md
统计K线回测是否存在趋势.md,variant_or_duplicate,other_alpha,other-alpha-2026-08-31.md
模板库使用例子.md,variant_or_duplicate,other_alpha,other-alpha-2026-08-31.md
震荡突破-市场结构转变策略Oscillation-Breakthrough-Market-Structure-Shift-Strategy.md,variant_or_duplicate,other_alpha,other-alpha-2026-08-31.md
基于华尔街捕鼠光环指标的加密货币看涨看跌策略Correlation-based-Bullish-Bearish-Crypto-Trading-Strategy-Based-on-Wall-Street-CCI-Index.md,variant_or_duplicate,other_alpha,other-alpha-2026-08-31.md
交易黄金时段策略Golden-Trade-Hour-Strategy.md,variant_or_duplicate,other_alpha,other-alpha-2026-08-31.md
RecordsCollecter-升级提供自定义数据源功能支持CSV数据文件提供数据源.md,variant_or_duplicate,other_alpha,other-alpha-2026-08-31.md
OKXBinance-Websocket高频交易模板-多品种OKEX-Binance-Websocket-High-Frequency-Multi-Symbols-Trading-Template.md,variant_or_duplicate,other_alpha,other-alpha-2026-08-31.md
使用画线类库画K线以及均线图表范例.md,variant_or_duplicate,other_alpha,other-alpha-2026-08-31.md
双边突破震荡策略Sideways-Breakthrough-Oscillation-Strategy.md,variant_or_duplicate,other_alpha,other-alpha-2026-08-31.md
多时间框架趋势追踪组合信号策略Multi-Timeframe-Trend-Tracking-Strategy.md,variant_or_duplicate,other_alpha,other-alpha-2026-08-31.md
基于改进涡轮指标的量化交易策略Quantitative-Trading-Strategy-Based-on-Improved-Vortex-Indicator.md,variant_or_duplicate,other_alpha,other-alpha-2026-08-31.md
多指标组合趋势跟踪策略Multi-Indicator-Trend-Tracking-Strategy.md,variant_or_duplicate,other_alpha,other-alpha-2026-08-31.md
Bit-Maker-现货USDT合约总余额监控.md,variant_or_duplicate,other_alpha,other-alpha-2026-08-31.md
饥饿者.md,variant_or_duplicate,other_alpha,other-alpha-2026-08-31.md
基于MBO指标的趋势跟随策略Trend-Following-Strategy-Based-on-MBO-Indicator.md,variant_or_duplicate,other_alpha,other-alpha-2026-08-31.md
海龟策略btc现货版.md,variant_or_duplicate,other_alpha,other-alpha-2026-08-31.md
恒温器-震荡修正为-最高价-最低价-添加增减仓选项-添加额外张数功能-修正cmi数据刷新日期问一天一次变为1小时一次-ok-准备修正一些功能.md,variant_or_duplicate,other_alpha,other-alpha-2026-08-31.md
基均线回环策略Kijun-Loopback-Strategy.md,variant_or_duplicate,other_alpha,other-alpha-2026-08-31.md
威美均线策略WAMI-Strategy.md,variant_or_duplicate,other_alpha,other-alpha-2026-08-31.md
BRAHMASTRA.md,variant_or_duplicate,other_alpha,other-alpha-2026-08-31.md
HODL-LINE.md,variant_or_duplicate,other_alpha,other-alpha-2026-08-31.md
多空力量平衡策略Bull-and-Bear-Balance-Strategy.md,variant_or_duplicate,other_alpha,other-alpha-2026-08-31.md
三重相对强弱指数量化交易策略-Triple-Relative-Strength-Index-Quantitative-Trading-Strategy.md,variant_or_duplicate,other_alpha,other-alpha-2026-08-31.md
黄金交叉交易策略-Trend-Trading-Strategy-Based-on-Golden-Cross.md,variant_or_duplicate,other_alpha,other-alpha-2026-08-31.md
Directional-Movement-Oscillator-DMI.md,variant_or_duplicate,other_alpha,other-alpha-2026-08-31.md
Alligator-长期趋势跟踪交易策略-Alligator-Long-Term-Trend-Following-Trading-Strategy.md,variant_or_duplicate,other_alpha,other-alpha-2026-08-31.md
窜天猴-移动止损版.md,variant_or_duplicate,other_alpha,other-alpha-2026-08-31.md
流动性动态风险管理多因子交易策略-Liquidity-Dynamic-Risk-Management-Multi-Factor-Trading-Strategy.md,variant_or_duplicate,other_alpha,other-alpha-2026-08-31.md
TGT基于价格下跌买入策略-TGT-Falling-Buy-Strategy-Based-on-Price-Decline.md,variant_or_duplicate,other_alpha,other-alpha-2026-08-31.md
基于斐波那契回撤水平的多重条件趋势跟踪量化交易策略-Multi-Condition-Trend-Following-Quantitative-Trading-Strategy-Based-on-Fibonacci-Retracement-Levels.md,variant_or_duplicate,other_alpha,other-alpha-2026-08-31.md
商品期货交易类库增加下限价单功能.md,variant_or_duplicate,other_alpha,other-alpha-2026-08-31.md
统计各个平台间的最大差价by-JackConan.md,variant_or_duplicate,other_alpha,other-alpha-2026-08-31.md
多品种期现对冲-手动版.md,variant_or_duplicate,other_alpha,other-alpha-2026-08-31.md
动态追踪趋势策略Dynamic-Trend-Following-Strategy.md,variant_or_duplicate,other_alpha,other-alpha-2026-08-31.md
趋势追踪利润最大化策略Trend-Tracking-Maximized-Profit-Strategy.md,variant_or_duplicate,other_alpha,other-alpha-2026-08-31.md
趋势追踪型短线交易策略Trend-Tracking-Short-term-Trading-Strategy.md,variant_or_duplicate,other_alpha,other-alpha-2026-08-31.md
Multi-Indicator-Trend-Following-Strategy-with-Dynamic-Risk-Management-多指标趋势跟踪策略与动态风险管理.md,variant_or_duplicate,other_alpha,other-alpha-2026-08-31.md
基于ZigZag的趋势追踪策略ZigZag-Based-Trend-Following-Strategy.md,variant_or_duplicate,other_alpha,other-alpha-2026-08-31.md
爬取币安公告永续新上币和下架币.md,variant_or_duplicate,other_alpha,other-alpha-2026-08-31.md
Keltner通道突破止损加盈利10即长期持有策略-v23-dev-多周期.md,variant_or_duplicate,other_alpha,other-alpha-2026-08-31.md
基于轨迹平均振幅的多时igkeit交易策略Gyroscopic-Bands-Strategy-Based-on-Multi-Time-Frame-and-Average-Amplitude.md,variant_or_duplicate,other_alpha,other-alpha-2026-08-31.md
连续N根K线收阴策略N-Bar-Close-Below-Open-Short-Strategy.md,variant_or_duplicate,other_alpha,other-alpha-2026-08-31.md
双K弹弓策略Double-K-Crossbow-Strategy.md,variant_or_duplicate,other_alpha,other-alpha-2026-08-31.md
多重波浪趋势交叉风险管理量化策略-Multi-Wave-Trend-Crossing-Risk-Management-Quantitative-Strategy.md,variant_or_duplicate,other_alpha,other-alpha-2026-08-31.md
Highest-high-lowest-low-stop.md,variant_or_duplicate,other_alpha,other-alpha-2026-08-31.md
趋势马丁网格ver100策略仅供学习参考.md,variant_or_duplicate,other_alpha,other-alpha-2026-08-31.md
基于Renko和相对活力指数的趋势跟踪策略Renko-and-Relative-Vigor-Index-Trend-Following-Strategy.md,variant_or_duplicate,other_alpha,other-alpha-2026-08-31.md
中高频动态区间中点突破限价交易策略-Midpoint-Crossing-Dynamic-Range-Limit-Order-Trading-Strategy.md,variant_or_duplicate,other_alpha,other-alpha-2026-08-31.md
双平台对冲-练习用-求交流求指点.md,variant_or_duplicate,other_alpha,other-alpha-2026-08-31.md
Python版多品种追涨杀跌策略教学.md,variant_or_duplicate,other_alpha,other-alpha-2026-08-31.md
捕捉小趋势的高低均线交叉策略HLHB-Trend-Catcher-Strategy.md,variant_or_duplicate,other_alpha,other-alpha-2026-08-31.md
基于量化模型定制的高效量化交易策略High-Performance-Algorithmic-Trading-Strategy-Based-on-Quantitative-Models.md,variant_or_duplicate,other_alpha,other-alpha-2026-08-31.md
基于价格通道的趋势跟踪策略Price-Channel-Trend-Following-Strategy.md,variant_or_duplicate,other_alpha,other-alpha-2026-08-31.md
自适应趋势跟踪与区间交易的双重策略系统-Adaptive-Dual-Strategy-System-for-Trend-Following-and-Range-Trading.md,variant_or_duplicate,other_alpha,other-alpha-2026-08-31.md
C期货高频套币策略OKEX-Websocket版.md,variant_or_duplicate,other_alpha,other-alpha-2026-08-31.md
KijunSen-Line-With-Cross.md,variant_or_duplicate,other_alpha,other-alpha-2026-08-31.md
多时间周期流动性枢纽热力图量化策略-Multi-Timeframe-Liquidity-Pivot-Heatmap-Strategy.md,variant_or_duplicate,other_alpha,other-alpha-2026-08-31.md
冰山委托-买入.md,variant_or_duplicate,other_alpha,other-alpha-2026-08-31.md
Magic-Channel-Price-Action-Trading-Strategy-魔法通道价格行为交易策略.md,variant_or_duplicate,other_alpha,other-alpha-2026-08-31.md
Optimized-Trend-Tracker.md,variant_or_duplicate,other_alpha,other-alpha-2026-08-31.md
玫瑰十字星双重指标波动策略Rose-Cross-Star-Dual-Indicator-Volatility-Strategy.md,variant_or_duplicate,other_alpha,other-alpha-2026-08-31.md
基于双向突破自适应交易策略Adaptive-Dual-Breakthrough-Trading-Strategy.md,variant_or_duplicate,other_alpha,other-alpha-2026-08-31.md
多时间框架趋势猎手策略Multitimeframe-Trend-Hunter-Strategy.md,variant_or_duplicate,other_alpha,other-alpha-2026-08-31.md
基于中国农历的比特币交易策略Bitcoin-Trading-Strategy-Based-on-Chinese-Zodiac-Calendar.md,variant_or_duplicate,other_alpha,other-alpha-2026-08-31.md
里向破坏策略Inside-Bar-Failure-Strategy.md,variant_or_duplicate,other_alpha,other-alpha-2026-08-31.md
支撑阻力趋势追踪策略Support-and-Resistance-Trend-Tracking-Strategy.md,variant_or_duplicate,other_alpha,other-alpha-2026-08-31.md
结合趋势和震荡的量化交易策略Trend-and-Oscillation-Double-Strategy.md,variant_or_duplicate,other_alpha,other-alpha-2026-08-31.md
结合多因素的量化趋势策略Quantitative-Trend-Strategy-Based-on-Multi-factor.md,variant_or_duplicate,other_alpha,other-alpha-2026-08-31.md
进阶版无影线平均K线与成交量加权平均价格交易系统-Advanced-Shadowless-Heikin-Ashi-with-VWAP-Trading-System.md,variant_or_duplicate,other_alpha,other-alpha-2026-08-31.md
玛雅寻宝指南Mayan-Treasure-Hunting-Guide.md,variant_or_duplicate,other_alpha,other-alpha-2026-08-31.md
压力平衡高概率突破交易策略High-Probability-Breakthrough-Trading-Strategy-Based-on-Pressure-Balance.md,variant_or_duplicate,other_alpha,other-alpha-2026-08-31.md
均线策略范例02.md,variant_or_duplicate,other_alpha,other-alpha-2026-08-31.md
双仓突破策略Dual-position-Breakthrough-Strategy.md,variant_or_duplicate,other_alpha,other-alpha-2026-08-31.md
Z-Score-with-Signals.md,variant_or_duplicate,other_alpha,other-alpha-2026-08-31.md
Diamond-Trend.md,variant_or_duplicate,other_alpha,other-alpha-2026-08-31.md
基于线性回归分析和均线指标的短线交易策略Linear-Regression-Channel-Strategy.md,variant_or_duplicate,other_alpha,other-alpha-2026-08-31.md
TradingView下单机器人11.md,variant_or_duplicate,other_alpha,other-alpha-2026-08-31.md
Follow-Line-Indicator.md,variant_or_duplicate,other_alpha,other-alpha-2026-08-31.md
黄金短线交易策略-XAUUSD-Scalper-1m-XAUUSD-1-Minute-Scalping-Strategy.md,variant_or_duplicate,other_alpha,other-alpha-2026-08-31.md
把USDT从合约账户划转到现货-资金账户OKEX币安同时支持.md,variant_or_duplicate,other_alpha,other-alpha-2026-08-31.md
多品种期货跨期对冲策略.md,variant_or_duplicate,other_alpha,other-alpha-2026-08-31.md
不同计价币的现货对冲策略教学.md,variant_or_duplicate,other_alpha,other-alpha-2026-08-31.md
突破拉回中的隐形风暴Breakback-Storm-Strategy-in-Hidden-Opportunities.md,variant_or_duplicate,other_alpha,other-alpha-2026-08-31.md
多元指标融合策略Multivariate-Indicator-Fusion-Strategy.md,variant_or_duplicate,other_alpha,other-alpha-2026-08-31.md
KuCoin资金划转插件.md,variant_or_duplicate,other_alpha,other-alpha-2026-08-31.md
FMZ教程-Python速成手册.md,variant_or_duplicate,other_alpha,other-alpha-2026-08-31.md
thena-swap交易类库.md,variant_or_duplicate,other_alpha,other-alpha-2026-08-31.md
Dual-Thrust-OKEX期货-教学.md,variant_or_duplicate,other_alpha,other-alpha-2026-08-31.md
比特币和以太坊多头趋势策略BTC-and-ETH-Long-Trend-Strategy.md,variant_or_duplicate,other_alpha,other-alpha-2026-08-31.md
相对强弱指数多空策略Relative-Strength-Index-Long-Short-Strategy.md,variant_or_duplicate,other_alpha,other-alpha-2026-08-31.md
突破追踪策略Breakthrough-Tracking-Strategy.md,variant_or_duplicate,other_alpha,other-alpha-2026-08-31.md
简单的做市对冲功能.md,variant_or_duplicate,other_alpha,other-alpha-2026-08-31.md
自动获取币安永续合约交易精度最小开仓u已弃坑.md,variant_or_duplicate,other_alpha,other-alpha-2026-08-31.md
比特币哈希带策略BTC-Hash-Ribbons-Strategy.md,variant_or_duplicate,other_alpha,other-alpha-2026-08-31.md
追踪历史新高的量化交易策略-Trend-Following-Strategy-Based-on-Historical-High.md,variant_or_duplicate,other_alpha,other-alpha-2026-08-31.md
大涨大跌策略Big-Surge-Big-Fall-Strategy.md,variant_or_duplicate,other_alpha,other-alpha-2026-08-31.md
Chande-Kroll-Stop.md,variant_or_duplicate,other_alpha,other-alpha-2026-08-31.md
SAR-high-and-low.md,variant_or_duplicate,other_alpha,other-alpha-2026-08-31.md
Random-Entry-Point-Strategy.md,variant_or_duplicate,other_alpha,other-alpha-2026-08-31.md
robotCtrl教学策略.md,variant_or_duplicate,other_alpha,other-alpha-2026-08-31.md
动态流动性驱动市场结构自适应交易策略-Dynamic-Liquidity-Driven-Market-Structure-Adaptive-Trading-Strategy.md,variant_or_duplicate,other_alpha,other-alpha-2026-08-31.md
CoinPark交易所通用协议-627-1600-更新-关闭了SSL验证.md,variant_or_duplicate,other_alpha,other-alpha-2026-08-31.md
15MIN-BTCUSDTPERP-BOT.md,variant_or_duplicate,other_alpha,other-alpha-2026-08-31.md
OKex期货测试for新手.md,variant_or_duplicate,other_alpha,other-alpha-2026-08-31.md
Williams-R-动态调整止盈止损策略-Williams-R-Dynamic-TP-SL-Adjustment-Strategy.md,variant_or_duplicate,other_alpha,other-alpha-2026-08-31.md
Dynamic-Support-Resistance-Price-Action-Trading-System-动态支阻价格行为交易系统.md,variant_or_duplicate,other_alpha,other-alpha-2026-08-31.md
Fisher变换动态阈值趋势跟踪策略-Fisher-Transform-Dynamic-Threshold-Trend-Following-Strategy.md,variant_or_duplicate,other_alpha,other-alpha-2026-08-31.md
多因子组合交易策略Multi-factor-Combined-Trading-Strategy.md,variant_or_duplicate,other_alpha,other-alpha-2026-08-31.md
底部猎人策略Bottom-Hunter-Strategy.md,variant_or_duplicate,other_alpha,other-alpha-2026-08-31.md
简易等差合约网格.md,variant_or_duplicate,other_alpha,other-alpha-2026-08-31.md
C版多图表测试.md,variant_or_duplicate,other_alpha,other-alpha-2026-08-31.md
海龟.md,variant_or_duplicate,other_alpha,other-alpha-2026-08-31.md
Gann-High-Low.md,variant_or_duplicate,other_alpha,other-alpha-2026-08-31.md
基于BEAM波段的BTCdollar成本平均策略Bitcoin-Dollar-Cost-Averaging-Based-on-BEAM-Bands.md,variant_or_duplicate,other_alpha,other-alpha-2026-08-31.md
多级平衡量化交易策略-Multi-Level-Balanced-Quantitative-Trading-Strategy.md,variant_or_duplicate,other_alpha,other-alpha-2026-08-31.md
多重技术指标黄金即时变动检测与风险管理策略-Multi-Technical-Indicator-Gold-Real-Time-Movement-Detection-and-Risk-Management-Strategy.md,variant_or_duplicate,other_alpha,other-alpha-2026-08-31.md
时间格式工具.md,variant_or_duplicate,other_alpha,other-alpha-2026-08-31.md
双轨突破策略Dual-Thrust-Strategy.md,variant_or_duplicate,other_alpha,other-alpha-2026-08-31.md
四阶段BIST股票量化收购策略This-BIST-stocks-4-stage-quantitative-acquisition-strategy.md,variant_or_duplicate,other_alpha,other-alpha-2026-08-31.md
Gaussian-Channel趋势追踪策略-Gaussian-Channel-Trend-Following-Strategy.md,variant_or_duplicate,other_alpha,other-alpha-2026-08-31.md
简单趋势跟随策略Simple-Trend-Following-Strategy.md,variant_or_duplicate,other_alpha,other-alpha-2026-08-31.md
Welcome-to-the-BEARMARKET-30MIN.md,variant_or_duplicate,other_alpha,other-alpha-2026-08-31.md
低时限高倍杠杆趋势跟踪交易策略-Low-Timeframe-High-Leverage-Trend-Following-Trading-Strategy.md,variant_or_duplicate,other_alpha,other-alpha-2026-08-31.md
回测保存K线到本地CSV.md,variant_or_duplicate,other_alpha,other-alpha-2026-08-31.md
获取OK期货实时限价.md,variant_or_duplicate,other_alpha,other-alpha-2026-08-31.md
基于Vix修复线性回归的低点捕捉策略Vix-Fix-Linear-Regression-Bottom-Fishing-Strategy.md,variant_or_duplicate,other_alpha,other-alpha-2026-08-31.md
FMZ教程-JavaScript速成手册.md,variant_or_duplicate,other_alpha,other-alpha-2026-08-31.md
多重技术指标趋势追踪套利策略-Multi-Technical-Indicator-Trend-Following-Trading-Strategy.md,variant_or_duplicate,other_alpha,other-alpha-2026-08-31.md
多重指标融合交易策略Multiple-Indicator-Fusion-Trading-Strategy.md,variant_or_duplicate,other_alpha,other-alpha-2026-08-31.md
Angle-Attack-Follow-Line-Indicator.md,variant_or_duplicate,other_alpha,other-alpha-2026-08-31.md
Noro波带趋势跟踪策略Noro-Bands-Trend-Following-Strategy.md,variant_or_duplicate,other_alpha,other-alpha-2026-08-31.md
基于多因子组合趋势交易策略Multi-factor-Trend-Trading-Strategy.md,variant_or_duplicate,other_alpha,other-alpha-2026-08-31.md
策略与买入持有的可视化比较Visual-Comparison-between-Strategy-and-Buy-Hold-Returns.md,variant_or_duplicate,other_alpha,other-alpha-2026-08-31.md
多层级超买超卖震荡买入策略-Multi-Level-Oversold-Oscillator-Buy-Strategy.md,variant_or_duplicate,other_alpha,other-alpha-2026-08-31.md
指数平衡策略Index-Balance-Bot.md,variant_or_duplicate,other_alpha,other-alpha-2026-08-31.md
双箱体制趋势追踪系统Double-Box-Trend-Following-System.md,variant_or_duplicate,other_alpha,other-alpha-2026-08-31.md
基于量化指标的比特币交易策略Bitcoin-Trading-Strategy-Based-on-Quantitative-Indicators.md,variant_or_duplicate,other_alpha,other-alpha-2026-08-31.md
基于抛物线SAR指标的动态交易策略系统-Dynamic-Trading-Strategy-System-Based-on-Parabolic-SAR-Indicator.md,variant_or_duplicate,other_alpha,other-alpha-2026-08-31.md
Trade-Hour-V3.md,variant_or_duplicate,other_alpha,other-alpha-2026-08-31.md
动向指数DMI与高低点策略DMI-and-High-Low-Strategy.md,variant_or_duplicate,other_alpha,other-alpha-2026-08-31.md
基于枢轴点和斐波那契回撤的自动趋势追踪策略Pivot-Point-and-Fibonacci-Retracement-Based-Automatic-Trend-Following-Strategy.md,variant_or_duplicate,other_alpha,other-alpha-2026-08-31.md
三分钟短仓专家顾问策略3-Min-Short-Only-Expert-Advisor-Strategy.md,variant_or_duplicate,other_alpha,other-alpha-2026-08-31.md
P-Signal多时间框架交易策略P-Signal-Multi-Timeframe-Trading-Strategy.md,variant_or_duplicate,other_alpha,other-alpha-2026-08-31.md
交易所对倒刷量对敲互刷.md,variant_or_duplicate,other_alpha,other-alpha-2026-08-31.md
50行多平台对冲策略教学.md,variant_or_duplicate,other_alpha,other-alpha-2026-08-31.md
震动宝盒量化交易策略Trending-Darvas-Box-Quantitative-Trading-Strategy.md,variant_or_duplicate,other_alpha,other-alpha-2026-08-31.md
套利下单.md,variant_or_duplicate,other_alpha,other-alpha-2026-08-31.md
JavaScript版分页查询K线历史数据模板教学.md,variant_or_duplicate,other_alpha,other-alpha-2026-08-31.md
趋势结构突破与订单块公平价值缺口策略-Trend-Structure-Break-with-Order-Block-and-Fair-Value-Gap-Strategy.md,variant_or_duplicate,other_alpha,other-alpha-2026-08-31.md
振荡平衡策略Oscillation-Balance-Strategy.md,variant_or_duplicate,other_alpha,other-alpha-2026-08-31.md
月度收益表现策略Monthly-Performance-PnL-Calendar-Strategy.md,variant_or_duplicate,other_alpha,other-alpha-2026-08-31.md
多周期技术分析与市场情绪结合的交易策略-Multi-Period-Technical-Analysis-and-Market-Sentiment-Trading-Strategy.md,variant_or_duplicate,other_alpha,other-alpha-2026-08-31.md
Python版追涨杀跌策略教学.md,variant_or_duplicate,other_alpha,other-alpha-2026-08-31.md
基于趋势置信度的趋势跟踪策略Trend-Following-Strategy-Based-on-Trend-Confidence.md,variant_or_duplicate,other_alpha,other-alpha-2026-08-31.md
费率汇总.md,variant_or_duplicate,other_alpha,other-alpha-2026-08-31.md
Paul-The-Gambler-Lévy.md,variant_or_duplicate,other_alpha,other-alpha-2026-08-31.md
哈森破坏转向策略Heikin-Ashi-Reverse-Strategy.md,variant_or_duplicate,other_alpha,other-alpha-2026-08-31.md
坚如磐石的趋势追踪策略Solid-Trend-Following-Strategy.md,variant_or_duplicate,other_alpha,other-alpha-2026-08-31.md
多重指标交叉动态自适应趋势跟踪交易策略Multi-Indicator-Cross-Adaptive-Trend-Following-Trading-Strategy.md,variant_or_duplicate,other_alpha,other-alpha-2026-08-31.md
刚性突破策略Stiffness-Breakthrough-Strategy.md,variant_or_duplicate,other_alpha,other-alpha-2026-08-31.md
指标组合突破趋势追踪策略Strategy-of-Indicators-Combination-Breakthrough-Trend-Tracking.md,variant_or_duplicate,other_alpha,other-alpha-2026-08-31.md
TradingViewWebHook信号执行策略教学.md,variant_or_duplicate,other_alpha,other-alpha-2026-08-31.md
威廉姆斯鳄鱼策略Williams-Alligator-Strategy.md,variant_or_duplicate,other_alpha,other-alpha-2026-08-31.md
市场密码波浪B自动买卖策略Market-Cypher-Wave-B-Automated-Trading-Strategy.md,variant_or_duplicate,other_alpha,other-alpha-2026-08-31.md
多维度技术指标交叉确认买入信号优化策略-Multi-Dimensional-Technical-Indicator-Cross-Confirmation-Buy-Signal-Optimization-Strategy.md,variant_or_duplicate,other_alpha,other-alpha-2026-08-31.md
复合技术指标多维度趋势跟踪量化策略-Multi-Dimensional-Technical-Indicator-Trend-Following-Quantitative-Strategy.md,variant_or_duplicate,other_alpha,other-alpha-2026-08-31.md
双重和谐系统策略Harmonic-Dual-System-Strategy.md,variant_or_duplicate,other_alpha,other-alpha-2026-08-31.md
基于变化率的交易策略Rate-of-Change-Trading-Strategy.md,variant_or_duplicate,other_alpha,other-alpha-2026-08-31.md
RecordsCollecter-升级提供自定义数据源功能.md,variant_or_duplicate,other_alpha,other-alpha-2026-08-31.md
基于海鸥指标的加密货币趋势追踪策略Cryptocurrency-Trend-Following-Strategy-Based-on-Heiken-Ashi.md,variant_or_duplicate,other_alpha,other-alpha-2026-08-31.md
威廉姆斯R指标交易策略Williams-R-Indicator-Trading-Strategy.md,variant_or_duplicate,other_alpha,other-alpha-2026-08-31.md
多时间框架抛物线SAR动态趋势跟踪量化策略-Multi-Timeframe-Parabolic-SAR-Dynamic-Trend-Following-Quantitative-Strategy.md,variant_or_duplicate,other_alpha,other-alpha-2026-08-31.md
基于卡尔曼滤波的趋势跟踪策略Kalman-Filter-Based-Trend-Tracking-Strategy.md,variant_or_duplicate,other_alpha,other-alpha-2026-08-31.md
ADX-and-DI-for-v4.md,variant_or_duplicate,other_alpha,other-alpha-2026-08-31.md
Johnys-BOT.md,variant_or_duplicate,other_alpha,other-alpha-2026-08-31.md
KPL波动跟踪策略KPL-Swing-Trading-Strategy.md,variant_or_duplicate,other_alpha,other-alpha-2026-08-31.md
基于趋势追踪的短线交易策略Short-term-Trading-Strategy-Based-on-Trend-Following.md,variant_or_duplicate,other_alpha,other-alpha-2026-08-31.md
动态枢轴点结合黄金交叉策略优化系统-Dynamic-Pivot-Points-with-Golden-Cross-Optimization-System.md,variant_or_duplicate,other_alpha,other-alpha-2026-08-31.md
Engulfing-Candles.md,variant_or_duplicate,other_alpha,other-alpha-2026-08-31.md
基于T3和CCI指标的趋势追踪策略T3-CCI-Trend-Tracking-Strategy.md,variant_or_duplicate,other_alpha,other-alpha-2026-08-31.md
多重指标动态跟踪趋势波段交易策略-Multi-Indicator-Dynamic-Trend-Following-Trading-Strategy.md,variant_or_duplicate,other_alpha,other-alpha-2026-08-31.md
日内交易关键点策略Intraday-Pivot-Points-Trading-Strategy.md,variant_or_duplicate,other_alpha,other-alpha-2026-08-31.md
价格表现指数策略Price-Performance-Index-Strategy.md,variant_or_duplicate,other_alpha,other-alpha-2026-08-31.md
毎日交易策略Day-of-the-Week-Custom-Trading-Strategy.md,variant_or_duplicate,other_alpha,other-alpha-2026-08-31.md
多时间框架价格通道策略Multi-Timeframe-Price-Channel-Strategy.md,variant_or_duplicate,other_alpha,other-alpha-2026-08-31.md
基于关键价格点的追踪策略Round-Number-Tracking-Strategy.md,variant_or_duplicate,other_alpha,other-alpha-2026-08-31.md
基于MFI指标的金融资产超卖区域退出及信号平均系统-Financial-Asset-MFI-Based-Oversold-Zone-Exit-and-Signal-Averaging-System.md,variant_or_duplicate,other_alpha,other-alpha-2026-08-31.md
深度快照.md,variant_or_duplicate,other_alpha,other-alpha-2026-08-31.md
超趋势V策略Super-Trend-V-Strategy.md,variant_or_duplicate,other_alpha,other-alpha-2026-08-31.md
标定值或均线交叉策略.md,variant_or_duplicate,other_alpha,other-alpha-2026-08-31.md
多指标融合自适应趋势交易策略-Multi-Indicator-Adaptive-Trend-Trading-Strategy.md,variant_or_duplicate,other_alpha,other-alpha-2026-08-31.md
ML-Alerts-Template.md,variant_or_duplicate,other_alpha,other-alpha-2026-08-31.md
OKEX-V5-K线数据分页查询例子-Python版.md,variant_or_duplicate,other_alpha,other-alpha-2026-08-31.md
影子交易策略Shadow-Trading-Strategy.md,variant_or_duplicate,other_alpha,other-alpha-2026-08-31.md
多时间框架超级趋势追踪策略Multi-timeframe-Super-Trend-Tracking-Strategy.md,variant_or_duplicate,other_alpha,other-alpha-2026-08-31.md
TradingView-Alerts-to-MT4-MT5-dynamic-variables-NON-REPAINTING.md,variant_or_duplicate,other_alpha,other-alpha-2026-08-31.md
价格振幅均线-3年33万倍收益.md,variant_or_duplicate,other_alpha,other-alpha-2026-08-31.md
固定份额交易策略Fixed-Fraction-Trading-Strategy.md,variant_or_duplicate,other_alpha,other-alpha-2026-08-31.md
Multi-Indicator-Configurable-Strategy-Generator.md,variant_or_duplicate,other_alpha,other-alpha-2026-08-31.md
超越云层的策略Beyond-The-Clouds-Strategy.md,variant_or_duplicate,other_alpha,other-alpha-2026-08-31.md
币安策略二去掉高低分.md,variant_or_duplicate,other_alpha,other-alpha-2026-08-31.md
Python版追涨杀跌策略教学币安USDT永续合约.md,variant_or_duplicate,other_alpha,other-alpha-2026-08-31.md
策略框架.md,variant_or_duplicate,other_alpha,other-alpha-2026-08-31.md
指标库python版.md,variant_or_duplicate,other_alpha,other-alpha-2026-08-31.md
多指标趋势确认高倍收益量化交易策略-Multi-Indicator-Trend-Confirmation-High-Profit-Quantitative-Trading-Strategy.md,variant_or_duplicate,other_alpha,other-alpha-2026-08-31.md
卖涨回落策略Sell-the-Rallies-Strategy.md,variant_or_duplicate,other_alpha,other-alpha-2026-08-31.md
基于趋势的循环交易策略Cycle-Position-Trend-Following-Strategy.md,variant_or_duplicate,other_alpha,other-alpha-2026-08-31.md
python-状态栏表格-显示按钮范例.md,variant_or_duplicate,other_alpha,other-alpha-2026-08-31.md
基于CCI零位的趋势追踪策略CCI-Zero-Crossing-Trend-Following-Strategy.md,variant_or_duplicate,other_alpha,other-alpha-2026-08-31.md
基于BTC15分钟图表的技术交易策略-Technical-Trading-Strategy-for-BTC-15-minute-Chart.md,variant_or_duplicate,other_alpha,other-alpha-2026-08-31.md
QQE-MOD-SSL-Hybrid-Waddah-Attar-Explosion.md,variant_or_duplicate,other_alpha,other-alpha-2026-08-31.md
Okex张币转换欧意张换算为币数或者币数换算为张.md,variant_or_duplicate,other_alpha,other-alpha-2026-08-31.md
CCI-MTF-ObOs.md,variant_or_duplicate,other_alpha,other-alpha-2026-08-31.md
多均线裂缝双向交易策略Williams-Fractals-Dual-Direction-Trading-Strategy.md,variant_or_duplicate,other_alpha,other-alpha-2026-08-31.md
基于斐波那契回撤的自适应多级别交易策略-Adaptive-Multi-Level-Trading-Strategy-Based-on-Fibonacci-Retracement.md,variant_or_duplicate,other_alpha,other-alpha-2026-08-31.md
多指标高杠杆短线交易策略-Multi-Indicator-High-Leverage-Short-Term-Trading-Strategy.md,variant_or_duplicate,other_alpha,other-alpha-2026-08-31.md
三角套利策略体验版.md,variant_or_duplicate,other_alpha,other-alpha-2026-08-31.md
多重过滤收敛短线交易策略技术分析方法-Multi-Filter-Convergence-Scalping-Strategy-Technical-Analysis-Approach.md,variant_or_duplicate,other_alpha,other-alpha-2026-08-31.md
定量分型速率交易策略-by泊宇量化.md,variant_or_duplicate,other_alpha,other-alpha-2026-08-31.md
动态斐波那契回撤交易策略-Dynamic-Fibonacci-Retracement-Trading-Strategy.md,variant_or_duplicate,other_alpha,other-alpha-2026-08-31.md
三角套利-基础版.md,variant_or_duplicate,other_alpha,other-alpha-2026-08-31.md
基于CCI指标的趋势跟踪策略CCI-Dual-Timeframe-Trend-Following-Strategy.md,variant_or_duplicate,other_alpha,other-alpha-2026-08-31.md
基于线性回归拦截点的量化策略Quant-Strategy-Based-on-Linear-Regression-Intercept.md,variant_or_duplicate,other_alpha,other-alpha-2026-08-31.md
一种基于线性回归分析的量化交易策略Adaptive-Linear-Regression-Channel-Strategy.md,variant_or_duplicate,other_alpha,other-alpha-2026-08-31.md
威尔德趋势均衡点系统Welles-Wilders-Trend-Balance-Point-System.md,variant_or_duplicate,other_alpha,other-alpha-2026-08-31.md
基于动态支撑阻力的趋势跟踪策略Trend-Following-Strategy-Based-on-Dynamic-Support-and-Resistance.md,variant_or_duplicate,other_alpha,other-alpha-2026-08-31.md
闭合阳线策略Harami-Closing-Price-Strategy.md,variant_or_duplicate,other_alpha,other-alpha-2026-08-31.md
低点金字塔低风险追踪策略Low-Pyramid-Risk-Tracking-Strategy.md,variant_or_duplicate,other_alpha,other-alpha-2026-08-31.md
ETHUSDTPERP-BOT-30min.md,variant_or_duplicate,other_alpha,other-alpha-2026-08-31.md
自适应布温科指标多空策略Adaptive-Botvenko-Indicator-Long-Short-Strategy.md,variant_or_duplicate,other_alpha,other-alpha-2026-08-31.md
动态PSAR股票波动跟踪策略Dynamic-PSAR-Stock-Fluctuation-Tracking-Strategy.md,variant_or_duplicate,other_alpha,other-alpha-2026-08-31.md
指数量化.md,variant_or_duplicate,other_alpha,other-alpha-2026-08-31.md
平滑波动率目标带策略Smooth-Volatility-Band-Strategy.md,variant_or_duplicate,other_alpha,other-alpha-2026-08-31.md
基于VWMA和MFI-ADX的kNN机器学习量化交易策略This-is-an-experimental-quantitative-trading-strategy.md,variant_or_duplicate,other_alpha,other-alpha-2026-08-31.md
KingKeltner趋势策略_低频.md,variant_or_duplicate,other_alpha,other-alpha-2026-08-31.md
分享-赌徒策略-马丁策略.md,variant_or_duplicate,other_alpha,other-alpha-2026-08-31.md
双重指标反转买点策略Dual-Indicators-Bottom-Buying-Strategy.md,variant_or_duplicate,other_alpha,other-alpha-2026-08-31.md
仓位均衡策略.md,variant_or_duplicate,other_alpha,other-alpha-2026-08-31.md
Python版冰山委托-卖出.md,variant_or_duplicate,other_alpha,other-alpha-2026-08-31.md
追涨杀跌.md,variant_or_duplicate,other_alpha,other-alpha-2026-08-31.md
多指标多维度趋势交叉高级量化策略-Advanced-Multi-Indicator-Multi-Dimensional-Trend-Cross-Quantitative-Strategy.md,variant_or_duplicate,other_alpha,other-alpha-2026-08-31.md
Bully-Signals.md,variant_or_duplicate,other_alpha,other-alpha-2026-08-31.md
跨周期均线交易multiple-timeframe-trading.md,variant_or_duplicate,other_alpha,other-alpha-2026-08-31.md
最后K线趋势跟踪策略Last-Candle-Strategy.md,variant_or_duplicate,other_alpha,other-alpha-2026-08-31.md
基于多指标集成的趋势追踪策略Trend-Following-Strategy-Based-on-Multiple-Indicator-Integration.md,variant_or_duplicate,other_alpha,other-alpha-2026-08-31.md
分形混沌震荡器交易策略Fractal-Chaos-Oscillator-Trading-Strategy.md,variant_or_duplicate,other_alpha,other-alpha-2026-08-31.md
基于均差平滑的趋势跟踪策略Trend-Following-Strategy-Based-on-Smoothed-Deviation.md,variant_or_duplicate,other_alpha,other-alpha-2026-08-31.md
布林带穿越均值PB指标策略Bandpass-Mean-PB-Indicator-Strategy.md,variant_or_duplicate,other_alpha,other-alpha-2026-08-31.md
时间区间威力买卖策略Timeframe-Power-Trading-Strategy.md,variant_or_duplicate,other_alpha,other-alpha-2026-08-31.md
幽灵趋势跟踪策略.md,variant_or_duplicate,other_alpha,other-alpha-2026-08-31.md
多重指标组合自适应趋势策略Multi-indicator-Combination-Adaptive-Trend-Strategy.md,variant_or_duplicate,other_alpha,other-alpha-2026-08-31.md
月初买入月末平仓策略Monthly-Opening-Long-and-Month-end-Closing-Strategy.md,variant_or_duplicate,other_alpha,other-alpha-2026-08-31.md
多指标趋势背离量化交易策略-Multi-Indicator-Trend-Divergence-Quantitative-Trading-Strategy.md,variant_or_duplicate,other_alpha,other-alpha-2026-08-31.md
暴雪网格-724小时交易机器人每日更新实盘效果.md,variant_or_duplicate,other_alpha,other-alpha-2026-08-31.md
Parabolic-SAR.md,variant_or_duplicate,other_alpha,other-alpha-2026-08-31.md
SeamlessConnWS.md,variant_or_duplicate,other_alpha,other-alpha-2026-08-31.md
Sidboss.md,variant_or_duplicate,other_alpha,other-alpha-2026-08-31.md
综合多空自动期货交易策略Comprehensive-Futures-Automated-Trading-Strategy-for-Both-Long-and-Short.md,variant_or_duplicate,other_alpha,other-alpha-2026-08-31.md
海银-阿契蜡烛颜色变化策略Heiken-Ashi-Bar-Color-Change-Strategy.md,variant_or_duplicate,other_alpha,other-alpha-2026-08-31.md
定投新手入门每周100USDT-定期定额-100USDT-Invested-Every-Week-Regular-Fixed-Investment.md,variant_or_duplicate,other_alpha,other-alpha-2026-08-31.md
基于日内波动性和周线高点的交易策略IBS-and-Weekly-High-Based-SP500-Futures-Trading-Strategy.md,variant_or_duplicate,other_alpha,other-alpha-2026-08-31.md
混合双态Z评分量化策略-Hybrid-Binomial-Z-Score-Quantitative-Strategy.md,variant_or_duplicate,other_alpha,other-alpha-2026-08-31.md
深度做市-盘口控制-操盘机器人-做市工具.md,variant_or_duplicate,other_alpha,other-alpha-2026-08-31.md
动态圣诞老人回归策略Dynamic-Santa-Claus-Regression-Strategy.md,variant_or_duplicate,other_alpha,other-alpha-2026-08-31.md
多波段统计趋势分析策略-Multi-Band-Statistical-Trend-Analysis-Strategy.md,variant_or_duplicate,other_alpha,other-alpha-2026-08-31.md
Candle-Strength.md,variant_or_duplicate,other_alpha,other-alpha-2026-08-31.md
量化趋势跟踪交易策略Quant-Trend-Trading-Strategy.md,variant_or_duplicate,other_alpha,other-alpha-2026-08-31.md
币安一次性获取所有合约持仓列表并格式化为发明者Position结构数组.md,variant_or_duplicate,other_alpha,other-alpha-2026-08-31.md
Order-Block-Finder.md,variant_or_duplicate,other_alpha,other-alpha-2026-08-31.md
基于多空双轨的追踪止盈策略Myo_LS_D-Quantitative-Strategy.md,variant_or_duplicate,other_alpha,other-alpha-2026-08-31.md
测试-关于马丁长期效果.md,variant_or_duplicate,other_alpha,other-alpha-2026-08-31.md
多重指标辅助策略Multi-indicator-Assisted-Strategy.md,variant_or_duplicate,other_alpha,other-alpha-2026-08-31.md
双EMA金叉死叉趋势策略Dual-EMA-Crossover-Trend-Strategy.md,normalized_candidate,moving_average_crossover,moving-average-crossover-2026-08-31.md
零时滞后-Hull-EMA-组合-趋势跟踪策略Zero-Lag-Hull-EMA-Combo-Trend-Following-Strategy.md,variant_or_duplicate,moving_average_crossover,moving-average-crossover-2026-08-31.md
多重均线协同趋势波动交易策略基于ATR动态风控-Multi-EMA-Trend-Following-Swing-Trading-Strategy-with-ATR-Based-Risk-Management.md,variant_or_duplicate,moving_average_crossover,moving-average-crossover-2026-08-31.md
双均线价格突破与多空力量平衡组合策略Dual-Moving-Average-Crossover-and-Bull-Bear-Power-Balance-Combination-Strategy.md,variant_or_duplicate,moving_average_crossover,moving-average-crossover-2026-08-31.md
基于三连阳-阴和双均线的量化交易策略Quantitative-Trading-Strategy-Based-on-Three-Consecutive-Bullish-Bearish-Candles-and-Dual-Moving-Averages.md,variant_or_duplicate,moving_average_crossover,moving-average-crossover-2026-08-31.md
基于平均价格移动的交易策略Moving-Average-Price-Based-Trading-Strategy.md,variant_or_duplicate,moving_average_crossover,moving-average-crossover-2026-08-31.md
EMA趋势追踪自动化交易策略-EMA-Trend-Following-Automated-Trading-Strategy.md,variant_or_duplicate,moving_average_crossover,moving-average-crossover-2026-08-31.md
多重指数移动平均线黄金交叉趋势跟踪策略-Multi-Exponential-Moving-Average-Golden-Cross-Trend-Following-Strategy.md,variant_or_duplicate,moving_average_crossover,moving-average-crossover-2026-08-31.md
高点减指数移动平均线策略High-Minus-Exponential-Moving-Average-Stock-Strategy.md,variant_or_duplicate,moving_average_crossover,moving-average-crossover-2026-08-31.md
基于两个移动平均线的交叉策略Moving-Average-Crossover-Strategy.md,variant_or_duplicate,moving_average_crossover,moving-average-crossover-2026-08-31.md
多重均线趋势强度捕捉与波动获利策略-Multi-MA-Trend-Strength-Capture-with-Momentum-Profit-Taking-Strategy.md,variant_or_duplicate,moving_average_crossover,moving-average-crossover-2026-08-31.md
基于均线交叉趋势策略The-Moving-Average-Crossover-Trend-Strategy.md,variant_or_duplicate,moving_average_crossover,moving-average-crossover-2026-08-31.md
基于QQE和MA的趋势跟踪策略Trend-Following-Strategy-Based-on-QQE-and-MA.md,variant_or_duplicate,moving_average_crossover,moving-average-crossover-2026-08-31.md
基于AO震荡指标的EMA交叉日内交易策略EMA-Crossover-Intraday-Trading-Strategy-Based-on-AO-Oscillator.md,variant_or_duplicate,moving_average_crossover,moving-average-crossover-2026-08-31.md
移动均线交叉系统交易策略Moving-Average-Trading-Strategy.md,variant_or_duplicate,moving_average_crossover,moving-average-crossover-2026-08-31.md
动量双均线交叉策略Momentum-Dual-Moving-Average-Crossover-Strategy.md,variant_or_duplicate,moving_average_crossover,moving-average-crossover-2026-08-31.md
双线交叉反转策略Dual-Moving-Average-Crossover-Reversal-Strategy.md,variant_or_duplicate,moving_average_crossover,moving-average-crossover-2026-08-31.md
震荡器差分滑动平均择时策略Oscillator-Differential-Moving-Average-Timing-Strategy.md,variant_or_duplicate,moving_average_crossover,moving-average-crossover-2026-08-31.md
浪速EMA黄金交叉策略Gaan-EMA-Golden-Cross-Strategy.md,variant_or_duplicate,moving_average_crossover,moving-average-crossover-2026-08-31.md
多重均线与趋势指标交叉策略Multi-EMA-and-Supertrend-Crossover-Strategy.md,variant_or_duplicate,moving_average_crossover,moving-average-crossover-2026-08-31.md
双SMA均线交叉交易策略Dual-Moving-Average-Crossover-Trading-Strategy.md,variant_or_duplicate,moving_average_crossover,moving-average-crossover-2026-08-31.md
趋势突破交易系统移动平均线突破策略-Trend-Breakout-Trading-System-with-Moving-Average-TBMA-Strategy.md,variant_or_duplicate,moving_average_crossover,moving-average-crossover-2026-08-31.md
基于SMAEMA的量化交易策略Quantitative-Trading-Strategy-Based-on-SMA-and-EMA.md,variant_or_duplicate,moving_average_crossover,moving-average-crossover-2026-08-31.md
移动平均线反转跨越策略Moving-Average-Line-Reverse-Crossover-Strategy.md,variant_or_duplicate,moving_average_crossover,moving-average-crossover-2026-08-31.md
双均线SuperTrend量化交易策略Dual-Moving-Average-Supertrend-Quantitative-Trading-Strategy.md,variant_or_duplicate,moving_average_crossover,moving-average-crossover-2026-08-31.md
基于快慢EMA交叉的5分钟趋势追踪策略Trend-Following-5-Minute-EMA-Crossover-Strategy.md,variant_or_duplicate,moving_average_crossover,moving-average-crossover-2026-08-31.md
移动均线趋势向量量化交易策略-Moving-Average-Trend-Direction-Quantitative-Strategy-with-Cross-Validation.md,variant_or_duplicate,moving_average_crossover,moving-average-crossover-2026-08-31.md
Fomo3D-智能合约监控-Fomo3D-Smart-Contract-Monitoring.md,variant_or_duplicate,moving_average_crossover,moving-average-crossover-2026-08-31.md
动量均线交叉策略Momentum-Moving-Average-Crossover-Strategy.md,variant_or_duplicate,moving_average_crossover,moving-average-crossover-2026-08-31.md
双EMA黄金交叉突破策略Dual-EMA-Crossover-Breakout-Strategy.md,variant_or_duplicate,moving_average_crossover,moving-average-crossover-2026-08-31.md
高级双均线动量趋势跟踪交易系统Advanced-Dual-Moving-Average-Momentum-Trend-Following-Trading-System.md,variant_or_duplicate,moving_average_crossover,moving-average-crossover-2026-08-31.md
久期均线交叉Renko策略Long-term-Moving-Average-Crossover-Renko-Strategy.md,variant_or_duplicate,moving_average_crossover,moving-average-crossover-2026-08-31.md
基于均线交叉的趋势跟随策略Trend-Following-Strategy-Based-on-Moving-Average-Crossover.md,variant_or_duplicate,moving_average_crossover,moving-average-crossover-2026-08-31.md
三重移动平均线交叉系统Triple-Moving-Average-Crossover-System.md,variant_or_duplicate,moving_average_crossover,moving-average-crossover-2026-08-31.md
基于自适应移动平均线的趋势跟踪策略Trend-Following-Strategy-Based-on-Adaptive-Moving-Average.md,variant_or_duplicate,moving_average_crossover,moving-average-crossover-2026-08-31.md
双均线交叉趋势跟踪策略Dual-Moving-Average-Crossover-Trend-Tracking-Strategy.md,variant_or_duplicate,moving_average_crossover,moving-average-crossover-2026-08-31.md
短中长期三重移动平均线趋势跟踪策略-Short-Medium-Long-Term-Triple-Moving-Average-Trend-Following-Strategy.md,variant_or_duplicate,moving_average_crossover,moving-average-crossover-2026-08-31.md
高级EMA交叉动量趋势捕捉策略-Advanced-EMA-Crossover-Momentum-Trend-Capture-Strategy.md,variant_or_duplicate,moving_average_crossover,moving-average-crossover-2026-08-31.md
基于移动均线的突破交易策略Moving-Average-Breakout-Strategy.md,variant_or_duplicate,moving_average_crossover,moving-average-crossover-2026-08-31.md
多移动平均线趋势强度交易策略-基于移动平均线偏离度的灵活性智能交易系统-Multi-MA-Trend-Intensity-Trading-Strategy-A-Flexible-Smart-Trading-System-Based-on-MA-Deviation.md,variant_or_duplicate,moving_average_crossover,moving-average-crossover-2026-08-31.md
2-Moving-Average-Color-Direction-Detection.md,variant_or_duplicate,moving_average_crossover,moving-average-crossover-2026-08-31.md
自适应双重指标交叉智能择时交易策略-Adaptive-Dual-Indicator-Cross-Smart-Timing-Trading-Strategy.md,variant_or_duplicate,moving_average_crossover,moving-average-crossover-2026-08-31.md
双移动平均线交叉策略-A-Dual-Moving-Average-Crossover-Strategy.md,variant_or_duplicate,moving_average_crossover,moving-average-crossover-2026-08-31.md
三重指数移动平均线与随机指数平滑移动平均线交易策略Three-Exponential-Moving-Averages-and-Stochastic-Relative-Strength-Index-Trading-Strategy.md,variant_or_duplicate,moving_average_crossover,moving-average-crossover-2026-08-31.md
基于三重Hull移动平均线和一目均衡表的趋势交易策略Trend-Trading-Strategy-Based-on-Triple-Hull-Moving-Averages-and-Ichimoku-Kinko-Hyo.md,variant_or_duplicate,moving_average_crossover,moving-average-crossover-2026-08-31.md
双向EMA交叉量化交易策Bidirectional-EMA-Cross-Quant-Trading-Strategy.md,variant_or_duplicate,moving_average_crossover,moving-average-crossover-2026-08-31.md
双指数平均线捕捉策略Dual-Moving-Average-Line-Capture-Strategy.md,variant_or_duplicate,moving_average_crossover,moving-average-crossover-2026-08-31.md
多重技术指标均线交叉趋势跟踪量化交易策略-Multi-Technical-Indicator-Moving-Average-Crossover-Trend-Following-Quantitative-Trading-Strategy.md,variant_or_duplicate,moving_average_crossover,moving-average-crossover-2026-08-31.md
基于趋势动量的多指标均线交叉策略Trend-Momentum-Based-Multi-Indicator-Moving-Average-Crossover-Strategy.md,variant_or_duplicate,moving_average_crossover,moving-average-crossover-2026-08-31.md
DMI乘数均线交易策略DMI-Moving-Average-Trading-Strategy.md,variant_or_duplicate,moving_average_crossover,moving-average-crossover-2026-08-31.md
双重MA指标震荡价格追踪策略Dual-MA-Indicator-Oscillating-Price-Tracking-Strategy.md,variant_or_duplicate,moving_average_crossover,moving-average-crossover-2026-08-31.md
高斯交叉EMA趋势滑点追踪策略-Gaussian-Cross-EMA-Trend-Retracement-Strategy.md,variant_or_duplicate,moving_average_crossover,moving-average-crossover-2026-08-31.md
多指标趋势动量交叉量化策略-Multi-Indicator-Trend-Momentum-Crossover-Quantitative-Strategy.md,variant_or_duplicate,moving_average_crossover,moving-average-crossover-2026-08-31.md
基于均线组合的长仓趋势追踪策略Trend-Following-Strategy-Based-on-Moving-Average-Combination.md,variant_or_duplicate,moving_average_crossover,moving-average-crossover-2026-08-31.md
威廉双指数移动平均线与一目均衡图策略Williams-Double-Exponential-Moving-Average-and-Ichimoku-Kinkou-Hyo-Strategy.md,variant_or_duplicate,moving_average_crossover,moving-average-crossover-2026-08-31.md
移动平均线交叉策略Simple-Moving-Average-Crossover-Strategy.md,variant_or_duplicate,moving_average_crossover,moving-average-crossover-2026-08-31.md
EMA与SuperTrend组合趋势跟踪策略EMA-and-SuperTrend-Combined-Trend-Following-Strategy.md,variant_or_duplicate,moving_average_crossover,moving-average-crossover-2026-08-31.md
基于动量突破均线交易策略Momentum-Breakout-Moving-Average-Trading-Strategy.md,variant_or_duplicate,moving_average_crossover,moving-average-crossover-2026-08-31.md
一种移动平均线指标策略-Moving-Average-Indicator-Strategy.md,variant_or_duplicate,moving_average_crossover,moving-average-crossover-2026-08-31.md
基于周EMA8的仅交易顶部策略Top-Trading-Only-Based-on-Weekly-EMA8-Strategy.md,variant_or_duplicate,moving_average_crossover,moving-average-crossover-2026-08-31.md
多时间框架均线交叉趋势跟随策略Crossover-Strategy-between-Multiple-Moving-Averages.md,variant_or_duplicate,moving_average_crossover,moving-average-crossover-2026-08-31.md
基于唐奇安通道和移动平均线的趋势突破交易策略-Trend-Breakout-Trading-Strategy-Based-on-Donchian-Channel-and-Moving-Average.md,variant_or_duplicate,moving_average_crossover,moving-average-crossover-2026-08-31.md
双移动平均线跨市交易策略Dual-Moving-Average-Cross-Market-Trading-Strategy.md,variant_or_duplicate,moving_average_crossover,moving-average-crossover-2026-08-31.md
EMA趋势结合轮回位突破交易策略-EMA-Trend-with-Round-Number-Breakout-Trading-Strategy.md,variant_or_duplicate,moving_average_crossover,moving-average-crossover-2026-08-31.md
三均线震荡区间反转策略3-Moving-Average-Swing-Interval-Reversal-Strategy.md,variant_or_duplicate,moving_average_crossover,moving-average-crossover-2026-08-31.md
双移动平均交叉交易策略Dual-Moving-Average-Crossover-Trading-Strategy.md,variant_or_duplicate,moving_average_crossover,moving-average-crossover-2026-08-31.md
基于移动平均线的支撐阻力突破策略Moving-Average-Support-and-Resistance-Breakout-Strategy.md,variant_or_duplicate,moving_average_crossover,moving-average-crossover-2026-08-31.md
动态阈值三重运行移动平均趋势交易策略-Dynamic-Threshold-Triple-Running-Moving-Average-Trend-Trading-Strategy.md,variant_or_duplicate,moving_average_crossover,moving-average-crossover-2026-08-31.md
8周期和21周期的移动平均线策略Dual-Moving-Average-Strategy.md,variant_or_duplicate,moving_average_crossover,moving-average-crossover-2026-08-31.md
量化交易策略之双均线突破策略Quantitative-Trading-Strategy-Based-on-Double-Moving-Average-Crossover.md,variant_or_duplicate,moving_average_crossover,moving-average-crossover-2026-08-31.md
双均线交叉动量趋势跟踪策略-EMA-Crossover-Momentum-Trend-Following-Strategy-Dual-EMA-Crossover-Momentum-Trend-Following-Strategy.md,variant_or_duplicate,moving_average_crossover,moving-average-crossover-2026-08-31.md
基于EMA和SMA均线交叉的趋势反转策略Trend-Reversal-Strategy-Based-on-EMA-and-SMA-Crossover.md,variant_or_duplicate,moving_average_crossover,moving-average-crossover-2026-08-31.md
双EMA黄金交叉突破策略Dual-EMA-Golden-Cross-Breakout-Strategy.md,variant_or_duplicate,moving_average_crossover,moving-average-crossover-2026-08-31.md
双EMA黄金交叉震荡追踪策略Dual-EMA-Crossover-Oscillation-Tracking-Strategy.md,variant_or_duplicate,moving_average_crossover,moving-average-crossover-2026-08-31.md
双重趋势过滤链动平均线比率策略Premium-Double-Trend-Filter-MA-Ratio-Strategy.md,variant_or_duplicate,moving_average_crossover,moving-average-crossover-2026-08-31.md
EMA交叉系统策略EMA-Crossover-Strategy.md,variant_or_duplicate,moving_average_crossover,moving-average-crossover-2026-08-31.md
典型的趋势跟踪策略Dual-Moving-Average-Crossover-Strategy.md,variant_or_duplicate,moving_average_crossover,moving-average-crossover-2026-08-31.md
多重时间框架动态趋势跟踪策略结合EMA与ADX指标-Multi-Timeframe-Dynamic-Trend-Following-Strategy-with-EMA-and-ADX-Integration.md,variant_or_duplicate,moving_average_crossover,moving-average-crossover-2026-08-31.md
多重均线交叉结合量价交易动量策略-Multi-EMA-Cross-with-Volume-Price-Momentum-Trading-Strategy.md,variant_or_duplicate,moving_average_crossover,moving-average-crossover-2026-08-31.md
多时间框架趋势动量与VWAP反弹交叉量化策略-Multi-Timeframe-Trend-Momentum-and-VWAP-Rebound-Crossover-Quantitative-Strategy.md,variant_or_duplicate,moving_average_crossover,moving-average-crossover-2026-08-31.md
基于Renko平均线的趋势追踪策略Trend-Following-Strategy-Based-on-Renko-Moving-Average.md,variant_or_duplicate,moving_average_crossover,moving-average-crossover-2026-08-31.md
动量均线交叉量化策略Momentum-Moving-Average-Crossover-Quant-Strategy.md,variant_or_duplicate,moving_average_crossover,moving-average-crossover-2026-08-31.md
趋势跟踪多周期平滑移动平均线结合K线形态确认策略-Multi-Timeframe-Smoothed-Moving-Average-Strategy-with-Candlestick-Pattern-Confirmation-for-Trend-Following.md,variant_or_duplicate,moving_average_crossover,moving-average-crossover-2026-08-31.md
多重均线与成交量加权趋势交叉分析系统-Multi-EMA-and-VWAP-Trend-Confirmation-Analysis-System.md,variant_or_duplicate,moving_average_crossover,moving-average-crossover-2026-08-31.md
一种基于三重SMA自动追踪策略Triple-SMA-Auto-Tracking-Strategy.md,variant_or_duplicate,moving_average_crossover,moving-average-crossover-2026-08-31.md
趋势过滤多均线交叉ATR风控量化策略-Multi-Moving-Average-Crossover-Strategy-with-Trend-Filter-and-ATR-Risk-Management.md,variant_or_duplicate,moving_average_crossover,moving-average-crossover-2026-08-31.md
自适应零滞后指数移动平均线量化交易策略Adaptive-Zero-Lag-Exponential-Moving-Average-Quantitative-Trading-Strategy.md,variant_or_duplicate,moving_average_crossover,moving-average-crossover-2026-08-31.md
趋势量能突破策略整合EMA与成交量异常监测系统-Trend-Volume-Breakthrough-Strategy-Integrating-EMA-with-Volume-Anomaly-Detection-System.md,variant_or_duplicate,moving_average_crossover,moving-average-crossover-2026-08-31.md
超级趋势与移动平均线结合策略Supertrend-and-Moving-Average-Crossover-Strategy.md,variant_or_duplicate,moving_average_crossover,moving-average-crossover-2026-08-31.md
双移动平均趋势跟踪策略Dual-Moving-Average-Trend-Tracking-Strategy.md,variant_or_duplicate,moving_average_crossover,moving-average-crossover-2026-08-31.md
动量突破均线策略Momentum-Breakout-Moving-Average-Strategy.md,variant_or_duplicate,moving_average_crossover,moving-average-crossover-2026-08-31.md
固定止盈止损出场的量化交易策略The-Quantitative-Trading-Strategy-Based-on-Dynamic-Moving-Average-Breakthrough-Entry.md,variant_or_duplicate,moving_average_crossover,moving-average-crossover-2026-08-31.md
趋势突破双均线过滤策略Range-Breakthrough-Dual-Moving-Average-Filtering-Strategy.md,variant_or_duplicate,moving_average_crossover,moving-average-crossover-2026-08-31.md
动量趋势跟踪指标DMIADX交叉策略-Momentum-Trend-Following-DMIADX-Crossover-Strategy.md,variant_or_duplicate,moving_average_crossover,moving-average-crossover-2026-08-31.md
均线金叉死叉策略Cross-Moving-Average-Strategy.md,variant_or_duplicate,moving_average_crossover,moving-average-crossover-2026-08-31.md
三重超级趋势交叉策略-Triple-Supertrend-Crossover-Strategy.md,variant_or_duplicate,moving_average_crossover,moving-average-crossover-2026-08-31.md
基于双EMA价格摆动策略The-Dual-EMA-Price-Swing-Strategy.md,variant_or_duplicate,moving_average_crossover,moving-average-crossover-2026-08-31.md
移动平均交叉系统Moving-Average-Crossover-System.md,variant_or_duplicate,moving_average_crossover,moving-average-crossover-2026-08-31.md
双均线交叉策略-EMA9-20Dual-Moving-Average-Crossover-Strategy-EMA9-20.md,variant_or_duplicate,moving_average_crossover,moving-average-crossover-2026-08-31.md
多时间框架EMA突破与K线形态组合策略Trading-Strategy-Based-on-Multiple-Time-Frame-EMA-Breakthrough-and-K-line-Pattern-Combination.md,variant_or_duplicate,moving_average_crossover,moving-average-crossover-2026-08-31.md
Heikin-Ashi与考夫曼自适应移动平均线交易策略Heikin-Ashi-and-Kaufman-Adaptive-Moving-Average-Trading-Strategy.md,variant_or_duplicate,moving_average_crossover,moving-average-crossover-2026-08-31.md
双线性反转均线振荡器组合策略123-Reversal-Moving-Average-Convergence-Divergence-Combination-Strategy.md,variant_or_duplicate,moving_average_crossover,moving-average-crossover-2026-08-31.md
双移动均线交叉反转策略Dual-Moving-Average-Reversal-Strategy.md,variant_or_duplicate,moving_average_crossover,moving-average-crossover-2026-08-31.md
指数移动均线烛台停止交易策略-Exponential-Moving-Average-Candle-Stop-Trading-Strategy.md,variant_or_duplicate,moving_average_crossover,moving-average-crossover-2026-08-31.md
可变移动平均线-TradingVMA-策略TradingVMA-Variable-Moving-Average-Trading-Strategy.md,variant_or_duplicate,moving_average_crossover,moving-average-crossover-2026-08-31.md
基于修正Hull移动平均与一目均衡的量化交易策略-Quantitative-Trading-Strategy-Based-on-Modified-Hull-Moving-Average-and-Ichimoku-Kinko-Hyo.md,variant_or_duplicate,moving_average_crossover,moving-average-crossover-2026-08-31.md
多重均线突破策略Multi-Moving-Average-Breakout-Strategy.md,variant_or_duplicate,moving_average_crossover,moving-average-crossover-2026-08-31.md
基于双均线交叉的移动平均线策略-Moving-Average-Crossover-Strategy-Based-on-Dual-Moving-Averages.md,variant_or_duplicate,moving_average_crossover,moving-average-crossover-2026-08-31.md
多重时间周期平滑烛线移动平均趋势跟踪交易系统-Multi-Timeframe-Heikin-Ashi-Moving-Average-Trend-Following-Trading-System.md,variant_or_duplicate,moving_average_crossover,moving-average-crossover-2026-08-31.md
开敞包围式开高价交叉交易策略Open-High-Cross-Over-Trading-Strategy.md,variant_or_duplicate,moving_average_crossover,moving-average-crossover-2026-08-31.md
动量均线盘整策略Momentum-Moving-Average-Consolidation-Strategy.md,variant_or_duplicate,moving_average_crossover,moving-average-crossover-2026-08-31.md
EMA双均线交叉策略-EMA-Dual-Moving-Average-Crossover-Strategy.md,variant_or_duplicate,moving_average_crossover,moving-average-crossover-2026-08-31.md
移动平均带突破策略Moving-Average-Band-Breakout-Strategy.md,variant_or_duplicate,moving_average_crossover,moving-average-crossover-2026-08-31.md
多重均线交叉趋势跟踪策略-Multi-Moving-Average-Crossover-Trend-Following-Strategy.md,variant_or_duplicate,moving_average_crossover,moving-average-crossover-2026-08-31.md
基于移动平均线和供需区域的动态风险管理交易系统-Moving-Average-Based-Supply-Demand-Zone-Trading-System-with-Dynamic-Risk-Management.md,variant_or_duplicate,moving_average_crossover,moving-average-crossover-2026-08-31.md
动态移动平均线双策略Dynamic-Moving-Average-Dual-Strategy.md,variant_or_duplicate,moving_average_crossover,moving-average-crossover-2026-08-31.md
基于Hull移动平均线和WT指标交叉的交易策略Trading-Strategy-Based-on-Hull-Moving-Average-and-WT-Cross.md,variant_or_duplicate,moving_average_crossover,moving-average-crossover-2026-08-31.md
多时段指数移动平均线交叉策略与趋势确认系统-Multi-Timeframe-Exponential-Moving-Average-Crossover-Strategy-with-Trend-Confirmation-System.md,variant_or_duplicate,moving_average_crossover,moving-average-crossover-2026-08-31.md
Multi-SMA均线交叉策略Multi-SMA-Moving-Average-Crossover-Strategy.md,variant_or_duplicate,moving_average_crossover,moving-average-crossover-2026-08-31.md
动态支撑阻力SMA交叉黄金交易策略三重确认与风险管理优化框架-Dynamic-Support-Resistance-SMA-Crossover-Trading-Strategy-Triple-Confirmation-with-Risk-Management-Optimization-Framework.md,variant_or_duplicate,moving_average_crossover,moving-average-crossover-2026-08-31.md
双均线转向点交易策略Dual-Moving-Average-Turning-Point-Strategy.md,variant_or_duplicate,moving_average_crossover,moving-average-crossover-2026-08-31.md
多周期EMA交叉结合VWAP的高胜率日内交易策略-Multi-Period-EMA-Crossover-with-VWAP-High-Win-Rate-Intraday-Trading-Strategy.md,variant_or_duplicate,moving_average_crossover,moving-average-crossover-2026-08-31.md
FTSMA-Trend-is-your-frend.md,variant_or_duplicate,moving_average_crossover,moving-average-crossover-2026-08-31.md
基于TSI和CCI的霍尔移动平均趋势跟踪策略TSI-and-CCI-Hull-Moving-Average-Trend-Tracking-Strategy.md,variant_or_duplicate,moving_average_crossover,moving-average-crossover-2026-08-31.md
自适应均线交叉动态头寸风险管理策略-Adaptive-EMA-Crossover-Dynamic-Position-Risk-Management-Strategy.md,variant_or_duplicate,moving_average_crossover,moving-average-crossover-2026-08-31.md
EMA均线交叉策略EMA-Crossover-Strategy.md,variant_or_duplicate,moving_average_crossover,moving-average-crossover-2026-08-31.md
基于SMA和滚动趋势线的量化交易策略Quantitative-Trading-Strategy-Based-on-SMA-and-Rolling-Trendline.md,variant_or_duplicate,moving_average_crossover,moving-average-crossover-2026-08-31.md
基于移动平均线交叉交易策略Moving-Average-Crossover-Strategy.md,variant_or_duplicate,moving_average_crossover,moving-average-crossover-2026-08-31.md
反转均线包络策略123-Reversal-Moving-Average-Envelope-Strategy.md,variant_or_duplicate,moving_average_crossover,moving-average-crossover-2026-08-31.md
双向反转与动量均线策略Bidirectional-Reversal-and-Momentum-Moving-Average-Strategy.md,variant_or_duplicate,moving_average_crossover,moving-average-crossover-2026-08-31.md
自适应价格交叉均线交易策略-Adaptive-Price-Crossing-Moving-Average-Trading-Strategy.md,variant_or_duplicate,moving_average_crossover,moving-average-crossover-2026-08-31.md
5均线即时背离突破交易策略-5-EMA-Instant-Divergence-Breakout-Trading-Strategy.md,variant_or_duplicate,moving_average_crossover,moving-average-crossover-2026-08-31.md
多重指数移动平均线交叉动量策略-Multi-EMA-Crossover-Momentum-Strategy.md,variant_or_duplicate,moving_average_crossover,moving-average-crossover-2026-08-31.md
历史价格突破型混合趋势交易系统HBTSHistorical-Breakout-Trend-System-with-Moving-Average-Filter-HBTS.md,variant_or_duplicate,moving_average_crossover,moving-average-crossover-2026-08-31.md
基于超趋势指标和简单移动平均线策略Super-Trend-Dual-Moving-Average-Strategy.md,variant_or_duplicate,moving_average_crossover,moving-average-crossover-2026-08-31.md
EMA-AROON-ASH.md,variant_or_duplicate,moving_average_crossover,moving-average-crossover-2026-08-31.md
双移动平均线趋势跟踪策略Dual-Moving-Average-Trend-Following-Strategy.md,variant_or_duplicate,moving_average_crossover,moving-average-crossover-2026-08-31.md
三重EMA平滑动量与资金流量综合交易策略-Triple-EMA-Smoothed-Momentum-and-Money-Flow-Integrated-Trading-Strategy.md,variant_or_duplicate,moving_average_crossover,moving-average-crossover-2026-08-31.md
基于K线收盘价多空比较与EMA过滤的量化交易策略Up-versus-Down-Close-Candles-Strategy-with-EMA-filter-and-Session-Timeframes.md,variant_or_duplicate,moving_average_crossover,moving-average-crossover-2026-08-31.md
双HULL移动平均策略Double-HULL-Moving-Average-Strategy.md,variant_or_duplicate,moving_average_crossover,moving-average-crossover-2026-08-31.md
Moving-Average-Cross-Alert-Multi-Timeframe-MTF.md,variant_or_duplicate,moving_average_crossover,moving-average-crossover-2026-08-31.md
基于一目均衡和隐冲突的量化交易策略Quantitative-Trading-Strategy-Based-on-Ichimoku-Cloud-and-Moving-Average.md,variant_or_duplicate,moving_average_crossover,moving-average-crossover-2026-08-31.md
基于EMA和累积成交量的多空交易策略EMA-and-Cumulative-Volume-Crossover-Strategy-for-Long-Short.md,variant_or_duplicate,moving_average_crossover,moving-average-crossover-2026-08-31.md
基于EMA指标的旗形趋势追踪策略Trend-Tracking-Flag-Pattern-Strategy-Based-on-EMA-Indicators.md,variant_or_duplicate,moving_average_crossover,moving-average-crossover-2026-08-31.md
均线交叉跳空策略Moving-Average-Crossover-Breakout-Strategy.md,variant_or_duplicate,moving_average_crossover,moving-average-crossover-2026-08-31.md
金叉和死叉双均线交易策略Dual-Moving-Average-Trading-Strategy.md,variant_or_duplicate,moving_average_crossover,moving-average-crossover-2026-08-31.md
零延迟移动平均趋势交叉策略Zero-Lag-Moving-Average-Trend-Crossover-Strategy.md,variant_or_duplicate,moving_average_crossover,moving-average-crossover-2026-08-31.md
移动平均差值零轴交叉策略Moving-Average-Difference-Zero-Cross-Strategy.md,variant_or_duplicate,moving_average_crossover,moving-average-crossover-2026-08-31.md
ATR动态趋势跟踪与均线交叉交易策略-ATR-Dynamic-Trend-Following-and-EMA-Crossover-Trading-Strategy.md,variant_or_duplicate,moving_average_crossover,moving-average-crossover-2026-08-31.md
双指标滤波交易策略Stochastic-Moving-Average-Strategy-with-Double-Filters.md,variant_or_duplicate,moving_average_crossover,moving-average-crossover-2026-08-31.md
移动平均线系统交易策略Moving-Average-System-Trading-Strategy.md,variant_or_duplicate,moving_average_crossover,moving-average-crossover-2026-08-31.md
多周期成交量加权均价与移动平均线突破交易策略-Multi-Timeframe-VWAP-and-EMA-Breakout-Trading-Strategy.md,variant_or_duplicate,moving_average_crossover,moving-average-crossover-2026-08-31.md
三均线交叉William指标的量化交易策略Triple-Moving-Average-Crossover-and-Williams-Indicator-Strategy.md,variant_or_duplicate,moving_average_crossover,moving-average-crossover-2026-08-31.md
简单均线策略Moving-Average-Bot-30-lines.md,variant_or_duplicate,moving_average_crossover,moving-average-crossover-2026-08-31.md
多均线交叉趋势跟踪与波动率过滤策略-Multi-Moving-Average-Crossover-Trend-Following-Strategy-with-Volatility-Filter.md,variant_or_duplicate,moving_average_crossover,moving-average-crossover-2026-08-31.md
动量指标均线交叉策略Momentum-Indicator-Crossover-Strategy.md,variant_or_duplicate,moving_average_crossover,moving-average-crossover-2026-08-31.md
自适应移动平均线量化策略Adaptive-Moving-Average-Quantitative-Strategy.md,variant_or_duplicate,moving_average_crossover,moving-average-crossover-2026-08-31.md
四周期均线突破交易策略与动态止盈止损系统-Four-Period-SMA-Breakthrough-Trading-Strategy-with-Dynamic-Profit-Loss-Management-System.md,variant_or_duplicate,moving_average_crossover,moving-average-crossover-2026-08-31.md
多层级斐波那契均线趋势追踪策略-Multi-Level-Fibonacci-EMA-Trend-Following-Strategy.md,variant_or_duplicate,moving_average_crossover,moving-average-crossover-2026-08-31.md
24小时量价结合斐波那契回调交叉均线交易策略-24-Hour-Volume-Price-Fibonacci-Retracement-MA-Cross-Trading-Strategy.md,variant_or_duplicate,moving_average_crossover,moving-average-crossover-2026-08-31.md
改进型双重-EMA-回撤突破交易策略-Enhanced-Dual-EMA-Pullback-Breakout-Trading-Strategy.md,variant_or_duplicate,moving_average_crossover,moving-average-crossover-2026-08-31.md
双均线均值反转策略Double-Moving-Average-Reversal-Strategy.md,variant_or_duplicate,moving_average_crossover,moving-average-crossover-2026-08-31.md
移动平均线交叉信号策略Moving-Average-Cross-Signal-Strategy.md,variant_or_duplicate,moving_average_crossover,moving-average-crossover-2026-08-31.md
FTL-Range-Filter-X2-EMA-UO.md,variant_or_duplicate,moving_average_crossover,moving-average-crossover-2026-08-31.md
多空线性交叉策略Long-Short-Linear-Regression-Crossover-Strategy.md,variant_or_duplicate,moving_average_crossover,moving-average-crossover-2026-08-31.md
三EMA趋势追踪策略Three-EMA-Trend-Following-Strategy.md,variant_or_duplicate,moving_average_crossover,moving-average-crossover-2026-08-31.md
二年新高回调均线策略Two-Year-New-High-Retracement-Moving-Average-Strategy.md,variant_or_duplicate,moving_average_crossover,moving-average-crossover-2026-08-31.md
多指标交叉成交量确认趋势动量交易策略-Multi-Indicator-Crossover-Volume-Confirmed-Trend-Momentum-Trading-Strategy.md,variant_or_duplicate,moving_average_crossover,moving-average-crossover-2026-08-31.md
唐奇安自适应移动平均线交易系统Donchian-Adaptive-Moving-Average-Trading-System.md,variant_or_duplicate,moving_average_crossover,moving-average-crossover-2026-08-31.md
8小时-ema.md,variant_or_duplicate,moving_average_crossover,moving-average-crossover-2026-08-31.md
基于双均线智能追踪交易策略Dual-Moving-Average-Intelligent-Tracking-Trading-Strategy.md,variant_or_duplicate,moving_average_crossover,moving-average-crossover-2026-08-31.md
TSI指标CCI指标霍尔移动均线交易策略TSI-CCI-Hull-Moving-Average-Trading-Strategy.md,variant_or_duplicate,moving_average_crossover,moving-average-crossover-2026-08-31.md
经典黄金交叉均线交易策略Golden-Cross-Moving-Average-Trading-Strategy.md,variant_or_duplicate,moving_average_crossover,moving-average-crossover-2026-08-31.md
移动平均线叠带策略EMA-Ribbon-Strategy.md,variant_or_duplicate,moving_average_crossover,moving-average-crossover-2026-08-31.md
基于简单移动平均线的量化交易策略The-moving-average-crossover-strategy-is-a-quantitative-trading-strategy.md,variant_or_duplicate,moving_average_crossover,moving-average-crossover-2026-08-31.md
双均线交叉趋势策略Dual-Moving-Average-Crossover-Trend-Strategy.md,variant_or_duplicate,moving_average_crossover,moving-average-crossover-2026-08-31.md
基于200日均线和随机振子的趋势追踪策略-Trend-Following-Strategy-Based-on-200-Day-Moving-Average-and-Stochastic-Oscillator.md,variant_or_duplicate,moving_average_crossover,moving-average-crossover-2026-08-31.md
移动平均趋势跟踪金叉做多策略Moving-Average-Trend-Following-Golden-Cross-Long-Strategy.md,variant_or_duplicate,moving_average_crossover,moving-average-crossover-2026-08-31.md
双EMA均线追踪策略Dual-Exponential-Moving-Average-Trend-Following-Strategy.md,variant_or_duplicate,moving_average_crossover,moving-average-crossover-2026-08-31.md
趋势追踪移动平均策略Trend-Following-Moving-Average-Strategy.md,variant_or_duplicate,moving_average_crossover,moving-average-crossover-2026-08-31.md
双均线缠论策略Dual-Moving-Average-Confluence-Strategy.md,variant_or_duplicate,moving_average_crossover,moving-average-crossover-2026-08-31.md
趋势跟踪型双均线策略Trend-Following-Dual-Moving-Average-Strategy.md,variant_or_duplicate,moving_average_crossover,moving-average-crossover-2026-08-31.md
神经均线交叉趋势跟踪策略结合EMA过滤系统-Neural-Moving-Average-Crossover-Trend-Following-Strategy-with-EMA-Filtering-System.md,variant_or_duplicate,moving_average_crossover,moving-average-crossover-2026-08-31.md
多均线趋势交叉三重过滤交易策略-Triple-Moving-Average-Cross-Filter-Trading-System.md,variant_or_duplicate,moving_average_crossover,moving-average-crossover-2026-08-31.md
趋势SMA交易策略11Trend-SMA-Trading-Strategy-11.md,variant_or_duplicate,moving_average_crossover,moving-average-crossover-2026-08-31.md
双移动平均线跨时间框架交易策略Dual-Moving-Average-Cross-Timeframe-Trading-Strategy.md,variant_or_duplicate,moving_average_crossover,moving-average-crossover-2026-08-31.md
均线突破策略Moving-Average-Breakout-Strategy.md,variant_or_duplicate,moving_average_crossover,moving-average-crossover-2026-08-31.md
基于Stoch和EMA指标的趋势跟踪量化策略Stochastic-and-Moving-Average-Crossover-Trend-Following-Quantitative-Strategy.md,variant_or_duplicate,moving_average_crossover,moving-average-crossover-2026-08-31.md
高级复合均线与市场动量趋势捕捉策略-Advanced-Composite-Moving-Average-and-Market-Momentum-Trend-Capture-Strategy.md,variant_or_duplicate,moving_average_crossover,moving-average-crossover-2026-08-31.md
双均线交易策略Long-Short-Moving-Average-Crossover-Trading-Strategy.md,variant_or_duplicate,moving_average_crossover,moving-average-crossover-2026-08-31.md
基于离散运动平均值的趋势突破策略Trend-Breakout-Strategy-Based-on-Moving-Average-Deviation.md,variant_or_duplicate,moving_average_crossover,moving-average-crossover-2026-08-31.md
动态移动平均线交易策略Trend-Trading-Strategy-Based-on-Dynamic-Moving-Average.md,variant_or_duplicate,moving_average_crossover,moving-average-crossover-2026-08-31.md
基于移动平均线交叉策略Moving-Average-Crossover-Strategy.md,variant_or_duplicate,moving_average_crossover,moving-average-crossover-2026-08-31.md
穿越大师-反转突破策略Crossover-Master-Reversal-Breakout-Strategy.md,variant_or_duplicate,moving_average_crossover,moving-average-crossover-2026-08-31.md
黑天鹅波动与均线交叉动量跟踪策略-Black-Swan-Volatility-and-Moving-Average-Crossover-Momentum-Tracking-Strategy.md,variant_or_duplicate,moving_average_crossover,moving-average-crossover-2026-08-31.md
多周期均线交叉量能策略系统-Multi-Period-Moving-Average-Crossover-with-Volume-Analysis-System.md,variant_or_duplicate,moving_average_crossover,moving-average-crossover-2026-08-31.md
双移动均线策略Dual-Moving-Average-Crossover-Strategy.md,variant_or_duplicate,moving_average_crossover,moving-average-crossover-2026-08-31.md
逐步加仓均线突破策略Stepwise-Pyramiding-Moving-Average-Breakout-Strategy.md,variant_or_duplicate,moving_average_crossover,moving-average-crossover-2026-08-31.md
缓慢均线策略Slow-Moving-Average-Strategy.md,variant_or_duplicate,moving_average_crossover,moving-average-crossover-2026-08-31.md
基于四条EMA均线策略4-EMA-Trend-Strategy.md,variant_or_duplicate,moving_average_crossover,moving-average-crossover-2026-08-31.md
均线多空平衡交易策略Corn-Moving-Average-Balance-Trading-Strategy.md,variant_or_duplicate,moving_average_crossover,moving-average-crossover-2026-08-31.md
基于Hull-MA与STC指标的趋势跟踪策略Trend-Following-Strategy-Based-on-Hull-MA-and-STC-Indicator.md,variant_or_duplicate,moving_average_crossover,moving-average-crossover-2026-08-31.md
动量反转均线交叉策略An-Oscillating-Momentum-Reversal-Moving-Average-Crossover-Strategy.md,variant_or_duplicate,moving_average_crossover,moving-average-crossover-2026-08-31.md
交叉均线金叉死叉策略Cross-Moving-Average-Golden-Cross-Death-Cross-Strategy.md,variant_or_duplicate,moving_average_crossover,moving-average-crossover-2026-08-31.md
基于短期和长期移动平均线交叉策略MA-Crossover-Trading-Strategy-Based-on-Short-term-and-Long-term-Moving-Average-Crossovers.md,variant_or_duplicate,moving_average_crossover,moving-average-crossover-2026-08-31.md
埃利奥特波动叠加200日均线交易策略Elliott-Wave-Strategy-with-200-Day-Moving-Average.md,variant_or_duplicate,moving_average_crossover,moving-average-crossover-2026-08-31.md
2-20指数移动平均策略2-20-Exponential-Moving-Average-Strategy.md,variant_or_duplicate,moving_average_crossover,moving-average-crossover-2026-08-31.md
ALMA均线交叉策略ALMA-Crossover-Strategy.md,variant_or_duplicate,moving_average_crossover,moving-average-crossover-2026-08-31.md
基于EMA指标的跨周期交易策略EMA-Crossover-Quantitative-Trading-Strategy.md,variant_or_duplicate,moving_average_crossover,moving-average-crossover-2026-08-31.md
移动均线交叉策略Moving-Average-Crossover-Strategy.md,variant_or_duplicate,moving_average_crossover,moving-average-crossover-2026-08-31.md
基于均线和超趋势的趋势跟随策略Trend-Following-Strategy-Based-on-Moving-Average-and-Super-Trend.md,variant_or_duplicate,moving_average_crossover,moving-average-crossover-2026-08-31.md
低频傅里叶变换趋势跟踪移动平均线策略Low-Frequency-Fourier-Transform-Trend-Following-Moving-Average-Strategy.md,variant_or_duplicate,moving_average_crossover,moving-average-crossover-2026-08-31.md
多重移动平均线趋势跟踪策略Multi-Moving-Average-Rating-Trend-Strategy.md,variant_or_duplicate,moving_average_crossover,moving-average-crossover-2026-08-31.md
自适应移动平均线策略Malas-Adaptive-Moving-Average-Strategy.md,variant_or_duplicate,moving_average_crossover,moving-average-crossover-2026-08-31.md
基于双均线交叉策略The-Dual-Moving-Average-Crossover-Strategy.md,variant_or_duplicate,moving_average_crossover,moving-average-crossover-2026-08-31.md
均线交叉量化策略Moving-Average-Crossover-Quantitative-Strategy.md,variant_or_duplicate,moving_average_crossover,moving-average-crossover-2026-08-31.md
多时间周期动态信号组合的ICT智能结构突破策略-Multi-Period-Dynamic-Signal-Integration-ICT-Smart-Structure-Breakthrough-Strategy.md,variant_or_duplicate,moving_average_crossover,moving-average-crossover-2026-08-31.md
多重MA带动量交易策略Multi-Timeframe-Moving-Average-Momentum-Trading-Strategy.md,variant_or_duplicate,moving_average_crossover,moving-average-crossover-2026-08-31.md
移动平均线金叉死叉策略Moving-Average-Crossover-Strategy.md,variant_or_duplicate,moving_average_crossover,moving-average-crossover-2026-08-31.md
趋势交叉交易策略Trend-Bull-Bear-Crossover-Trading-Strategy.md,variant_or_duplicate,moving_average_crossover,moving-average-crossover-2026-08-31.md
双EMA黄绿交易系统Trend-Trading-with-Double-EMA-Crossover-System.md,variant_or_duplicate,moving_average_crossover,moving-average-crossover-2026-08-31.md
坚果离线趋势追踪策略Walnut-Trend-Following-Strategy-Based-on-Distance-from-200-EMA.md,variant_or_duplicate,moving_average_crossover,moving-average-crossover-2026-08-31.md
双重叠加平均线组合Stochastic异同K线交易策略Intraday-Stochastic-Oscillator-with-Double-Moving-Average-Crossover-Strategy.md,variant_or_duplicate,moving_average_crossover,moving-average-crossover-2026-08-31.md
双移动平均线与Williams平均线组合策略Dual-Moving-Average-and-Williams-Average-Combination-Strategy.md,variant_or_duplicate,moving_average_crossover,moving-average-crossover-2026-08-31.md
多重均线交叉结合Camarilla支撑阻力趋势交易系统-Multi-EMA-Crossover-with-Camarilla-Support-Resistance-Trend-Trading-System.md,variant_or_duplicate,moving_average_crossover,moving-average-crossover-2026-08-31.md
四均线金叉死叉策略Four-EMA-Crossover-Strategy.md,variant_or_duplicate,moving_average_crossover,moving-average-crossover-2026-08-31.md
基于EMA均线的交易策略Traffic-Light-Trading-Strategy-Based-on-EMA.md,variant_or_duplicate,moving_average_crossover,moving-average-crossover-2026-08-31.md
双均线趋势动量交易策略-Dual-EMA-Trend-Momentum-Trading-Strategy.md,variant_or_duplicate,moving_average_crossover,moving-average-crossover-2026-08-31.md
自适应多重均线动量突破交易策略-Adaptive-Multi-MA-Momentum-Breakthrough-Trading-Strategy.md,variant_or_duplicate,moving_average_crossover,moving-average-crossover-2026-08-31.md
多级均线结合蜡烛图形态识别交易系统-Multi-Level-Moving-Average-with-Candlestick-Pattern-Recognition-Trading-System.md,variant_or_duplicate,moving_average_crossover,moving-average-crossover-2026-08-31.md
基于机器学习的移动平均线交叉量化交易策略-Machine-Learning-Based-Moving-Average-Crossover-Quantitative-Trading-Strategy.md,variant_or_duplicate,moving_average_crossover,moving-average-crossover-2026-08-31.md
动量突破均线交易策略Momentum-Breakthrough-Moving-Average-Trading-Strategy.md,variant_or_duplicate,moving_average_crossover,moving-average-crossover-2026-08-31.md
双EMA均线交叉策略Dual-EMA-Crossover-Strategy.md,variant_or_duplicate,moving_average_crossover,moving-average-crossover-2026-08-31.md
指数修正分析过滤策略Modulo-Logic-With-EMA-Filter-Strategy.md,variant_or_duplicate,moving_average_crossover,moving-average-crossover-2026-08-31.md
基于价格与SMA交叉的量化交易策略Quantitative-Trading-Strategy-Based-on-Price-Crossover-with-SMA.md,variant_or_duplicate,moving_average_crossover,moving-average-crossover-2026-08-31.md
多层移动平均线交叉精确时序趋势跟踪策略-Multi-Layer-Moving-Average-Cross-Precise-Timing-Trend-Following-Strategy.md,variant_or_duplicate,moving_average_crossover,moving-average-crossover-2026-08-31.md
EMA多头均线交叉策略-EMA-Bullish-Crossover-Strategy.md,variant_or_duplicate,moving_average_crossover,moving-average-crossover-2026-08-31.md
超级趋势-LSMA-多头策略Super-Trend-LSMA-Long-Strategy.md,variant_or_duplicate,moving_average_crossover,moving-average-crossover-2026-08-31.md
三重指数移动平均线长线策略Triple-Exponential-Moving-Average-Long-Only-Strategy.md,variant_or_duplicate,moving_average_crossover,moving-average-crossover-2026-08-31.md
EMA追踪趋势交易策略EMA-Trend-Following-Trading-Strategy.md,variant_or_duplicate,moving_average_crossover,moving-average-crossover-2026-08-31.md
基于多重移动平均线的趋势交易策略Trend-Trading-Strategy-Based-on-Multiple-Moving-Averages.md,variant_or_duplicate,moving_average_crossover,moving-average-crossover-2026-08-31.md
Ichimoku云带动量均线交叉策略Ichimoku-Cloud-with-Dual-Moving-Average-Crossover-Strategy.md,variant_or_duplicate,moving_average_crossover,moving-average-crossover-2026-08-31.md
指数移动平均与相对强弱指数交叉策略-Exponential-Moving-Average-and-Relative-Strength-Index-Crossover-Strategy.md,variant_or_duplicate,moving_average_crossover,moving-average-crossover-2026-08-31.md
双TEMA叉死叉交易策略Dual-TEMA-Crossover-Trading-Strategy.md,variant_or_duplicate,moving_average_crossover,moving-average-crossover-2026-08-31.md
多重技术指标交叉动量趋势跟踪策略-Multi-Technical-Indicator-Crossover-Momentum-Trend-Following-Strategy.md,variant_or_duplicate,moving_average_crossover,moving-average-crossover-2026-08-31.md
双移动平均线黄金交叉策略Dual-Moving-Average-Crossover-Strategy.md,variant_or_duplicate,moving_average_crossover,moving-average-crossover-2026-08-31.md
移动平均交叉趋势跟踪策略Zhukovs-Moving-Average-Crossover-Trend-Following-Strategy.md,variant_or_duplicate,moving_average_crossover,moving-average-crossover-2026-08-31.md
多重移动平均线和指标交叉的趋势跟踪量化交易系统-Multi-Moving-Average-and-Indicator-Cross-Trend-Following-Quantitative-Trading-System.md,variant_or_duplicate,moving_average_crossover,moving-average-crossover-2026-08-31.md
基于多个移动平均带策略Moving-Average-Ribbon-Strategy.md,variant_or_duplicate,moving_average_crossover,moving-average-crossover-2026-08-31.md
双均线滞后突破策略Dual-Moving-Average-Lagging-Breakout-Strategy.md,variant_or_duplicate,moving_average_crossover,moving-average-crossover-2026-08-31.md
均线交叉趋势捕捉与K线突破智能择时策略-Moving-Average-Crossover-and-Candlestick-Pattern-Smart-Timing-Strategy.md,variant_or_duplicate,moving_average_crossover,moving-average-crossover-2026-08-31.md
弹性加权移动平均交叉策略Elastic-Volume-Weighted-Moving-Average-Cross-Strategy.md,variant_or_duplicate,moving_average_crossover,moving-average-crossover-2026-08-31.md
先机获利的移动平均早盘退出策略Early-Profit-Taking-Moving-Average-Opening-Bell-Exit-Strategy.md,variant_or_duplicate,moving_average_crossover,moving-average-crossover-2026-08-31.md
高级均线交叉趋势跟踪策略结合ATR动态止盈止损系统-Advanced-EMA-Crossover-Trend-Following-Strategy-with-ATR-Based-Dynamic-Stop-Management-System.md,variant_or_duplicate,moving_average_crossover,moving-average-crossover-2026-08-31.md
多指标融合动态移动平均线交叉量化策略-Multi-Indicator-Dynamic-Moving-Average-Crossover-Quantitative-Strategy.md,variant_or_duplicate,moving_average_crossover,moving-average-crossover-2026-08-31.md
基于移动平均线的突破交易策略Moving-Average-Breakout-Trading-Strategy.md,variant_or_duplicate,moving_average_crossover,moving-average-crossover-2026-08-31.md
多均线限价交易策略Multi-MA-Limit-Order-Trading-Strategy.md,variant_or_duplicate,moving_average_crossover,moving-average-crossover-2026-08-31.md
双指数移动平均线趋势跟踪与分步退出交易策略-Dual-EMA-Trend-Following-Strategy-with-Staged-Position-Exit.md,variant_or_duplicate,moving_average_crossover,moving-average-crossover-2026-08-31.md
突破最高价EMA交叉策略-BreakHigh-EMA-Crossover-Strategy.md,variant_or_duplicate,moving_average_crossover,moving-average-crossover-2026-08-31.md
多重技术指标趋势跟踪策略-结合超级趋势EMA和风险管理-Multi-Indicator-Trend-Following-Strategy-Integrating-SuperTrend-EMA-and-Risk-Management.md,variant_or_duplicate,moving_average_crossover,moving-average-crossover-2026-08-31.md
动量指标辅助均线回转交易策略Supply-Demand-Momentum-Reversal-Trading-Strategy.md,variant_or_duplicate,moving_average_crossover,moving-average-crossover-2026-08-31.md
即时突破波动率EMA趋势策略Zero-Lag-Volatility-Breakout-EMA-Trend-Strategy.md,variant_or_duplicate,moving_average_crossover,moving-average-crossover-2026-08-31.md
基于多均线趋势和ATR动态止盈止损的加密货币交易策略-Multi-EMA-Trend-Following-with-Dynamic-ATR-Based-Exit-Strategy-for-Cryptocurrency-Trading.md,variant_or_duplicate,moving_average_crossover,moving-average-crossover-2026-08-31.md
基于均线交叉的趋势跟随策略EMA-Cross-Trend-Following-Strategy.md,variant_or_duplicate,moving_average_crossover,moving-average-crossover-2026-08-31.md
基于移动平均线的量化交易策略Moving-Average-Crossover-Strategy.md,variant_or_duplicate,moving_average_crossover,moving-average-crossover-2026-08-31.md
双均线交叉自适应参数择时交易策略-Dual-Moving-Average-Crossover-Adaptive-Parameter-Trading-Strategy.md,variant_or_duplicate,moving_average_crossover,moving-average-crossover-2026-08-31.md
双移动均线黄金交叉策略Dual-Moving-Average-Golden-Cross-Strategy.md,variant_or_duplicate,moving_average_crossover,moving-average-crossover-2026-08-31.md
移动平均交叉中点策略Moving-Average-Crossover-Midpoint-Strategy.md,variant_or_duplicate,moving_average_crossover,moving-average-crossover-2026-08-31.md
多重均线云层趋势交易策略-Multi-EMA-Cloud-Trend-Trading-Strategy.md,variant_or_duplicate,moving_average_crossover,moving-average-crossover-2026-08-31.md
ATR和T3均线策略ATR-and-T3-Moving-Average-Strategy.md,variant_or_duplicate,moving_average_crossover,moving-average-crossover-2026-08-31.md
短线双均线策略Dual-Moving-Average-Strategy.md,variant_or_duplicate,moving_average_crossover,moving-average-crossover-2026-08-31.md
多均线交叉量化策略系统基于自适应移动平均线的趋势跟踪与交易信号优化-Adaptive-Moving-Average-Crossover-Quantitative-Strategy-Trend-Following-and-Trading-Signal-Optimization.md,variant_or_duplicate,moving_average_crossover,moving-average-crossover-2026-08-31.md
速慢双均线交易策略Fast-Slow-Dual-Moving-Average-Trading-Strategy.md,variant_or_duplicate,moving_average_crossover,moving-average-crossover-2026-08-31.md
双均线穿叉策略Dual-Moving-Average-Crossover-Strategy.md,variant_or_duplicate,moving_average_crossover,moving-average-crossover-2026-08-31.md
基于ATR和EMA的趋势跟随策略All-about-the-ATR-and-EMA-based-trend-following-strategy.md,variant_or_duplicate,moving_average_crossover,moving-average-crossover-2026-08-31.md
基于Parabolic-SAR和EMA的趋势跟踪策略Parabolic-SAR-and-EMA-Trend-Tracking-Strategy.md,variant_or_duplicate,moving_average_crossover,moving-average-crossover-2026-08-31.md
三重指数移动平均线与支撑阻力动态交易策略-Triple-EMA-with-Dynamic-Support-Resistance-Trading-Strategy.md,variant_or_duplicate,moving_average_crossover,moving-average-crossover-2026-08-31.md
四均线多时间框架趋势策略Four-DEMA-Multi-Timeframe-Trend-Strategy.md,variant_or_duplicate,moving_average_crossover,moving-average-crossover-2026-08-31.md
基于移动平均线金叉死叉交易策略Moving-Average-Crossover-Trading-Strategy.md,variant_or_duplicate,moving_average_crossover,moving-average-crossover-2026-08-31.md
波动率停止云策略与均线交叉系统-Volatility-Stop-Cloud-Strategy-with-Moving-Average-Crossover-System.md,variant_or_duplicate,moving_average_crossover,moving-average-crossover-2026-08-31.md
渐变均线趋势跟踪策略Gradual-Moving-Average-Trend-Following-Strategy.md,variant_or_duplicate,moving_average_crossover,moving-average-crossover-2026-08-31.md
基于双均线和交易量的趋势突破交易策略-Trend-Breakout-Trading-Strategy-Based-on-Dual-Moving-Averages-and-Volume.md,variant_or_duplicate,moving_average_crossover,moving-average-crossover-2026-08-31.md
高斯通道自适应均线策略-Gaussian-Channel-Adaptive-Moving-Average-Strategy.md,variant_or_duplicate,moving_average_crossover,moving-average-crossover-2026-08-31.md
基于动量均线交易策略Momentum-Moving-Average-Crossover-Trading-Strategy.md,variant_or_duplicate,moving_average_crossover,moving-average-crossover-2026-08-31.md
双移动平均线跨度交易策略Dual-Moving-Average-Crossover-Trading-Strategy.md,variant_or_duplicate,moving_average_crossover,moving-average-crossover-2026-08-31.md
基于流动性加权指数均线的动量交叉策略-Liquidity-Weighted-Moving-Average-Momentum-Crossover-Strategy.md,variant_or_duplicate,moving_average_crossover,moving-average-crossover-2026-08-31.md
移動的Vegas通道穿越策略Moving-Vegas-Channel-Crossover-Strategy.md,variant_or_duplicate,moving_average_crossover,moving-average-crossover-2026-08-31.md
顺势突破均线交叉策略Schaff-Trend-Cycle-with-Double-Moving-Average-Crossover-Strategy.md,variant_or_duplicate,moving_average_crossover,moving-average-crossover-2026-08-31.md
趋势追踪型EMA突破策略Trend-Tracking-EMA-Breakout-Strategy.md,variant_or_duplicate,moving_average_crossover,moving-average-crossover-2026-08-31.md
威廉指标交叉结合移动平均线过滤的交易策略Williams-R-Crossover-Strategy-with-Moving-Average-Filter.md,variant_or_duplicate,moving_average_crossover,moving-average-crossover-2026-08-31.md
移动平均线交叉策略Moving-Average-Crossover-Strategy.md,variant_or_duplicate,moving_average_crossover,moving-average-crossover-2026-08-31.md
动态移动均线交叉趋势跟踪策略-Dynamic-Moving-Average-Crossover-Trend-Following-Strategy-with-Adaptive-Risk-Management.md,variant_or_duplicate,moving_average_crossover,moving-average-crossover-2026-08-31.md
周线突破平均线交易策略Weekly-Breakthrough-Moving-Average-Trading-Strategy.md,variant_or_duplicate,moving_average_crossover,moving-average-crossover-2026-08-31.md
双移动平均-HullMA交叉趋势策略Dual-Moving-Average-HullMA-Crossover-Trend-Strategy.md,variant_or_duplicate,moving_average_crossover,moving-average-crossover-2026-08-31.md
基于Nadaraya-Watson核估计和移动平均交叉的智能趋势跟踪策略系统-Intelligent-Trend-Following-Strategy-System-Based-on-Nadaraya-Watson-Kernel-Estimation-and-Moving-Average-Crossover.md,variant_or_duplicate,moving_average_crossover,moving-average-crossover-2026-08-31.md
高级双均线策略交叉交易系统-Advanced-Dual-Moving-Average-Crossover-Trading-System.md,variant_or_duplicate,moving_average_crossover,moving-average-crossover-2026-08-31.md
EMA5与EMA13交叉策略-EMA5-and-EMA13-Crossover-Strategy.md,variant_or_duplicate,moving_average_crossover,moving-average-crossover-2026-08-31.md
动态MA均线交叉趋势追踪策略Dynamic-MA-Crossover-Trend-Following-Strategy.md,variant_or_duplicate,moving_average_crossover,moving-average-crossover-2026-08-31.md
基于双EMA和价格波动率指标的量化交易策略Quantitative-Trading-Strategy-Based-on-Double-EMA-and-Price-Volatility-Index.md,variant_or_duplicate,moving_average_crossover,moving-average-crossover-2026-08-31.md
动量反转均线组合策略Momentum-Reversal-Moving-Average-Combination-Strategy.md,variant_or_duplicate,moving_average_crossover,moving-average-crossover-2026-08-31.md
双均线反转跟踪策略Dual-Moving-Average-Reversal-Tracking-Strategy.md,variant_or_duplicate,moving_average_crossover,moving-average-crossover-2026-08-31.md
SMA交叉结合超趋势的自适应动量交易策略Adaptive-Momentum-Trading-Strategy-with-SMA-Crossover-and-SuperTrend.md,variant_or_duplicate,moving_average_crossover,moving-average-crossover-2026-08-31.md
智能双均线交叉风险管理交易系统-Intelligent-Dual-SMA-Crossover-Risk-Management-Trading-System.md,variant_or_duplicate,moving_average_crossover,moving-average-crossover-2026-08-31.md
双向价格突破均线选时交易策略Dual-Direction-Price-Breakthrough-Moving-Average-Timing-Trading-Strategy.md,variant_or_duplicate,moving_average_crossover,moving-average-crossover-2026-08-31.md
双重均线反转和三重最低闪现的组合交易策略Dual-Moving-Average-Reversal-and-Triple-Bottom-Flash-Combo-Trading-Strategy.md,variant_or_duplicate,moving_average_crossover,moving-average-crossover-2026-08-31.md
双均线破坏与压力位突破的交叉策略Crossover-Strategy-of-Moving-Average-Lines-and-Resistance-Level-Breakout.md,variant_or_duplicate,moving_average_crossover,moving-average-crossover-2026-08-31.md
单均线组合交易策略Simple-Moving-Average-Crossover-Strategy.md,variant_or_duplicate,moving_average_crossover,moving-average-crossover-2026-08-31.md
开盘收盘均线交叉结合ADX动态指标的量化交易策略-Opening-and-Closing-Moving-Average-Crossover-Strategy-with-ADX-Dynamic-Indicator.md,variant_or_duplicate,moving_average_crossover,moving-average-crossover-2026-08-31.md
趋势型跳空突破SMA过滤交易系统-Trend-Following-Gap-Breakout-Trading-System-with-SMA-Filter.md,variant_or_duplicate,moving_average_crossover,moving-average-crossover-2026-08-31.md
双均线均值监控模型Dual-Moving-Average-Monitoring-Model.md,variant_or_duplicate,moving_average_crossover,moving-average-crossover-2026-08-31.md
自适应考夫曼移动平均线趋势跟踪策略Adaptive-Kaufman-Moving-Average-Trend-Following-Strategy.md,variant_or_duplicate,moving_average_crossover,moving-average-crossover-2026-08-31.md
PVT-EMA趋势交叉量价策略-PVT-EMA-Trend-Crossover-Volume-Price-Strategy.md,variant_or_duplicate,moving_average_crossover,moving-average-crossover-2026-08-31.md
基于威廉VIX指标和DEMA指标的跨时间段交易策略Volatility-and-Trend-Tracking-Strategy-Across-Timeframes-Based-on-Williams-VIX-and-DEMA.md,variant_or_duplicate,moving_average_crossover,moving-average-crossover-2026-08-31.md
双向跨均线反转策略Dual-Cross-Moving-Average-Reversal-Strategy.md,variant_or_duplicate,moving_average_crossover,moving-average-crossover-2026-08-31.md
双均线指标随机策略Dual-Moving-Average-Stochastic-Strategy.md,variant_or_duplicate,moving_average_crossover,moving-average-crossover-2026-08-31.md
多指标加权智能交易策略-Multi-Indicator-Weighted-Smart-Trading-Strategy.md,variant_or_duplicate,moving_average_crossover,moving-average-crossover-2026-08-31.md
双均线交叉结合赫尔移动平均线量化策略-Dual-Hull-Moving-Average-Crossover-Quantitative-Strategy.md,variant_or_duplicate,moving_average_crossover,moving-average-crossover-2026-08-31.md
3EMA-Boullinger-PIVOT.md,variant_or_duplicate,moving_average_crossover,moving-average-crossover-2026-08-31.md
多重指数移动平均线交叉趋势跟踪策略-Multi-EMA-Crossover-Trend-Following-Strategy.md,variant_or_duplicate,moving_average_crossover,moving-average-crossover-2026-08-31.md
比特币-移动平均线交叉策略-Bitcoin-MA-Crossover-Strategy.md,variant_or_duplicate,moving_average_crossover,moving-average-crossover-2026-08-31.md
均线与超级趋势结合的日内多空动态平衡策略Dynamic-Intraday-Long-Short-Balancing-Strategy-Combining-Moving-Average-and-Supertrend.md,variant_or_duplicate,moving_average_crossover,moving-average-crossover-2026-08-31.md
SMA-pine语言教学策略脚本.md,variant_or_duplicate,moving_average_crossover,moving-average-crossover-2026-08-31.md
自适应趋势跟踪交易策略200均线突破与动态风险管理系统-Adaptive-Trend-Following-Trading-Strategy-200-EMA-Breakout-with-Dynamic-Risk-Management-System.md,variant_or_duplicate,moving_average_crossover,moving-average-crossover-2026-08-31.md
平滑移动平均线交叉策略EMA-Crossover-Strategy.md,variant_or_duplicate,moving_average_crossover,moving-average-crossover-2026-08-31.md
DEMA趋势追踪策略The-DEMA-Trend-Following-Strategy.md,variant_or_duplicate,moving_average_crossover,moving-average-crossover-2026-08-31.md
双EMA金叉死叉交易策略Dual-EMA-Crossover-Trading-Strategy.md,variant_or_duplicate,moving_average_crossover,moving-average-crossover-2026-08-31.md
多重加权移动平均线趋势策略Multiple-Weighted-Moving-Averages-Trend-Strategy.md,variant_or_duplicate,moving_average_crossover,moving-average-crossover-2026-08-31.md
基于G通道和指数移动平均的量化多空转换策略-Quantitative-Long-Short-Switching-Strategy-Based-on-G-Channel-and-EMA.md,variant_or_duplicate,moving_average_crossover,moving-average-crossover-2026-08-31.md
Demark-Reversal-Points.md,variant_or_duplicate,moving_average_crossover,moving-average-crossover-2026-08-31.md
基于PSAR与EMA的量化策略-PSAR-and-EMA-Based-Quantitative-Trading-Strategy.md,variant_or_duplicate,moving_average_crossover,moving-average-crossover-2026-08-31.md
波动尖峰指标智能交易策略-Volatility-Spike-Indicator-Smart-Trading-Strategy.md,variant_or_duplicate,moving_average_crossover,moving-average-crossover-2026-08-31.md
利用双重移动平均线交叉策略Dual-MA-Crossover-Strategy.md,variant_or_duplicate,moving_average_crossover,moving-average-crossover-2026-08-31.md
双均线趋势交叉结合ADX动量过滤的自适应风险策略-Adaptive-Risk-Strategy-with-Dual-EMA-Crossover-and-ADX-Momentum-Filter.md,variant_or_duplicate,moving_average_crossover,moving-average-crossover-2026-08-31.md
双均线追踪策略Dual-Moving-Average-Trend-Following-Strategy.md,variant_or_duplicate,moving_average_crossover,moving-average-crossover-2026-08-31.md
基于SMA和ATR的趋势追踪策略SMA-and-ATR-Based-Trend-Tracking-Strategy.md,variant_or_duplicate,moving_average_crossover,moving-average-crossover-2026-08-31.md
基于均线价格形态和量能的反转策略-A-Trend-Reversal-Strategy-Based-on-Moving-Averages-Price-Patterns-and-Volume.md,variant_or_duplicate,moving_average_crossover,moving-average-crossover-2026-08-31.md
高级量化交易多均线交叉体系配合成交量过滤策略-Advanced-Quantitative-Trading-Multi-Moving-Average-Crossover-System-with-Volume-Filter-Strategy.md,variant_or_duplicate,moving_average_crossover,moving-average-crossover-2026-08-31.md
动态均线交叉趋势跟踪组合策略-Dynamic-Moving-Average-Crossover-Trend-Following-Strategy.md,variant_or_duplicate,moving_average_crossover,moving-average-crossover-2026-08-31.md
基于均线差值的趋势跟踪策略Trend-Following-Strategy-Based-on-Moving-Average-Difference.md,variant_or_duplicate,moving_average_crossover,moving-average-crossover-2026-08-31.md
量价平衡移动平均线策略Volume-Weighted-Moving-Average-Convergence-Divergence.md,variant_or_duplicate,moving_average_crossover,moving-average-crossover-2026-08-31.md
EMA动量均线交叉策略EMA-Momentum-Moving-Average-Crossover-Strategy.md,variant_or_duplicate,moving_average_crossover,moving-average-crossover-2026-08-31.md
基于双均线和FRAMA指标的多空交叉交易策略FRAMA-and-Moving-Average-Crossover-Trading-Strategy-Based-on-Dual-Moving-Average.md,variant_or_duplicate,moving_average_crossover,moving-average-crossover-2026-08-31.md
基于EMA均线的短线交易策略Short-term-Trading-Strategy-Based-on-EMA.md,variant_or_duplicate,moving_average_crossover,moving-average-crossover-2026-08-31.md
基于自适应移动平均线和趋势突破的交易策略Trend-Breakout-Strategy-Based-on-Adaptive-MA-and-Trendlines.md,variant_or_duplicate,moving_average_crossover,moving-average-crossover-2026-08-31.md
传统均线指标与KD指标的交易策略Trading-Strategy-of-Traditional-MA-Index-and-KD-Index.md,variant_or_duplicate,moving_average_crossover,moving-average-crossover-2026-08-31.md
双重平滑平均线趋势跟踪策略-基于改良型平安江氏K线-Double-Smoothed-Moving-Average-Trend-Following-Strategy-Based-on-Modified-Heikin-Ashi.md,variant_or_duplicate,moving_average_crossover,moving-average-crossover-2026-08-31.md
双均线交叉动量跟踪量化策略-Dual-Moving-Average-Momentum-Tracking-Quantitative-Strategy.md,variant_or_duplicate,moving_average_crossover,moving-average-crossover-2026-08-31.md
50周期指数移动平均线交叉结合月度定投的双重优化趋势跟踪策略-50-Period-EMA-Crossover-with-Monthly-Dollar-Cost-Averaging-Dual-Optimization-Trend-Following-Strategy.md,variant_or_duplicate,moving_average_crossover,moving-average-crossover-2026-08-31.md
自适应多均线交叉动态交易策略-Adaptive-Multi-Moving-Average-Crossover-Dynamic-Trading-Strategy.md,variant_or_duplicate,moving_average_crossover,moving-average-crossover-2026-08-31.md
基于均线交叉策略Simple-Moving-Average-Crossover-Strategy.md,variant_or_duplicate,moving_average_crossover,moving-average-crossover-2026-08-31.md
双均线再反转价格突破策略Dual-Moving-Average-Price-Reversal-Breakout-Strategy.md,variant_or_duplicate,moving_average_crossover,moving-average-crossover-2026-08-31.md
基于双均线和波动率的股票投资策略Stan-The-Man-An-Advanced-Stock-Trading-Strategy-Based-on-Dual-Moving-Average-and-Volatility.md,variant_or_duplicate,moving_average_crossover,moving-average-crossover-2026-08-31.md
跨越移动平均线的莱瑞威廉姆斯策略Larry-Williams-Moving-Average-Crossover-Strategy.md,variant_or_duplicate,moving_average_crossover,moving-average-crossover-2026-08-31.md
基于移动平均线交叉交易策略Moving-Average-Crossover-Trading-Strategy.md,variant_or_duplicate,moving_average_crossover,moving-average-crossover-2026-08-31.md
基于多重EMA交叉的自适应交易策略Adaptive-Trading-Strategy-Based-on-Multiple-EMA-Crossovers.md,variant_or_duplicate,moving_average_crossover,moving-average-crossover-2026-08-31.md
基于移动平均线和Outside-Bar模式的双重趋势确认交易策略-Dual-Trend-Confirmation-Trading-Strategy-Based-on-Moving-Averages-and-Outside-Bar-Pattern.md,variant_or_duplicate,moving_average_crossover,moving-average-crossover-2026-08-31.md
均线反弹吸筹策略Moving-Average-Rebound-Strategy.md,variant_or_duplicate,moving_average_crossover,moving-average-crossover-2026-08-31.md
基于双均线交叉的趋势跟踪自适应策略-Adaptive-Trend-Following-Strategy-Based-on-Dual-EMA-Crossover-System.md,variant_or_duplicate,moving_average_crossover,moving-average-crossover-2026-08-31.md
多均线交叉结合震荡指标与支撑阻力动态交易策略-Multi-EMA-Cross-with-Oscillator-and-Dynamic-Support-Resistance-Trading-Strategy.md,variant_or_duplicate,moving_average_crossover,moving-average-crossover-2026-08-31.md
动量随机平滑移动平均策略Stochastic-Moving-Average-Strategy.md,variant_or_duplicate,moving_average_crossover,moving-average-crossover-2026-08-31.md
双均线交叉动态止盈止损量化策略-Dual-Moving-Average-Crossover-with-Dynamic-Risk-Management-Strategy.md,variant_or_duplicate,moving_average_crossover,moving-average-crossover-2026-08-31.md
基于FRAMA指标的MA均线交叉策略FraMA-and-MA-Crossover-Trading-Strategy-Based-on-FRAMA-Indicator.md,variant_or_duplicate,moving_average_crossover,moving-average-crossover-2026-08-31.md
TrendSurfing-双均线交叉趋势策略TrendSurfing-Double-Moving-Average-Crossover-Trend-Strategy.md,variant_or_duplicate,moving_average_crossover,moving-average-crossover-2026-08-31.md
基于EMA平均线的趋势跟踪策略Trend-Following-Strategy-Based-on-EMA-Lines.md,variant_or_duplicate,moving_average_crossover,moving-average-crossover-2026-08-31.md
自适应移动平均线交叉策略-Adaptive-Moving-Average-Crossover-Strategy.md,variant_or_duplicate,moving_average_crossover,moving-average-crossover-2026-08-31.md
动态三均线趋势跟踪策略Triple-Dynamic-Moving-Average-Trend-Tracking-Strategy.md,variant_or_duplicate,moving_average_crossover,moving-average-crossover-2026-08-31.md
三重均线趋势追踪多指标组合量化交易策略-Triple-EMA-Trend-Following-Multi-Indicator-Quantitative-Trading-Strategy.md,variant_or_duplicate,moving_average_crossover,moving-average-crossover-2026-08-31.md
动量均线交叉交易策略Momentum-Moving-Average-Crossover-Trading-Strategy.md,variant_or_duplicate,moving_average_crossover,moving-average-crossover-2026-08-31.md
基于双EMA和AC指标的趋势跟踪策略Dual-EMA-and-AC-Indicator-Based-Trend-Following-Strategy.md,variant_or_duplicate,moving_average_crossover,moving-average-crossover-2026-08-31.md
均线黄金交叉1止盈策略1-Profit-Moving-Average-Cross-Strategy.md,variant_or_duplicate,moving_average_crossover,moving-average-crossover-2026-08-31.md
基于SMA和PSAR指标的多空策略SMA-and-PSAR-Strategy-for-Spot-Trading.md,variant_or_duplicate,moving_average_crossover,moving-average-crossover-2026-08-31.md
长期趋势与波动率识别相结合的指数移动均线超级趋势量化交易策略-Long-term-Trend-and-Volatility-Recognition-Combined-Exponential-Moving-Average-SuperTrend-Quantitative-Trading-Strategy.md,variant_or_duplicate,moving_average_crossover,moving-average-crossover-2026-08-31.md
多周期均线趋势跟踪与成交量加权定价交叉策略-Multi-Period-Moving-Average-Trend-Following-with-VWAP-Cross-Strategy.md,variant_or_duplicate,moving_average_crossover,moving-average-crossover-2026-08-31.md
基于双均线的震荡交易策略Scalping-Trading-Strategy-Based-on-Double-Moving-Average.md,variant_or_duplicate,moving_average_crossover,moving-average-crossover-2026-08-31.md
均线趋势跟踪交易策略Moving-Average-Trend-Following-Trading-Strategy.md,variant_or_duplicate,moving_average_crossover,moving-average-crossover-2026-08-31.md
基于双SMA系统的趋势跟踪策略Dual-SMA-Trend-Following-Strategy.md,variant_or_duplicate,moving_average_crossover,moving-average-crossover-2026-08-31.md
基于-Hull-均线和真实波幅的趋势跟踪策略Trend-Following-Strategy-Based-on-Hull-Moving-Average-and-True-Range.md,variant_or_duplicate,moving_average_crossover,moving-average-crossover-2026-08-31.md
多维度自适应移动平均矩阵与ATR动态精准交易策略-Multi-Dimensional-Adaptive-Moving-Average-Matrix-with-ATR-Powered-Precision-Trading-Strategy.md,variant_or_duplicate,moving_average_crossover,moving-average-crossover-2026-08-31.md
EMA均线动态突破与反转策略-Dynamic-EMA-Breakthrough-and-Reversal-Strategy.md,variant_or_duplicate,moving_average_crossover,moving-average-crossover-2026-08-31.md
均线突破固定利润目标自适应时间周期量化交易策略-Adaptive-Timeframe-SMA-Crossover-Strategy-with-Fixed-Profit-Targets.md,variant_or_duplicate,moving_average_crossover,moving-average-crossover-2026-08-31.md
多指数移动平均与方向性趋势过滤交易系统-Multi-Exponential-Moving-Average-with-Directional-Trend-Filter-Trading-System.md,variant_or_duplicate,moving_average_crossover,moving-average-crossover-2026-08-31.md
动态成交量均线趋势跟踪与HLCC4突破交易策略-Dynamic-Volume-Weighted-Moving-Average-Trend-Following-with-HLCC4-Breakout-Trading-Strategy.md,variant_or_duplicate,moving_average_crossover,moving-average-crossover-2026-08-31.md
动量指标交叉策略Momentum-Indicator-Crossover-Strategy.md,variant_or_duplicate,moving_average_crossover,moving-average-crossover-2026-08-31.md
趋势追踪型最大移动平均线交叉策略Trend-Following-Maximized-Moving-Average-Crossover-Strategy.md,variant_or_duplicate,moving_average_crossover,moving-average-crossover-2026-08-31.md
双均线突破策略Dual-Moving-Average-Breakthrough-Strategy.md,variant_or_duplicate,moving_average_crossover,moving-average-crossover-2026-08-31.md
EMA交叉追踪策略EMA-Crossover-tracking-Strategy.md,variant_or_duplicate,moving_average_crossover,moving-average-crossover-2026-08-31.md
双移动平均线突破策略Dual-Moving-Average-Crossover-Strategy.md,variant_or_duplicate,moving_average_crossover,moving-average-crossover-2026-08-31.md
三均线交叉动量策略Three-SMA-Crossover-Momentum-Strategy.md,variant_or_duplicate,moving_average_crossover,moving-average-crossover-2026-08-31.md
DEMA与EMA交叉结合ATR波动率的短期策略Momentum-Strategy-Based-on-DEMA-and-EMA-Crossover-with-ATR-Volatility-Filter.md,variant_or_duplicate,moving_average_crossover,moving-average-crossover-2026-08-31.md
动态趋势跟踪型双均线交叉交易策略-Dynamic-Trend-Following-Dual-Moving-Average-Crossover-Trading-Strategy.md,variant_or_duplicate,moving_average_crossover,moving-average-crossover-2026-08-31.md
基于SMA的多空策略SMA-Based-Dual-Thrust-Strategy.md,variant_or_duplicate,moving_average_crossover,moving-average-crossover-2026-08-31.md
金叉死叉均线交易策略Golden-Cross-Death-Cross-Moving-Average-Trading-Strategy.md,variant_or_duplicate,moving_average_crossover,moving-average-crossover-2026-08-31.md
T3均线通道突破策略T3-Moving-Average-Channel-Breakout-Strategy.md,variant_or_duplicate,moving_average_crossover,moving-average-crossover-2026-08-31.md
双均线交叉趋势跟踪量化交易策略-Dual-Moving-Average-Crossover-Trend-Following-Quantitative-Trading-Strategy.md,variant_or_duplicate,moving_average_crossover,moving-average-crossover-2026-08-31.md
MOST与双均线交叉策略-MOST-and-Dual-Moving-Average-Crossover-Strategy.md,variant_or_duplicate,moving_average_crossover,moving-average-crossover-2026-08-31.md
三重移动平均线顺势交易策略Improved-Moving-Average-Crossover-Strategy-with-Market-Trend-Guidance.md,variant_or_duplicate,moving_average_crossover,moving-average-crossover-2026-08-31.md
双指数移动平均交叉策略优化器-Dual-Exponential-Moving-Average-Crossover-Strategy-Optimizer.md,variant_or_duplicate,moving_average_crossover,moving-average-crossover-2026-08-31.md
多时间框架与200EMA过滤器的趋势跟踪策略-仅做多-Multi-Timeframe-Trend-Following-Strategy-with-200-EMA-Filter-Long-Only.md,variant_or_duplicate,moving_average_crossover,moving-average-crossover-2026-08-31.md
移动平均线与相对强弱指数策略-Moving-Average-and-Relative-Strength-Index-Strategy.md,variant_or_duplicate,moving_average_crossover,moving-average-crossover-2026-08-31.md
双重移动平均线反转交易策略Dual-Moving-Average-Reversal-Trading-Strategy.md,variant_or_duplicate,moving_average_crossover,moving-average-crossover-2026-08-31.md
指数移动平均线交叉杠杆策略-Exponential-Moving-Average-Crossover-Leverage-Strategy.md,variant_or_duplicate,moving_average_crossover,moving-average-crossover-2026-08-31.md
多重趋势动量交叉策略结合波动率优化系统-Multi-Trend-Momentum-Crossover-Strategy-with-Volatility-Optimization-System.md,variant_or_duplicate,moving_average_crossover,moving-average-crossover-2026-08-31.md
基于多周期SMA指标的趋势跟踪策略Trend-Following-Strategy-Based-on-Multi-Period-SMA.md,variant_or_duplicate,moving_average_crossover,moving-average-crossover-2026-08-31.md
融合移动平均线多重交叉交易策略Multiple-Moving-Averages-Crossover-Trading-Strategy.md,variant_or_duplicate,moving_average_crossover,moving-average-crossover-2026-08-31.md
基于价格波动率的双均线突破策略Price-Volatility-Breakout-Strategy-Based-on-Double-Moving-Averages.md,variant_or_duplicate,moving_average_crossover,moving-average-crossover-2026-08-31.md
移动均线多边形策略Polygon-Moving-Average-Strategy.md,variant_or_duplicate,moving_average_crossover,moving-average-crossover-2026-08-31.md
金叉死叉短线交易策略Swing-Trading-Strategy-with-20-50-EMA-Cross.md,variant_or_duplicate,moving_average_crossover,moving-average-crossover-2026-08-31.md
基于Uhl-MA的自适应均线交叉策略Adaptive-Moving-Average-Crossover-Strategy-Based-on-Uhl-MA.md,variant_or_duplicate,moving_average_crossover,moving-average-crossover-2026-08-31.md
指数均线交叉策略Exponential-Moving-Average-Crossover-Strategy.md,variant_or_duplicate,moving_average_crossover,moving-average-crossover-2026-08-31.md
Adaptive-Trend-Detection-Strategy-with-Dual-Envelope-EMA-System-基于双包络EMA系统的自适应趋势检测策略.md,variant_or_duplicate,moving_average_crossover,moving-average-crossover-2026-08-31.md
双EMA黄金交叉趋势追踪策略Dual-EMA-Golden-Cross-Trend-Tracking-Strategy.md,variant_or_duplicate,moving_average_crossover,moving-average-crossover-2026-08-31.md
移动平均回拉交易策略Moving-Average-Pullback-Trading-Strategy.md,variant_or_duplicate,moving_average_crossover,moving-average-crossover-2026-08-31.md
动态均线交叉趋势跟踪策略结合ATR风险管理系统-Dynamic-Moving-Average-Crossover-Trend-Following-Strategy-with-ATR-Risk-Management-System.md,variant_or_duplicate,moving_average_crossover,moving-average-crossover-2026-08-31.md
平滑移动平均线与均线交易策略EMA-and-Heikin-Ashi-Trading-Strategy.md,variant_or_duplicate,moving_average_crossover,moving-average-crossover-2026-08-31.md
速动平均线双指标交叉多空策略Dual-Moving-Average-Crossover-Trend-Strategy.md,variant_or_duplicate,moving_average_crossover,moving-average-crossover-2026-08-31.md
基于双EMA指标的趋势跟随策略Dual-EMA-Indicator-Based-Trend-Following-Strategy.md,variant_or_duplicate,moving_average_crossover,moving-average-crossover-2026-08-31.md
双均线随机指标趋势跟踪交易策略-Dual-EMA-Stochastic-Trend-Following-Trading-Strategy.md,variant_or_duplicate,moving_average_crossover,moving-average-crossover-2026-08-31.md
小时周期价格开口策略追踪开盘与收盘价差的智能对比量化交易系统-Hourly-Open-Close-Price-Differential-Smart-Comparison-Quantitative-Trading-System.md,variant_or_duplicate,moving_average_crossover,moving-average-crossover-2026-08-31.md
双均线交叉箭头策略Dual-Moving-Average-Crossover-Arrow-Strategy.md,variant_or_duplicate,moving_average_crossover,moving-average-crossover-2026-08-31.md
基于13和48周期EMA的趋势跟踪策略EMA-13-48-Trend-Following-Strategy.md,variant_or_duplicate,moving_average_crossover,moving-average-crossover-2026-08-31.md
移动平均聚合Williams商业区买卖压力指标策略Moving-Average-Aggregation-Williams-Commercial-Bid-Ask-Pressure-Indicator-Strategy.md,variant_or_duplicate,moving_average_crossover,moving-average-crossover-2026-08-31.md
九种移动平均线交叉策略Nine-Types-of-Moving-Average-Crossover-Strategy.md,variant_or_duplicate,moving_average_crossover,moving-average-crossover-2026-08-31.md
跨时间轴Hull移动平均线买卖策略Cross-Timeframe-Hull-Moving-Average-Buy-Sell-Strategy.md,variant_or_duplicate,moving_average_crossover,moving-average-crossover-2026-08-31.md
动量双均线交叉策略Momentum-Double-Moving-Average-Strategy.md,variant_or_duplicate,moving_average_crossover,moving-average-crossover-2026-08-31.md
黄金交叉均线交易策略Golden-Cross-Moving-Average-Trading-Strategy.md,variant_or_duplicate,moving_average_crossover,moving-average-crossover-2026-08-31.md
突破均线交易策略Momentum-Breakout-Moving-Average-Trading-Strategy.md,variant_or_duplicate,moving_average_crossover,moving-average-crossover-2026-08-31.md
基于Hull移动平均的趋势跟踪策略Hull-Moving-Average-Trend-Following-Strategy.md,variant_or_duplicate,moving_average_crossover,moving-average-crossover-2026-08-31.md
追踪移动均线交易策略Moving-Average-Tracking-Trading-Strategy.md,variant_or_duplicate,moving_average_crossover,moving-average-crossover-2026-08-31.md
动向指数平均线交叉ADX交易策略ADX-Crossover-Trend-Trading-Strategy.md,variant_or_duplicate,moving_average_crossover,moving-average-crossover-2026-08-31.md
均线通道突破交易策略Moving-Average-Channel-Breakout-Trading-Strategy.md,variant_or_duplicate,moving_average_crossover,moving-average-crossover-2026-08-31.md
金叉三EMA长线交易策略Long-Only-Triple-EMA-Golden-Cross-Trading-Strategy.md,variant_or_duplicate,moving_average_crossover,moving-average-crossover-2026-08-31.md
移动平均线交叉与平仓交易策略Exponential-Moving-Average-and-Moving-Average-Crossover-with-Close-Strategy.md,variant_or_duplicate,moving_average_crossover,moving-average-crossover-2026-08-31.md
移动平均线双轨道交易策略Dual-Moving-Average-Channel-Trading-Strategy.md,variant_or_duplicate,moving_average_crossover,moving-average-crossover-2026-08-31.md
三平滑移动平均线策略Triple-Moving-Average-Crossover-Strategy.md,variant_or_duplicate,moving_average_crossover,moving-average-crossover-2026-08-31.md
移动均线交叉趋势追踪策略Moving-Average-Crossover-Trend-Following-Strategy.md,variant_or_duplicate,moving_average_crossover,moving-average-crossover-2026-08-31.md
日线高低点结合多时框EMA趋势量化交易策略-Multi-Timeframe-EMA-Trend-Strategy-with-Daily-High-Low-Breakout-System.md,variant_or_duplicate,moving_average_crossover,moving-average-crossover-2026-08-31.md
顺势而为的移动平均线交叉策略Going-with-the-Trend-Moving-Average-Crossover-Strategy.md,variant_or_duplicate,moving_average_crossover,moving-average-crossover-2026-08-31.md
GM-8-ADX-双均线策略-GM-8-ADX-Dual-Moving-Average-Strategy.md,variant_or_duplicate,moving_average_crossover,moving-average-crossover-2026-08-31.md
多重均线与随机指标结合的趋势跟踪交易策略-Multi-SMA-and-Stochastic-Combined-Trend-Following-Trading-Strategy.md,variant_or_duplicate,moving_average_crossover,moving-average-crossover-2026-08-31.md
双均线动态区域趋势跟踪策略-Dual-EMA-Dynamic-Zone-Trend-Following-Strategy.md,variant_or_duplicate,moving_average_crossover,moving-average-crossover-2026-08-31.md
逐级铺垫的均线兼顾策略Level-by-Level-Build-Up-Moving-Average-Strategy.md,variant_or_duplicate,moving_average_crossover,moving-average-crossover-2026-08-31.md
跨均线反转策略Cross-Moving-Average-Reversal-Strategy.md,variant_or_duplicate,moving_average_crossover,moving-average-crossover-2026-08-31.md
多指标组合的高频交易策略指数均线与动量指标相结合的短线交易系统-Multi-Indicator-High-Frequency-Trading-Strategy-Short-Term-Trading-System-Combining-Exponential-Moving-Averages-and-Momentum-Indicators.md,variant_or_duplicate,moving_average_crossover,moving-average-crossover-2026-08-31.md
双均线震荡突破策略Dual-Moving-Average-Oscillation-Breakthrough-Strategy.md,variant_or_duplicate,moving_average_crossover,moving-average-crossover-2026-08-31.md
趋势追踪移动平均线与K线形态组合策略Trend-Following-Strategy-with-Moving-Average-and-Candlestick-Patterns.md,variant_or_duplicate,moving_average_crossover,moving-average-crossover-2026-08-31.md
20均线趋势突破量化交易策略-EMA-20-Breakout-Trend-Following-Quantitative-Trading-Strategy.md,variant_or_duplicate,moving_average_crossover,moving-average-crossover-2026-08-31.md
九日均线和二十日均线交叉策略Nine-and-Twenty-Moving-Average-Crossover-Strategy.md,variant_or_duplicate,moving_average_crossover,moving-average-crossover-2026-08-31.md
双均线反转突破策略Dual-Moving-Average-Reversal-Breakout-Strategy.md,variant_or_duplicate,moving_average_crossover,moving-average-crossover-2026-08-31.md
多时间框动态ATR交叉策略利用灵活参数优化趋势跟踪与风险管理-Dynamic-Multi-Timeframe-ATR-Crossover-Strategy-Optimizing-Trend-Following-and-Risk-Management-with-Flexible-Parameters.md,variant_or_duplicate,moving_average_crossover,moving-average-crossover-2026-08-31.md
TEMA双均线交叉策略-TEMA-Dual-Moving-Average-Crossover-Strategy.md,variant_or_duplicate,moving_average_crossover,moving-average-crossover-2026-08-31.md
动量均线交叉-Sakkoulas-交易策略Enhanced-Moving-Average-Crossover-Sakkoulas-Trading-Strategy.md,variant_or_duplicate,moving_average_crossover,moving-average-crossover-2026-08-31.md
基于均线和周期判断的动量突破策略Momentum-Breakout-Strategy-Based-on-Cycle-Judgment-with-Moving-Averages.md,variant_or_duplicate,moving_average_crossover,moving-average-crossover-2026-08-31.md
双均线趋势交叉量化交易策略研究与优化-Dual-Moving-Average-Trend-Crossover-Quantitative-Trading-Strategy-Analysis-and-Optimization.md,variant_or_duplicate,moving_average_crossover,moving-average-crossover-2026-08-31.md
基于均线和移动平均的穿楼锯式止盈止损策略Floor-Crossing-Sawtooth-Profit-Stop-Strategy-Based-on-Moving-Average.md,variant_or_duplicate,moving_average_crossover,moving-average-crossover-2026-08-31.md
快慢EMA交叉intraday交易策略Fast-and-Slow-EMA-Cross-Intraday-Trading-Strategy.md,variant_or_duplicate,moving_average_crossover,moving-average-crossover-2026-08-31.md
趋势跟踪均线交叉策略Trend-Following-Moving-Average-Crossover-Strategy.md,variant_or_duplicate,moving_average_crossover,moving-average-crossover-2026-08-31.md
多重均线趋势跟踪与动态波动率过滤策略-Multi-EMA-Trend-Following-Strategy-with-Dynamic-Volatility-Filter.md,variant_or_duplicate,moving_average_crossover,moving-average-crossover-2026-08-31.md
多重均线交易系统结合动量与成交量确认的量化趋势策略-Multi-Moving-Average-Trading-System-with-Momentum-and-Volume-Confirmation-Quantitative-Trend-Strategy.md,variant_or_duplicate,moving_average_crossover,moving-average-crossover-2026-08-31.md
多时间框架智能资金概念支撑压力动态交易策略-Multi-Timeframe-Smart-Money-Concept-Support-and-Resistance-Dynamic-Trading-Strategy.md,variant_or_duplicate,moving_average_crossover,moving-average-crossover-2026-08-31.md
基于交易量平均价和Stairstep-EMA-的策略Volume-Price-Trend-Reversal-Forex-Trading-Strategy-Based-on-Stairstep-EMA.md,variant_or_duplicate,moving_average_crossover,moving-average-crossover-2026-08-31.md
双移动平均线稳健交易策略Robust-Dual-Moving-Average-Trading-Strategy.md,variant_or_duplicate,moving_average_crossover,moving-average-crossover-2026-08-31.md
基于动量突破EMA交叉策略Momentum-Breakout-EMA-Crossover-Strategy.md,variant_or_duplicate,moving_average_crossover,moving-average-crossover-2026-08-31.md
平滑型Heikin-Ashi结合SMA交叉趋势跟踪策略-Smoothed-Heikin-Ashi-with-SMA-Crossover-Trend-Following-Strategy.md,variant_or_duplicate,moving_average_crossover,moving-average-crossover-2026-08-31.md
双移动平均线交叉策略-Dual-Moving-Average-Crossover-Strategy.md,variant_or_duplicate,moving_average_crossover,moving-average-crossover-2026-08-31.md
Ichimoku均线交叉策略Ichimoku-Moving-Average-Crossover-Strategy.md,variant_or_duplicate,moving_average_crossover,moving-average-crossover-2026-08-31.md
基于双均线反转交易策略Dual-Moving-Average-Reversal-Trading-Strategy.md,variant_or_duplicate,moving_average_crossover,moving-average-crossover-2026-08-31.md
EMA-SAR-中长期趋势跟踪策略-EMA-SAR-Medium-to-Long-Term-Trend-Following-Strategy.md,variant_or_duplicate,moving_average_crossover,moving-average-crossover-2026-08-31.md
基于不同周期移动平均线交叉策略Moving-Average-Crossover-Strategy.md,variant_or_duplicate,moving_average_crossover,moving-average-crossover-2026-08-31.md
Arnaud-Legoux-Moving-Average-Cross-ALMA.md,variant_or_duplicate,moving_average_crossover,moving-average-crossover-2026-08-31.md
DEMA波动率指标策略DEMA-Volatility-Index-Strategy.md,variant_or_duplicate,moving_average_crossover,moving-average-crossover-2026-08-31.md
Supertrend和EMA交叉量化交易策略Supertrend-and-EMA-Crossover-Quantitative-Trading-Strategy.md,variant_or_duplicate,moving_average_crossover,moving-average-crossover-2026-08-31.md
多重均线交叉动量风险比优化策略-Multi-EMA-Crossover-Momentum-Strategy-with-Risk-Reward-Optimization.md,variant_or_duplicate,moving_average_crossover,moving-average-crossover-2026-08-31.md
动态筛选均线交叉策略的每日趋势判断分析-Dynamic-Filtering-EMA-Cross-Strategy-for-Daily-Trend-Analysis.md,variant_or_duplicate,moving_average_crossover,moving-average-crossover-2026-08-31.md
动态加权移动平均线多空策略Dynamic-Weighted-Moving-Average-Trading-Strategy.md,variant_or_duplicate,moving_average_crossover,moving-average-crossover-2026-08-31.md
动态均线回撤马丁策略Dynamic-Moving-Average-Retracement-Martin-Strategy.md,variant_or_duplicate,moving_average_crossover,moving-average-crossover-2026-08-31.md
乘法移动平均线双向交易策略Multiplicative-Moving-Average-Dual-direction-Trading-Strategy.md,variant_or_duplicate,moving_average_crossover,moving-average-crossover-2026-08-31.md
彩虹移动平均线交易策略Rainbow-Moving-Average-Trading-Strategy.md,variant_or_duplicate,moving_average_crossover,moving-average-crossover-2026-08-31.md
金叉动量捕捉策略多重时间框架指数移动平均线交叉系统-Golden-Momentum-Capture-Strategy-Multi-Timeframe-Exponential-Moving-Average-Crossover-System.md,variant_or_duplicate,moving_average_crossover,moving-average-crossover-2026-08-31.md
高低指标与均线配合指标策略Aligned-Moving-Average-and-Cumulative-High-Low-Index-Combination-Strategy.md,variant_or_duplicate,moving_average_crossover,moving-average-crossover-2026-08-31.md
双指数移动平均线策略Developing-a-2-20-Exponential-Moving-Average-Strategy.md,variant_or_duplicate,moving_average_crossover,moving-average-crossover-2026-08-31.md
基于EMA和Supertrend结合的多时间框架趋势跟踪策略-Multi-timeframe-Trend-Following-Strategy-Based-on-EMA-and-Supertrend-Combination.md,variant_or_duplicate,moving_average_crossover,moving-average-crossover-2026-08-31.md
双移动平均线趋势跟踪策略Dual-Moving-Average-Trend-Tracking-Strategy.md,variant_or_duplicate,moving_average_crossover,moving-average-crossover-2026-08-31.md
基于移动平均线的趋势跟踪策略Trend-Tracking-Strategy-Based-on-Moving-Average.md,variant_or_duplicate,moving_average_crossover,moving-average-crossover-2026-08-31.md
基于EMA交叉的趋势转向交易策略Trend-Reversal-Trading-Strategy-Based-on-EMA-Crossover.md,variant_or_duplicate,moving_average_crossover,moving-average-crossover-2026-08-31.md
移动平均envelop通道趋势跟踪策略Moving-Average-Envelop-Channel-Trend-Following-Strategy.md,variant_or_duplicate,moving_average_crossover,moving-average-crossover-2026-08-31.md
木星与土星动能MA交叉过滤策略Jupiter-and-Saturn-Momentum-MA-Crossover-Filtered-Strategy.md,variant_or_duplicate,moving_average_crossover,moving-average-crossover-2026-08-31.md
多时间轴均线系统交易策略Multi-Timeframe-Moving-Average-System-Trading-Strategy.md,variant_or_duplicate,moving_average_crossover,moving-average-crossover-2026-08-31.md
多空均衡移动平均趋势跟随策略Multi-factor-Moving-Average-Trend-Following-Strategy.md,variant_or_duplicate,moving_average_crossover,moving-average-crossover-2026-08-31.md
短期均线上穿中长期均线的突破交易策略Short-Term-Medium-Term-and-Long-Term-EMA-Crossover-Trading-Strategy.md,variant_or_duplicate,moving_average_crossover,moving-average-crossover-2026-08-31.md
Keltner-Channels-EMA-ATR-Strategy-Keltner通道EMA-ATR策略.md,variant_or_duplicate,moving_average_crossover,moving-average-crossover-2026-08-31.md
基于加权移动平均线交叉的量化交易策略Weighted-Quantitative-Moving-Average-Crossover-Trading-Strategy.md,variant_or_duplicate,moving_average_crossover,moving-average-crossover-2026-08-31.md
基于EMA指标的双线交叉趋势交易策略Dual-EMA-Cross-Trend-Trading-Strategy.md,variant_or_duplicate,moving_average_crossover,moving-average-crossover-2026-08-31.md
二项式移动平均趋势策略Binomial-Moving-Average-Trend-Strategy.md,variant_or_duplicate,moving_average_crossover,moving-average-crossover-2026-08-31.md
坚实稳健的移动平均系统策略Solid-Moving-Average-System-Strategy.md,variant_or_duplicate,moving_average_crossover,moving-average-crossover-2026-08-31.md
双移动均线反转交易策略Dual-Moving-Average-Reversal-Trading-Strategy.md,variant_or_duplicate,moving_average_crossover,moving-average-crossover-2026-08-31.md
自适应移动均线交易策略Adaptive-Moving-Average-Trading-Strategy.md,variant_or_duplicate,moving_average_crossover,moving-average-crossover-2026-08-31.md
基于移动平均线交叉的趋势跟踪策略Moving-Average-Crossover-Trend-Following-Strategy.md,variant_or_duplicate,moving_average_crossover,moving-average-crossover-2026-08-31.md
基于趋势过滤的快速QQE交叉策略Fast-QQE-Crossover-Trading-Strategy-Based-on-Trend-Filter.md,variant_or_duplicate,moving_average_crossover,moving-average-crossover-2026-08-31.md
移动平均交叉多空策略Moving-Average-Crossover-Strategy.md,variant_or_duplicate,moving_average_crossover,moving-average-crossover-2026-08-31.md
云霓双重均线突破策略Cloud-Nebula-Dual-Moving-Average-Breakthrough-Strategy.md,variant_or_duplicate,moving_average_crossover,moving-average-crossover-2026-08-31.md
基于EMA黄金交叉交易策略EMA-Crossover-Trading-Strategy.md,variant_or_duplicate,moving_average_crossover,moving-average-crossover-2026-08-31.md
TrendScalp-FractalBox-3EMA.md,variant_or_duplicate,moving_average_crossover,moving-average-crossover-2026-08-31.md
动态马克平均线趋势策略Dynamic-Moving-Average-Trend-Trading-Strategy.md,variant_or_duplicate,moving_average_crossover,moving-average-crossover-2026-08-31.md
双EMA黄金交叉策略Dual-EMA-Crossover-Strategy.md,variant_or_duplicate,moving_average_crossover,moving-average-crossover-2026-08-31.md
基于移动平均线和平均真实波动率的趋势追踪策略Trend-Tracking-Strategy-Based-on-Moving-Average-and-Average-True-Range.md,variant_or_duplicate,moving_average_crossover,moving-average-crossover-2026-08-31.md
多周期EMA交叉量化交易策略Multi-Period-EMA-Crossover-Quantitative-Trading-Strategy.md,variant_or_duplicate,moving_average_crossover,moving-average-crossover-2026-08-31.md
一云多均线交易策略-Ichimoku-Cloud-and-Moving-Average-Strategy.md,variant_or_duplicate,moving_average_crossover,moving-average-crossover-2026-08-31.md
基于移动平均线的单边开仓策略Single-Side-Entry-Strategy-Based-on-Moving-Average.md,variant_or_duplicate,moving_average_crossover,moving-average-crossover-2026-08-31.md
均线黄金交叉短线策略Crossover-EMA-Short-term-Trading-Strategy.md,variant_or_duplicate,moving_average_crossover,moving-average-crossover-2026-08-31.md
趋势追踪自动调整移动均线策略Trend-Following-Adaptive-Moving-Average-Strategy.md,variant_or_duplicate,moving_average_crossover,moving-average-crossover-2026-08-31.md
高级指数移动平均动量趋势交易策略-Advanced-EMA-Momentum-Trend-Trading-Strategy.md,variant_or_duplicate,moving_average_crossover,moving-average-crossover-2026-08-31.md
多重趋势交叉策略Multi-Trend-Crossover-Strategy.md,variant_or_duplicate,moving_average_crossover,moving-average-crossover-2026-08-31.md
指数移动平均线穿越及上轨突破瞬时意图策略Moving-Average-Crossover-and-Upper-Rail-Breakthrough-Impulse-Strategy.md,variant_or_duplicate,moving_average_crossover,moving-average-crossover-2026-08-31.md
突破均线的趋势追踪策略Breakthrough-Moving-Average-Trend-Tracking-Strategy.md,variant_or_duplicate,moving_average_crossover,moving-average-crossover-2026-08-31.md
双重反转动点指数均线策略Reversal-Dynamic-Pivot-Points-Exponential-Moving-Average-Strategy.md,variant_or_duplicate,moving_average_crossover,moving-average-crossover-2026-08-31.md
基于趋势和均线交叉的多功能量化交易策略Trend-and-Moving-Average-Crossover-Based-Multi-Functional-Algorithmic-Trading-Strategy.md,variant_or_duplicate,moving_average_crossover,moving-average-crossover-2026-08-31.md
确认型均线交叉动量策略-Confirmed-SMA-Crossover-Momentum-Strategy.md,variant_or_duplicate,moving_average_crossover,moving-average-crossover-2026-08-31.md
双均线波动率自适应交易策略与多级利润优化系统-Dual-EMA-Volatility-Adaptive-Trading-Strategy-with-Multi-Tiered-Profit-Optimization-System.md,variant_or_duplicate,moving_average_crossover,moving-average-crossover-2026-08-31.md
基于双均线区间突破策略Dual-Moving-Average-Range-Breakout-Strategy.md,variant_or_duplicate,moving_average_crossover,moving-average-crossover-2026-08-31.md
双均线成交量趋势确认量化交易策略-Dual-EMA-Volume-Trend-Confirmation-Strategy-for-Quantitative-Trading.md,variant_or_duplicate,moving_average_crossover,moving-average-crossover-2026-08-31.md
多周期EMA顺势突破交易策略Multiple-Timeframe-EMA-Trend-Following-Trading-Strategy.md,variant_or_duplicate,moving_average_crossover,moving-average-crossover-2026-08-31.md
EMA双均线交叉趋势追踪策略EMA-Dual-Moving-Average-Crossover-Trend-Following-Strategy.md,variant_or_duplicate,moving_average_crossover,moving-average-crossover-2026-08-31.md
双均线交叉确认策略与量价结合优化模型-Dual-Moving-Average-Crossover-Confirmation-Strategy-with-Volume-Price-Integration-Optimization-Model.md,variant_or_duplicate,moving_average_crossover,moving-average-crossover-2026-08-31.md
坎夫曼自适应移动平均趋势跟踪策略Kaufmans-Adaptive-Moving-Average-Trend-Tracking-Strategy.md,variant_or_duplicate,moving_average_crossover,moving-average-crossover-2026-08-31.md
基于多时间框架TEMA指标交叉的趋势跟踪策略Trend-Following-Strategy-Based-on-Multi-Timeframe-TEMA-Crossover.md,variant_or_duplicate,moving_average_crossover,moving-average-crossover-2026-08-31.md
双重趋势反转移动平均线组合策略Combo-Trend-Reversal-Moving-Average-Crossover-Strategy.md,variant_or_duplicate,moving_average_crossover,moving-average-crossover-2026-08-31.md
动态趋势识别策略与指数移动平均线和自适应波动阈值-Dynamic-Trend-Identification-Strategy-with-Exponential-Moving-Average-and-Adaptive-Volatility-Threshold.md,variant_or_duplicate,moving_average_crossover,moving-average-crossover-2026-08-31.md
移动平均交叉优化策略Optimized-Moving-Average-Crossover-Strategy.md,variant_or_duplicate,moving_average_crossover,moving-average-crossover-2026-08-31.md
平滑海金交叉策略Heiken-Ashi-Crossover-Strategy.md,variant_or_duplicate,moving_average_crossover,moving-average-crossover-2026-08-31.md
双EMA黄金交叉止盈策略Dual-EMA-Golden-Cross-Profit-Taking-Strategy.md,variant_or_duplicate,moving_average_crossover,moving-average-crossover-2026-08-31.md
基于均线的原始趋势跟踪策略ORIGINAL-PRIMITIVE-TREND-TRACKING-STRATEGY-BASED-ON-MOVING-AVERAGE.md,variant_or_duplicate,moving_average_crossover,moving-average-crossover-2026-08-31.md
SMA-ATR动态风险回报比趋势跟踪策略-SMA-ATR-Dynamic-Risk-Reward-Trend-Following-Strategy.md,variant_or_duplicate,moving_average_crossover,moving-average-crossover-2026-08-31.md
动态均线趋势跟踪与波动率自适应纳斯达克期货交易策略-Dynamic-EMA-Trend-Following-with-Volatility-Adaptive-Nasdaq-Futures-Trading-Strategy.md,variant_or_duplicate,moving_average_crossover,moving-average-crossover-2026-08-31.md
双均线金叉死叉趋势追踪策略Dual-Moving-Average-Crossover-Strategy.md,variant_or_duplicate,moving_average_crossover,moving-average-crossover-2026-08-31.md
动态自适应Kaufman移动平均趋势跟踪策略Dynamic-Self-Adaptive-Kaufman-Moving-Average-Trend-Tracking-Strategy.md,variant_or_duplicate,moving_average_crossover,moving-average-crossover-2026-08-31.md
量化策略之MA强弱趋势追踪Quantitative-Strategy-of-MA-Strength-Trend-Tracking.md,variant_or_duplicate,moving_average_crossover,moving-average-crossover-2026-08-31.md
基于趋势平均线的多重反转策略Trend-Reversal-Strategy-Based-on-Multiple-Moving-Averages.md,variant_or_duplicate,moving_average_crossover,moving-average-crossover-2026-08-31.md
动态均线趋势交叉策略Dynamic-Moving-Average-Trend-Crossover-Strategy.md,variant_or_duplicate,moving_average_crossover,moving-average-crossover-2026-08-31.md
动量平滑移动平均线与移动平均线交叉策略Momentum-Smooth-Moving-Average-Line-and-Moving-Average-Line-Crossover-Strategy.md,variant_or_duplicate,moving_average_crossover,moving-average-crossover-2026-08-31.md
EMA100与NUPL相对未实现利润量化交易策略-EMA100-and-NUPL-Relative-Unrealized-Profit-Quantitative-Trading-Strategy.md,variant_or_duplicate,moving_average_crossover,moving-average-crossover-2026-08-31.md
双移动均线趋势跟踪策略Dual-Moving-Average-Trend-Following-Strategy.md,variant_or_duplicate,moving_average_crossover,moving-average-crossover-2026-08-31.md
基于均线的追踪策略Dual-Moving-Average-Chasing-Strategy.md,variant_or_duplicate,moving_average_crossover,moving-average-crossover-2026-08-31.md
多周期移动平均线通道趋势跟踪策略Multi-Period-Moving-Average-Channel-Trend-Following-Strategy.md,variant_or_duplicate,moving_average_crossover,moving-average-crossover-2026-08-31.md
波动率价格通道均线交易策略Volatility-Price-Channel-Moving-Average-Trading-Strategy.md,variant_or_duplicate,moving_average_crossover,moving-average-crossover-2026-08-31.md
基于EMA交叉的风险管理型多头策略-Long-Entry-on-EMA-Cross-with-Risk-Management-Strategy.md,variant_or_duplicate,moving_average_crossover,moving-average-crossover-2026-08-31.md
均线交叉牛市支撑带策略-EMA-SMA-Crossover-Bull-Market-Support-Band-Strategy.md,variant_or_duplicate,moving_average_crossover,moving-average-crossover-2026-08-31.md
动态达瓦斯箱体突破与均线趋势确认交易系统-Dynamic-Darvas-Box-Breakout-with-Moving-Average-Trend-Confirmation-Trading-System.md,variant_or_duplicate,moving_average_crossover,moving-average-crossover-2026-08-31.md
EMA交叉与蜡烛体穿透结合动态买入策略-Dynamic-Buy-Entry-Strategy-Combining-EMA-Crossing-and-Candle-Body-Penetration.md,variant_or_duplicate,moving_average_crossover,moving-average-crossover-2026-08-31.md
Dual-SMA-Momentum-Strategy双SMA动量策略.md,variant_or_duplicate,moving_average_crossover,moving-average-crossover-2026-08-31.md
Triple-Supertrend-with-EMA-and-ADX.md,variant_or_duplicate,moving_average_crossover,moving-average-crossover-2026-08-31.md
Logarithmic-Weighted-Moving-Average-Trading-Strategy-Based-on-Cross-Signal-Analysis-基于对数加权移动平均交叉信号的量化交易策略.md,variant_or_duplicate,moving_average_crossover,moving-average-crossover-2026-08-31.md
双重珊瑚趋势交叉策略-Dual-Coral-Trend-Crossover-Strategy.md,variant_or_duplicate,moving_average_crossover,moving-average-crossover-2026-08-31.md
均线带趋势策略Moving-Average-Ribbon-Trend-Strategy.md,variant_or_duplicate,moving_average_crossover,moving-average-crossover-2026-08-31.md
动能加权移动平均线双均线交叉策略Dynamic-Momentum-Weighted-Moving-Average-Crossover-Strategy.md,variant_or_duplicate,moving_average_crossover,moving-average-crossover-2026-08-31.md
SuperTrended-Moving-Averages.md,variant_or_duplicate,moving_average_crossover,moving-average-crossover-2026-08-31.md
短期长期EMA决策合并策略Merged-Short-Term-and-Long-Term-EMA-Decision-Strategy.md,variant_or_duplicate,moving_average_crossover,moving-average-crossover-2026-08-31.md
动量双均线交易策略Momentum-Dual-Moving-Average-Trading-Strategy.md,variant_or_duplicate,moving_average_crossover,moving-average-crossover-2026-08-31.md
双移动均线金叉死叉反转策略Dual-Moving-Average-Crossover-Reversal-Strategy.md,variant_or_duplicate,moving_average_crossover,moving-average-crossover-2026-08-31.md
双线追踪反转均线系统Dual-Moving-Average-Reversal-Tracking-System.md,variant_or_duplicate,moving_average_crossover,moving-average-crossover-2026-08-31.md
DEMA交叉趋势追踪策略DEMA-Crossover-Trend-Following-Strategy.md,variant_or_duplicate,moving_average_crossover,moving-average-crossover-2026-08-31.md
移动均线进场优化策略Moving-Average-Entry-Optimization-Strategy.md,variant_or_duplicate,moving_average_crossover,moving-average-crossover-2026-08-31.md
超级趋势指标DEMA双重趋势追踪策略Dual-Trend-Tracking-Strategy.md,variant_or_duplicate,moving_average_crossover,moving-average-crossover-2026-08-31.md
均线方向调整趋势策略Moving-Average-Directionality-Trend-Strategy.md,variant_or_duplicate,moving_average_crossover,moving-average-crossover-2026-08-31.md
Trade02-阿隆指标MA策略.md,variant_or_duplicate,moving_average_crossover,moving-average-crossover-2026-08-31.md
基于EMA回调的Pullback空头策略Emma-Pullback-Short-Strategy.md,variant_or_duplicate,moving_average_crossover,moving-average-crossover-2026-08-31.md
EMAC指数移动平均线交叉优化策略EMAC-Exponential-Moving-Average-Cross-Optimized-Strategy.md,variant_or_duplicate,moving_average_crossover,moving-average-crossover-2026-08-31.md
EMA-2155200.md,variant_or_duplicate,moving_average_crossover,moving-average-crossover-2026-08-31.md
对数移动平均聚合散策略Logarithmic-Moving-Average-Convergence-Divergence-Strategy.md,variant_or_duplicate,moving_average_crossover,moving-average-crossover-2026-08-31.md
多重均线追踪策略与动态仓位管理系统-Multi-EMA-Trend-Following-Strategy-with-Dynamic-Position-Management-System.md,variant_or_duplicate,moving_average_crossover,moving-average-crossover-2026-08-31.md
赫斯特未来分界线策略-Hurst-Future-Lines-of-Demarcation-Strategy.md,variant_or_duplicate,moving_average_crossover,moving-average-crossover-2026-08-31.md
多重均线趋势跟踪交易策略-Multi-EMA-Trend-Following-Trading-Strategy.md,variant_or_duplicate,moving_average_crossover,moving-average-crossover-2026-08-31.md
多指标趋势跟踪期权交易EMA交叉策略-Multi-Indicator-Trend-Following-Options-Trading-EMA-Cross-Strategy.md,variant_or_duplicate,moving_average_crossover,moving-average-crossover-2026-08-31.md
DEMA快速双指数移动平均策略DEMA-Double-Exponential-Moving-Average-Strategy.md,variant_or_duplicate,moving_average_crossover,moving-average-crossover-2026-08-31.md
基于多重均线交易策略Multiple-Moving-Average-Trading-Strategy.md,variant_or_duplicate,moving_average_crossover,moving-average-crossover-2026-08-31.md
动态通道均线趋势跟踪策略Dynamic-Channel-Moving-Average-Trend-Tracking-Strategy.md,variant_or_duplicate,moving_average_crossover,moving-average-crossover-2026-08-31.md
快慢EMA交叉追踪策略Fast-and-Slow-EMA-Crossover-Trend-Trading-Strategy.md,variant_or_duplicate,moving_average_crossover,moving-average-crossover-2026-08-31.md
双EMA黄金交叉算法策略Dual-EMA-Golden-Cross-Strategy.md,variant_or_duplicate,moving_average_crossover,moving-average-crossover-2026-08-31.md
尺度移动均线与双布林线动量混合交易系统-Hybrid-Keltner-Channel-EMA-Based-Trading-System-with-ATR-Risk-Management.md,variant_or_duplicate,moving_average_crossover,moving-average-crossover-2026-08-31.md
多重移动平均线交叉趋势捕捉策略-Multiple-Moving-Average-Crossover-Trend-Capture-Strategy.md,variant_or_duplicate,moving_average_crossover,moving-average-crossover-2026-08-31.md
双EMA黄金交叉交易策略Dual-EMA-Golden-Cross-Trading-Strategy.md,variant_or_duplicate,moving_average_crossover,moving-average-crossover-2026-08-31.md
双重指数移动平均云交叉自动交易策略Dual-Exponential-Moving-Average-Cloud-Crossover-Automated-Trading-Strategy.md,variant_or_duplicate,moving_average_crossover,moving-average-crossover-2026-08-31.md
快速EMA和慢速EMA动量突破策略fast-EMA-and-slow-EMA-Momentum-Breakthrough-Strategy.md,variant_or_duplicate,moving_average_crossover,moving-average-crossover-2026-08-31.md
双重均线交叉移动平均策略Dual-Moving-Average-Crossover-Strategy.md,variant_or_duplicate,moving_average_crossover,moving-average-crossover-2026-08-31.md
基于高低点均线的量化交易策略Quantitative-Trading-Strategy-Based-on-High-Low-Point-Moving-Averages.md,variant_or_duplicate,moving_average_crossover,moving-average-crossover-2026-08-31.md
买卖力量弹性移动平均线交易策略Bull-and-Bear-Power-Moving-Average-Trading-Strategy.md,variant_or_duplicate,moving_average_crossover,moving-average-crossover-2026-08-31.md
震荡突破均线追踪策略MA-Trendline-Breakthrough-Strategy.md,variant_or_duplicate,moving_average_crossover,moving-average-crossover-2026-08-31.md
基于移动平均线交叉的趋势追踪策略Trend-Following-Strategy-Based-on-Moving-Average-Crossover.md,variant_or_duplicate,moving_average_crossover,moving-average-crossover-2026-08-31.md
基于双均线波动率跟踪策略Dual-Moving-Average-Volatility-Tracking-Strategy.md,variant_or_duplicate,moving_average_crossover,moving-average-crossover-2026-08-31.md
基于趋势预测双均线策略Trend-Prediction-Dual-Moving-Average-Strategy.md,variant_or_duplicate,moving_average_crossover,moving-average-crossover-2026-08-31.md
自适应ATR均线交易策略Adaptive-ATR-Moving-Average-Trading-Strategy.md,variant_or_duplicate,moving_average_crossover,moving-average-crossover-2026-08-31.md
三重EMA顺势策略Triple-EMA-Momentum-Strategy.md,variant_or_duplicate,moving_average_crossover,moving-average-crossover-2026-08-31.md
跨时间帧移动平均线交易策Multi-Timeframe-Moving-Average-Trend-Trading-Strategy.md,variant_or_duplicate,moving_average_crossover,moving-average-crossover-2026-08-31.md
基于均线交叉的长线追涨策略SMA-Crossover-Bullish-Trend-Following-Strategy.md,variant_or_duplicate,moving_average_crossover,moving-average-crossover-2026-08-31.md
基于双移动平均线突破策略Dual-Moving-Average-Crossover-Strategy.md,variant_or_duplicate,moving_average_crossover,moving-average-crossover-2026-08-31.md
基于Stochastic指标的长短交叉策略Stochastic-Crossover-Long-and-Short-Strategy.md,variant_or_duplicate,moving_average_crossover,moving-average-crossover-2026-08-31.md
双重均线偏差配合ATR指标的趋势跟随策略Dual-Moving-Average-Deviation-Combined-with-ATR-Indicator-Trend-Following-Strategy.md,variant_or_duplicate,moving_average_crossover,moving-average-crossover-2026-08-31.md
基于均线和支撑阻力的日本蜡烛快速跳空策略Kana-Candle-Breakout-Strategy-Based-on-Moving-Average-and-Support-Resistance.md,variant_or_duplicate,moving_average_crossover,moving-average-crossover-2026-08-31.md
平滑移动平均带策略The-Smooth-Moving-Average-Ribbon-Strategy.md,variant_or_duplicate,moving_average_crossover,moving-average-crossover-2026-08-31.md
双均线黄金交叉算法Dual-Moving-Average-Golden-Cross-Algorithm.md,variant_or_duplicate,moving_average_crossover,moving-average-crossover-2026-08-31.md
双均线通道突破SMA策略Channel-Breakout-SMA-Strategy.md,variant_or_duplicate,moving_average_crossover,moving-average-crossover-2026-08-31.md
200均线VWAPMFI趋势跟踪策略-200-EMA-VWAP-MFI-Trend-Following-Strategy.md,variant_or_duplicate,moving_average_crossover,moving-average-crossover-2026-08-31.md
均线三剑客量化交易策略Triple-Moving-Average-Quantitative-Trading-Strategy.md,variant_or_duplicate,moving_average_crossover,moving-average-crossover-2026-08-31.md
跨界短线突破反转5EMA策略Cross-Border-Short-Term-Breakthrough-Reversal-5EMA-Strategy.md,variant_or_duplicate,moving_average_crossover,moving-average-crossover-2026-08-31.md
基于快慢均线交叉策略Fast-and-Slow-Moving-Averages-Crossover-Strategy.md,variant_or_duplicate,moving_average_crossover,moving-average-crossover-2026-08-31.md
多重均线交叉配合动量指标交易策略-Multi-EMA-Crossover-with-Momentum-Indicators-Trading-Strategy.md,variant_or_duplicate,moving_average_crossover,moving-average-crossover-2026-08-31.md
基于云层突破的双均线动量策略-Cloud-Based-Dual-Moving-Average-Momentum-Strategy.md,variant_or_duplicate,moving_average_crossover,moving-average-crossover-2026-08-31.md
双移动均线与超级趋势策略Dual-Moving-Average-and-Supertrend-Strategy.md,variant_or_duplicate,moving_average_crossover,moving-average-crossover-2026-08-31.md
基于EMA的日内-skillet-商交策略EMA-Intraday-Scalping-Strategy.md,variant_or_duplicate,moving_average_crossover,moving-average-crossover-2026-08-31.md
基于移动平均线交叉和K线形态的比特币scalping策略Bitcoin-Scalping-Strategy-Based-on-Moving-Average-Crossover-and-Candlestick-Patterns.md,variant_or_duplicate,moving_average_crossover,moving-average-crossover-2026-08-31.md
移动均线交叉交易策略EMA-Crossover-Trading-Strategy.md,variant_or_duplicate,moving_average_crossover,moving-average-crossover-2026-08-31.md
Dual-Moving-Average-Crossover-Tracking-Strategy.md,variant_or_duplicate,moving_average_crossover,moving-average-crossover-2026-08-31.md
双均线智能追踪策略Dual-Moving-Average-Intelligent-Tracking-Strategy.md,variant_or_duplicate,moving_average_crossover,moving-average-crossover-2026-08-31.md
动态突破均线交易策略Dynamic-Moving-Average-Crossover-Trading-Strategy.md,variant_or_duplicate,moving_average_crossover,moving-average-crossover-2026-08-31.md
配置化多均线投票交易策略Configurable-Multi-MA-Crossover-Voting-System.md,variant_or_duplicate,moving_average_crossover,moving-average-crossover-2026-08-31.md
高级多重趋势确认的EMA供需区域动态套利策略-Advanced-Multi-Trend-Confirmation-EMA-Supply-Demand-Zone-Dynamic-Scalping-Strategy.md,variant_or_duplicate,moving_average_crossover,moving-average-crossover-2026-08-31.md
动态多周期趋势预测结合移动均线过滤策略-Dynamic-Multi-Period-Trend-Prediction-with-Moving-Average-Filter-Strategy.md,variant_or_duplicate,moving_average_crossover,moving-average-crossover-2026-08-31.md
动态均线回拉交易策略Pullback-Trading-Strategy-Based-on-Dynamic-Moving-Average.md,variant_or_duplicate,moving_average_crossover,moving-average-crossover-2026-08-31.md
SMART专业量化交易策略SMART-Professional-Quantitative-Trading-Strategy.md,variant_or_duplicate,moving_average_crossover,moving-average-crossover-2026-08-31.md
云层动量交叉策略结合均线与成交量确认-Cloud-Momentum-Crossover-Strategy-with-Moving-Averages-and-Volume-Confirmation.md,variant_or_duplicate,moving_average_crossover,moving-average-crossover-2026-08-31.md
快慢EMA黄金交叉突破策略Fast-and-Slow-EMA-Golden-Cross-Breakthrough-Strategy.md,variant_or_duplicate,moving_average_crossover,moving-average-crossover-2026-08-31.md
双指数移动平均线和阿尔玛策略Double-Exponential-Moving-Average-and-ALMA-Strategy.md,variant_or_duplicate,moving_average_crossover,moving-average-crossover-2026-08-31.md
Demark-Setup-Indicator.md,variant_or_duplicate,moving_average_crossover,moving-average-crossover-2026-08-31.md
基于EMA平均线交叉的趋势追踪策略Trend-Following-Strategy-Based-on-EMA-Crossover.md,variant_or_duplicate,moving_average_crossover,moving-average-crossover-2026-08-31.md
基于双EMA交叉的量化交易策略Quantitative-Trading-Strategy-Based-on-Double-EMA-Crossover.md,variant_or_duplicate,moving_average_crossover,moving-average-crossover-2026-08-31.md
移动平均交叉双向交易策略Moving-Average-Crossover-Strategy-for-Two-way-Trading.md,variant_or_duplicate,moving_average_crossover,moving-average-crossover-2026-08-31.md
自适应双向EMA趋势交易系统与反向交易优化策略-Adaptive-Dual-Direction-EMA-Trend-Trading-System-with-Reverse-Trade-Optimization-Strategy.md,variant_or_duplicate,moving_average_crossover,moving-average-crossover-2026-08-31.md
趋势追踪移动平均策略Swing-Trend-Moving-Average-Strategy.md,variant_or_duplicate,moving_average_crossover,moving-average-crossover-2026-08-31.md
移动平均线金叉死叉策略Simple-Moving-Average-Crossover-Strategy.md,variant_or_duplicate,moving_average_crossover,moving-average-crossover-2026-08-31.md
经典移动平均线交叉策略Moving-Average-Crossover-Strategy.md,variant_or_duplicate,moving_average_crossover,moving-average-crossover-2026-08-31.md
基于均线交叉的趋势追踪策略Trend-Following-Strategy-Based-on-Moving-Average-Crossover.md,variant_or_duplicate,moving_average_crossover,moving-average-crossover-2026-08-31.md
多重动量线性回归交叉策略-Multi-Momentum-Linear-Regression-Crossover-Strategy.md,variant_or_duplicate,moving_average_crossover,moving-average-crossover-2026-08-31.md
Smaller-Fractals-Transparency.md,variant_or_duplicate,moving_average_crossover,moving-average-crossover-2026-08-31.md
MilleMachine.md,variant_or_duplicate,moving_average_crossover,moving-average-crossover-2026-08-31.md
月末动量突破200日均线策略End-of-Month-Breakout-on-200-Day-Moving-Average-Strategy.md,variant_or_duplicate,moving_average_crossover,moving-average-crossover-2026-08-31.md
动态-EMA-交叉摆动高低点自适应策略-Dynamic-EMA-Crossover-with-Adaptive-Swing-High-Low-Strategy.md,variant_or_duplicate,moving_average_crossover,moving-average-crossover-2026-08-31.md
三重EMA移动平均突破策略Triple-EMA-Breakout-Strategy.md,variant_or_duplicate,moving_average_crossover,moving-average-crossover-2026-08-31.md
基于连续三根阴线和双均线的交易策略Trading-Strategy-Based-on-Three-Consecutive-Bearish-Candles-and-Dual-Moving-Averages.md,variant_or_duplicate,moving_average_crossover,moving-average-crossover-2026-08-31.md
双均线跟踪趋势策略Dual-Moving-Average-Trend-Tracking-Strategy.md,variant_or_duplicate,moving_average_crossover,moving-average-crossover-2026-08-31.md
轨迹追踪指数移动均线策略Trend-Following-Exponential-Moving-Average-Strategy.md,variant_or_duplicate,moving_average_crossover,moving-average-crossover-2026-08-31.md
双均线回归交易策略-Dual-Moving-Average-Regression-Trading-Strategy.md,variant_or_duplicate,moving_average_crossover,moving-average-crossover-2026-08-31.md
移动平均线交叉EMA-SMA策略Moving-Average-Cross-EMA-SMA-Strategy.md,variant_or_duplicate,moving_average_crossover,moving-average-crossover-2026-08-31.md
动态移动EMAS组合量化策略Dynamic-Moving-EMAs-Combination-Quant-Strategy.md,variant_or_duplicate,moving_average_crossover,moving-average-crossover-2026-08-31.md
三均线低时延滞快速交易策略Low-Lag-Triple-Moving-Average-Fast-Trading-Strategy.md,variant_or_duplicate,moving_average_crossover,moving-average-crossover-2026-08-31.md
双均线交叉动态趋势追踪量化交易策略-Dual-EMA-Crossover-Dynamic-Trend-Following-Quantitative-Trading-Strategy.md,variant_or_duplicate,moving_average_crossover,moving-average-crossover-2026-08-31.md
耐心剖析K线蕴含宝贵信息的三重均线波段策略The-Triple-Moving-Average-Channel-Strategy-for-Patiently-Mining-Valuable-Information-from-Candlestick-Lines.md,variant_or_duplicate,moving_average_crossover,moving-average-crossover-2026-08-31.md
基于CCI和EMA的短线震荡策略CCI-and-EMA-Based-Scalping-Strategy.md,variant_or_duplicate,moving_average_crossover,moving-average-crossover-2026-08-31.md
TEMADEMAHMA组合趋势跟随策略TEMA-DEMA-HMA-Trend-Following-Strategy.md,variant_or_duplicate,moving_average_crossover,moving-average-crossover-2026-08-31.md
拉里威廉姆斯三周期动态均线交易策略-Larry-Williams-Three-Period-Dynamic-Moving-Average-Trading-Strategy.md,variant_or_duplicate,moving_average_crossover,moving-average-crossover-2026-08-31.md
月线收盘价与移动均线交叉策略Monthly-Close-Price-and-Moving-Average-Crossover-Strategy.md,variant_or_duplicate,moving_average_crossover,moving-average-crossover-2026-08-31.md
移动平均线交叉金叉优化交易策略Golden-Cross-Optimized-Moving-Average-Crossover-Trading-Strategy.md,variant_or_duplicate,moving_average_crossover,moving-average-crossover-2026-08-31.md
基于双EMA的趋势追踪策略Trend-Following-Strategy-Based-on-Dual-EMA.md,variant_or_duplicate,moving_average_crossover,moving-average-crossover-2026-08-31.md
多周期相位交叉与指数移动平均趋势跟踪策略-Multi-Period-Phase-Crossover-with-EMA-Trend-Following-Strategy.md,variant_or_duplicate,moving_average_crossover,moving-average-crossover-2026-08-31.md
基于内部柱线和移动平均线的自动量化交易策略Automated-Quantitative-Trading-Strategy-Based-on-Inside-Bar-and-Moving-Average.md,variant_or_duplicate,moving_average_crossover,moving-average-crossover-2026-08-31.md
三重均线动量趋势交易策略-Triple-Moving-Average-Momentum-Trend-Trading-Strategy.md,variant_or_duplicate,moving_average_crossover,moving-average-crossover-2026-08-31.md
SMC-EMA-Strategy-with-PL-Projections-SMC与EMA策略以及PL预测.md,variant_or_duplicate,moving_average_crossover,moving-average-crossover-2026-08-31.md
SMA-Crossover-Trading-Strategy.md,variant_or_duplicate,moving_average_crossover,moving-average-crossover-2026-08-31.md
金叉死叉双MA策略Double-Moving-Average-Crossover-Strategy.md,variant_or_duplicate,moving_average_crossover,moving-average-crossover-2026-08-31.md
基于适应性正则化移动平均线的跨市场套利策略Adaptive-Regularized-Moving-Average-Cross-Market-Arbitrage-Strategy.md,variant_or_duplicate,moving_average_crossover,moving-average-crossover-2026-08-31.md
基于SMA均线交叉配合市场深度指标一抛一的量化交易策略SMA-Crossover-Ichimoku-Market-Depth-Volume-Based-Quantitative-Trading-Strategy.md,variant_or_duplicate,moving_average_crossover,moving-average-crossover-2026-08-31.md
TSI交叉策略-TSI-Crossover-Strategy.md,variant_or_duplicate,moving_average_crossover,moving-average-crossover-2026-08-31.md
基于三重指数移动平均线交叉的交易策略TEMA-Crossover-Trading-Strategy.md,variant_or_duplicate,moving_average_crossover,moving-average-crossover-2026-08-31.md
趋势跟踪移动平均指标策略Moving-Average-Trend-Tracking-Strategy.md,variant_or_duplicate,moving_average_crossover,moving-average-crossover-2026-08-31.md
双重平滑移动平均线交易策略Dual-Smooth-Moving-Average-Trading-Strategy.md,variant_or_duplicate,moving_average_crossover,moving-average-crossover-2026-08-31.md
多周期均线交叉趋势跟踪策略-Multi-Period-Moving-Average-Crossover-Trend-Following-Strategy.md,variant_or_duplicate,moving_average_crossover,moving-average-crossover-2026-08-31.md
动态风险管理的指数均线交叉策略-Dynamic-Risk-Managed-Exponential-Moving-Average-Crossover-Strategy.md,variant_or_duplicate,moving_average_crossover,moving-average-crossover-2026-08-31.md
基于双均线和动态订单块检测的智能资金流量化交易策略-Quantitative-Smart-Money-Flow-Trading-Strategy-with-Dual-EMA-and-Dynamic-Order-Block-Detection.md,variant_or_duplicate,moving_average_crossover,moving-average-crossover-2026-08-31.md
双均线交叉风险收益智能调控策略-Dual-EMA-Crossover-Strategy-with-Smart-Risk-Reward-Control.md,variant_or_duplicate,moving_average_crossover,moving-average-crossover-2026-08-31.md
双重均线反转策略Dual-Moving-Average-Reversal-Strategy.md,variant_or_duplicate,moving_average_crossover,moving-average-crossover-2026-08-31.md
多重均线成交量净值震荡趋势转换交易策略-Multi-Moving-Average-Net-Volume-Oscillator-Trend-Reversal-Trading-Strategy.md,variant_or_duplicate,moving_average_crossover,moving-average-crossover-2026-08-31.md
双Stochastics与成交量加权移动平均线组合指标Dual-Stochastics-and-Volume-Weighted-Moving-Average-Combination-Indicator-Strategy.md,variant_or_duplicate,moving_average_crossover,moving-average-crossover-2026-08-31.md
自适应指数均线动态调仓突破交易策略-Adaptive-EMA-Dynamic-Position-Break-out-Trading-Strategy.md,variant_or_duplicate,moving_average_crossover,moving-average-crossover-2026-08-31.md
随机震荡指标与移动平均线策略-Stochastic-Oscillator-and-Moving-Average-Strategy.md,variant_or_duplicate,moving_average_crossover,moving-average-crossover-2026-08-31.md
基于动量突破EMA策略Momentum-Breakthrough-EMA-Strategy.md,variant_or_duplicate,moving_average_crossover,moving-average-crossover-2026-08-31.md
移动均线趋势跟踪优化策略Quant-Lights-Moving-Average-Trend-Tracking-Optimization-Strategy.md,variant_or_duplicate,moving_average_crossover,moving-average-crossover-2026-08-31.md
EMA指标的趋势跟踪策略EMA-Crossover-Trend-Following-Strategy.md,variant_or_duplicate,moving_average_crossover,moving-average-crossover-2026-08-31.md
双均线交叉动态仓位优化策略之指数移动平均线交叉信号系统-Dual-Moving-Average-Crossover-Dynamic-Position-Optimization-Strategy-with-EMA-Cross-Signal-System.md,variant_or_duplicate,moving_average_crossover,moving-average-crossover-2026-08-31.md
双移动均线突破策略Dual-Moving-Average-Crossover-Strategy.md,variant_or_duplicate,moving_average_crossover,moving-average-crossover-2026-08-31.md
趋势跟踪型双均线交叉策略结合SMA趋势过滤系统-Trend-Following-Dual-EMA-Crossover-Strategy-with-SMA-Trend-Filtering-System.md,variant_or_duplicate,moving_average_crossover,moving-average-crossover-2026-08-31.md
高级趋势捕捉型均线交叉多指标确认交易策略-Advanced-Trend-Capturing-EMA-Crossover-Multi-Indicator-Confirmation-Trading-Strategy.md,variant_or_duplicate,moving_average_crossover,moving-average-crossover-2026-08-31.md
Moving-Average-Colored-EMA-SMA.md,variant_or_duplicate,moving_average_crossover,moving-average-crossover-2026-08-31.md
双均线交叉多空策略Dual-Moving-Average-Crossover-Trend-Trading-Strategy.md,variant_or_duplicate,moving_average_crossover,moving-average-crossover-2026-08-31.md
基于T3移动平均线和ATR的交易策略Volatility-Adjusted-Moving-Average-Trading-Strategy.md,variant_or_duplicate,moving_average_crossover,moving-average-crossover-2026-08-31.md
基于趋势追踪均线战略Trend-Following-Moving-Average-Strategy.md,variant_or_duplicate,moving_average_crossover,moving-average-crossover-2026-08-31.md
基于核平滑多重均线的自适应趋势追踪系统-Adaptive-Trend-Following-System-with-Kernel-Smoothed-Multiple-Moving-Averages.md,variant_or_duplicate,moving_average_crossover,moving-average-crossover-2026-08-31.md
三均线交叉策略Triple-Moving-Average-Crossover-Strategy.md,variant_or_duplicate,moving_average_crossover,moving-average-crossover-2026-08-31.md
金叉死叉交易策略Trend-Trading-Strategy-Based-on-EMA-Crossover.md,variant_or_duplicate,moving_average_crossover,moving-average-crossover-2026-08-31.md
双重确认的优势均线策略A-Dual-Moving-Average-Confirmation-Advantage-Line-Strategy.md,variant_or_duplicate,moving_average_crossover,moving-average-crossover-2026-08-31.md
基于SMA和EMA指标的短线交易策略Short-term-Trading-Strategy-Based-on-SMA-and-EMA.md,variant_or_duplicate,moving_average_crossover,moving-average-crossover-2026-08-31.md
快慢均线金叉死叉策略Fast-and-Slow-Moving-Average-Crossover-Strategy.md,variant_or_duplicate,moving_average_crossover,moving-average-crossover-2026-08-31.md
双均线趋势回调自适应ATR止盈止损量化交易策略-Dual-MA-Trend-Pullback-Trading-Strategy-with-Adaptive-ATR-Based-Risk-Management.md,variant_or_duplicate,moving_average_crossover,moving-average-crossover-2026-08-31.md
基于量化均线的趋势跟踪策略Quantitative-Moving-Average-Trend-Following-Strategy.md,variant_or_duplicate,moving_average_crossover,moving-average-crossover-2026-08-31.md
基于霍尔移动平均线与K线的交易策略Trading-Strategy-Based-on-Hull-Moving-Average-and-Candlestick.md,variant_or_duplicate,moving_average_crossover,moving-average-crossover-2026-08-31.md
基于5日移动平均线带和GBS买卖点的量化交易策略Quantitative-Trading-Strategy-Based-on-5-day-Moving-Average-Band-and-GBS-Buy-Sell-Signals.md,variant_or_duplicate,moving_average_crossover,moving-average-crossover-2026-08-31.md
双均线交叉动态持仓策略-Dynamic-Position-Dual-Moving-Average-Crossover-Strategy.md,variant_or_duplicate,moving_average_crossover,moving-average-crossover-2026-08-31.md
双均线金叉死叉策略Dual-Moving-Average-Crossover-Strategy.md,variant_or_duplicate,moving_average_crossover,moving-average-crossover-2026-08-31.md
移动平均线交叉指标与反转指标组合策略Moving-Average-Crossover-and-Reversal-Indicator-Combination-Strategy.md,variant_or_duplicate,moving_average_crossover,moving-average-crossover-2026-08-31.md
顺势均线K线计数策略Moving-Average-Candle-Count-Trend-Following-Strategy.md,variant_or_duplicate,moving_average_crossover,moving-average-crossover-2026-08-31.md
Hull-移动平均趋势跟踪策略Hull-Moving-Average-Trend-Following-Strategy.md,variant_or_duplicate,moving_average_crossover,moving-average-crossover-2026-08-31.md
SMI与枢轴点结合的动量交叉策略-SMI-and-Pivot-Point-Momentum-Crossover-Strategy.md,variant_or_duplicate,moving_average_crossover,moving-average-crossover-2026-08-31.md
均线交叉长短线交易策略Moving-Average-Crossover-Long-Short-Trading-Strategy.md,variant_or_duplicate,moving_average_crossover,moving-average-crossover-2026-08-31.md
动量交易之双均线交叉策略-Momentum-Trading-with-Dual-Moving-Average-Crossover-Strategy.md,variant_or_duplicate,moving_average_crossover,moving-average-crossover-2026-08-31.md
双指数均线动量交叉量化交易策略-Dual-Exponential-Moving-Average-Momentum-Crossover-Trading-Strategy.md,variant_or_duplicate,moving_average_crossover,moving-average-crossover-2026-08-31.md
多周期EMA交叉高胜率趋势跟踪策略进阶版-Multi-Timeframe-EMA-Cross-High-Win-Rate-Trend-Following-Strategy-Advanced.md,variant_or_duplicate,moving_average_crossover,moving-average-crossover-2026-08-31.md
动态双均线趋势跟踪策略-Dynamic-Dual-EMA-Trend-Following-Strategy.md,variant_or_duplicate,moving_average_crossover,moving-average-crossover-2026-08-31.md
多时间框架移动平均线结合交易时间的量化交易策略Multi-Timeframe-Moving-Average-Combined-with-Trading-Hours-Quantitative-Trading-Strategy.md,variant_or_duplicate,moving_average_crossover,moving-average-crossover-2026-08-31.md
基于信噪比和均线的量化交易策略Signal-to-Noise-Moving-Average-Trading-Strategy-Based-on-Quantitative-Trading.md,variant_or_duplicate,moving_average_crossover,moving-average-crossover-2026-08-31.md
基于双EMA策略分析The-Double-EMA-Strategy-Analysis.md,variant_or_duplicate,moving_average_crossover,moving-average-crossover-2026-08-31.md
基于EMA和MAMA指标的交易策略EMA-and-MAMA-Indicators-Based-Trading-Strategy.md,variant_or_duplicate,moving_average_crossover,moving-average-crossover-2026-08-31.md
多均线配对交易策略Multi-MA-Pair-Trading-Strategy.md,variant_or_duplicate,moving_average_crossover,moving-average-crossover-2026-08-31.md
移动平均线多空策略Moving-Average-Trend-Trading-Strategy.md,variant_or_duplicate,moving_average_crossover,moving-average-crossover-2026-08-31.md
双EMA金叉死叉跟踪策略Dual-EMA-Crossover-Strategy.md,variant_or_duplicate,moving_average_crossover,moving-average-crossover-2026-08-31.md
基于KST指标和EMA指标的交易策略KST-EMA-Momentum-Trend-Following-Strategy.md,variant_or_duplicate,moving_average_crossover,moving-average-crossover-2026-08-31.md
Supertrend与EMA结合的动态趋势跟踪策略-Dynamic-Trend-Following-Strategy-Combining-Supertrend-and-EMA.md,variant_or_duplicate,moving_average_crossover,moving-average-crossover-2026-08-31.md
双均线策略360Dual-Moving-Average-Strategy-360.md,variant_or_duplicate,moving_average_crossover,moving-average-crossover-2026-08-31.md
双均线趋势追踪量化策略-Dual-EMA-Trend-Following-Quantitative-Strategy.md,variant_or_duplicate,moving_average_crossover,moving-average-crossover-2026-08-31.md
动态支撑阻力突破均线交叉策略-Dynamic-Support-Resistance-Breakout-Moving-Average-Crossover-Strategy.md,variant_or_duplicate,moving_average_crossover,moving-average-crossover-2026-08-31.md
基于EMA均线交叉的趋势策略Trend-Following-Strategy-Based-on-EMA-Crossover.md,variant_or_duplicate,moving_average_crossover,moving-average-crossover-2026-08-31.md
增强型EMA-WMA交叉策略与综合退出条件Enhanced-EMA-WMA-Crossover-Strategy-with-Comprehensive-Exit-Conditions.md,variant_or_duplicate,moving_average_crossover,moving-average-crossover-2026-08-31.md
ZLSMA-增强型吊灯出场策略与成交量脉冲检测ZLSMA-Enhanced-Chandelier-Exit-Strategy-with-Volume-Spike-Detection.md,variant_or_duplicate,moving_average_crossover,moving-average-crossover-2026-08-31.md
一个利用双移动平均线交易策略Dual-Moving-Average-Trading-Strategy.md,variant_or_duplicate,moving_average_crossover,moving-average-crossover-2026-08-31.md
基于双均线跟随策略Dual-Moving-Average-Following-Strategy.md,variant_or_duplicate,moving_average_crossover,moving-average-crossover-2026-08-31.md
动态多周期指数移动平均交叉策略与回撤优化系统-Dynamic-Multi-Period-Exponential-Moving-Average-Cross-Strategy-with-Pullback-Optimization-System.md,variant_or_duplicate,moving_average_crossover,moving-average-crossover-2026-08-31.md
移动平均百分比波段策略Percentage-Band-Moving-Average-Strategy.md,variant_or_duplicate,moving_average_crossover,moving-average-crossover-2026-08-31.md
均线黄金交叉策略EMA-Golden-Cross-Strategy.md,variant_or_duplicate,moving_average_crossover,moving-average-crossover-2026-08-31.md
KP移动平均趋势策略Heyping-Moving-Average-Trend-Strategy.md,variant_or_duplicate,moving_average_crossover,moving-average-crossover-2026-08-31.md
双指数移动平均线交叉的量化策略Quantitative-Strategy-Based-on-Dual-Exponential-Moving-Average-Crossover.md,variant_or_duplicate,moving_average_crossover,moving-average-crossover-2026-08-31.md
双时间框架EMA趋势识别与交易触发量化策略-Dual-Timeframe-EMA-Trend-Recognition-and-Trading-Trigger-Quantitative-Strategy.md,variant_or_duplicate,moving_average_crossover,moving-average-crossover-2026-08-31.md
双重均线震荡突破策略Dual-Moving-Average-Oscillation-Breakout-Strategy.md,variant_or_duplicate,moving_average_crossover,moving-average-crossover-2026-08-31.md
混合均线突破Turtle交易策略Hybrid-Moving-Average-Breakout-Turtle-Trading-Strategy.md,variant_or_duplicate,moving_average_crossover,moving-average-crossover-2026-08-31.md
动态移平均交叉组合策略Dynamic-Moving-Average-Crossover-Combo-Strategy.md,variant_or_duplicate,moving_average_crossover,moving-average-crossover-2026-08-31.md
高斯分布移动平均线交易策略The-Gaussian-Moving-Average-Trading-Strategy.md,variant_or_duplicate,moving_average_crossover,moving-average-crossover-2026-08-31.md
基于频道和线性回归的Hull-MA摆荡策略Hull-MA-Channel-and-Linear-Regression-Swing-Trading-Strategy.md,variant_or_duplicate,moving_average_crossover,moving-average-crossover-2026-08-31.md
双均线Stoch指标二元期权交易策略Dual-Moving-Average-Stochastic-Indicator-Binary-Options-Trading-Strategy.md,variant_or_duplicate,moving_average_crossover,moving-average-crossover-2026-08-31.md
基于双均线的黄金交叉自适应风险管理策略-Adaptive-Risk-Management-Strategy-Based-on-Dual-Moving-Average-Golden-Cross.md,variant_or_duplicate,moving_average_crossover,moving-average-crossover-2026-08-31.md
移动平均线指标交易策略Multi-Moving-Average-Crossover-Trading-Strategy.md,variant_or_duplicate,moving_average_crossover,moving-average-crossover-2026-08-31.md
双重均线震荡交易策略Double-Moving-Average-Oscillation-Trading-Strategy.md,variant_or_duplicate,moving_average_crossover,moving-average-crossover-2026-08-31.md
移动平均交叉策略-Moving-Average-Crossover-Strategy.md,variant_or_duplicate,moving_average_crossover,moving-average-crossover-2026-08-31.md
双均线交叉动态止盈止损量化策略-Dynamic-Dual-EMA-Crossover-Strategy-with-Adaptive-Profit-Loss-Control.md,variant_or_duplicate,moving_average_crossover,moving-average-crossover-2026-08-31.md
双均线突破量化交易策略Dual-Moving-Average-Breakout-Strategy.md,variant_or_duplicate,moving_average_crossover,moving-average-crossover-2026-08-31.md
移动平均线转折点交叉交易策略Moving-Average-Turning-Point-Crossover-Trading-Strategy.md,variant_or_duplicate,moving_average_crossover,moving-average-crossover-2026-08-31.md
Hull-4ema.md,variant_or_duplicate,moving_average_crossover,moving-average-crossover-2026-08-31.md
SMA-FVG-SMA交叉策略与公平价值缺口回调结合的综合交易系统Comprehensive-Trading-System-Combining-SMA-Crossover-Strategy-with-Fair-Value-Gap-Pullback.md,variant_or_duplicate,moving_average_crossover,moving-average-crossover-2026-08-31.md
双模式自适应趋势交易策略EMA交叉结合ATR波动率风险管理系统-Dual-Mode-Adaptive-Trend-Trading-Strategy-EMA-Crossover-with-ATR-Volatility-Based-Risk-Management-System.md,variant_or_duplicate,moving_average_crossover,moving-average-crossover-2026-08-31.md
双EMA黄金交叉突破策略Dual-EMA-Golden-Cross-Breakthrough-Strategy.md,variant_or_duplicate,moving_average_crossover,moving-average-crossover-2026-08-31.md
Hull-Moving-Average-Swing-Trader.md,variant_or_duplicate,moving_average_crossover,moving-average-crossover-2026-08-31.md
动量平均向导指数移动平均交叉策略Momentum-Average-Directional-Movement-Index-Moving-Average-Crossover-Strategy.md,variant_or_duplicate,moving_average_crossover,moving-average-crossover-2026-08-31.md
移动平均趋势跟踪策略Moving-Average-Trend-Tracking-Strategy.md,variant_or_duplicate,moving_average_crossover,moving-average-crossover-2026-08-31.md
移动平均均线交易策略Moving-Average-Trading-Strategy.md,variant_or_duplicate,moving_average_crossover,moving-average-crossover-2026-08-31.md
TEMA均线交叉交易策略TEMA-Crossover-Trading-Strategy.md,variant_or_duplicate,moving_average_crossover,moving-average-crossover-2026-08-31.md
移动平均线穿越策略Crossing-Moving-Average-Strategy.md,variant_or_duplicate,moving_average_crossover,moving-average-crossover-2026-08-31.md
双均线交叉策略-Dual-Moving-Average-Crossover-Strategy.md,variant_or_duplicate,moving_average_crossover,moving-average-crossover-2026-08-31.md
多重均线过滤趋势交叉量化交易策略-Multi-Moving-Average-Trend-Filter-Crossover-Quantitative-Trading-Strategy.md,variant_or_duplicate,moving_average_crossover,moving-average-crossover-2026-08-31.md
双均线交叉交易策略Dual-Moving-Average-Crossover-Trading-Strategy.md,variant_or_duplicate,moving_average_crossover,moving-average-crossover-2026-08-31.md
坚实踏实的SMA均线持仓策略Solid-and-Steady-SMA-Position-Holding-Strategy.md,variant_or_duplicate,moving_average_crossover,moving-average-crossover-2026-08-31.md
双均线移动平均差值交易策略Dual-Moving-Average-Crossover-Strategy.md,variant_or_duplicate,moving_average_crossover,moving-average-crossover-2026-08-31.md
双移动均线交叉策略Dual-Moving-Average-Crossover-Strategy.md,variant_or_duplicate,moving_average_crossover,moving-average-crossover-2026-08-31.md
动量突破EMA-34交叉策略Momentum-Breakthrough-EMA-34-Crossover-Strategy.md,variant_or_duplicate,moving_average_crossover,moving-average-crossover-2026-08-31.md
双指数平均线交叉量化交易策略Dual-Exponential-Moving-Average-Crossover-Algorithmic-Trading-Strategy.md,variant_or_duplicate,moving_average_crossover,moving-average-crossover-2026-08-31.md
双均线交叉动态优化量化交易策略-Dynamic-Dual-Moving-Average-Crossover-Quantitative-Trading-Strategy.md,variant_or_duplicate,moving_average_crossover,moving-average-crossover-2026-08-31.md
Tom-DeMark-Sequential-Heat-Map.md,variant_or_duplicate,moving_average_crossover,moving-average-crossover-2026-08-31.md
均线金叉死叉策略-Moving-Average-Crossover-Strategy.md,variant_or_duplicate,moving_average_crossover,moving-average-crossover-2026-08-31.md
多周期均线趋势动量跟踪交易策略-Multi-Timeframe-EMA-Trend-Momentum-Trading-Strategy.md,variant_or_duplicate,moving_average_crossover,moving-average-crossover-2026-08-31.md
基于9EMA动态仓位的5分钟双收盘价强势突破策略9EMA-Dynamic-Position-Sizing-Strategy-with-Two-5-Minute-Close-Breakouts.md,variant_or_duplicate,moving_average_crossover,moving-average-crossover-2026-08-31.md
双重均线汇聚指标交叉策略-Dual-BBI-Bulls-and-Bears-Index-Crossover-Strategy.md,variant_or_duplicate,moving_average_crossover,moving-average-crossover-2026-08-31.md
利用双均线反转策略Dual-Moving-Average-Reversal-Strategy.md,variant_or_duplicate,moving_average_crossover,moving-average-crossover-2026-08-31.md
追踪移动平均跳空策略Gap-Trading-Moving-Average-Strategy.md,variant_or_duplicate,moving_average_crossover,moving-average-crossover-2026-08-31.md
多重指数移动平均线趋势反转交易策略-Multi-EMA-Trend-Reversal-Trading-Strategy.md,variant_or_duplicate,moving_average_crossover,moving-average-crossover-2026-08-31.md
来自油管大神的双EMA均线策略.md,variant_or_duplicate,moving_average_crossover,moving-average-crossover-2026-08-31.md
威廉鳄鱼均线趋势捕捉策略-William-Alligator-Moving-Average-Trend-Catcher-Strategy.md,variant_or_duplicate,moving_average_crossover,moving-average-crossover-2026-08-31.md
双均线趋势跟踪与风险控制策略-Dual-Moving-Average-Trend-Following-Strategy-with-Risk-Management.md,variant_or_duplicate,moving_average_crossover,moving-average-crossover-2026-08-31.md
高级别均线突破策略Trend-Following-Strategy-Based-on-Moving-Average-Breakout.md,variant_or_duplicate,moving_average_crossover,moving-average-crossover-2026-08-31.md
双指数移动平均线与相对强弱指数交叉策略-Dual-Exponential-Moving-Average-and-Relative-Strength-Index-Crossover-Strategy.md,variant_or_duplicate,moving_average_crossover,moving-average-crossover-2026-08-31.md
多时间框架移动平均交易策略Multi-Timeframe-Moving-Average-Trading-Strategy.md,variant_or_duplicate,moving_average_crossover,moving-average-crossover-2026-08-31.md
基于ADX-EFI指标的趋势回调策略ADX-EFI-50-Moving-Average-Channel-Pullback-Strategy.md,variant_or_duplicate,moving_average_crossover,moving-average-crossover-2026-08-31.md
双均线交叉日间交易期货策略Dual-Moving-Average-Crossover-Intraday-Futures-Trading-Strategy.md,variant_or_duplicate,moving_average_crossover,moving-average-crossover-2026-08-31.md
双移动均线价格突破策略Dual-Moving-Average-Price-Breakthrough-Strategy.md,variant_or_duplicate,moving_average_crossover,moving-average-crossover-2026-08-31.md
双指数移动平均趋势震荡器策略基于标准差动态调整的量化交易模型-Dual-Exponential-Moving-Average-Trend-Oscillator-Strategy-A-Standard-Deviation-Based-Dynamic-Quantitative-Trading-Model.md,variant_or_duplicate,moving_average_crossover,moving-average-crossover-2026-08-31.md
双均线通道趋势跟踪策略-Dual-Moving-Average-Channel-Trend-Following-Strategy.md,variant_or_duplicate,moving_average_crossover,moving-average-crossover-2026-08-31.md
基于ADXMA和EMA的只做多趋势跟踪策略ADX-MA-and-EMA-Long-Only-Trend-Tracking-Strategy.md,variant_or_duplicate,moving_average_crossover,moving-average-crossover-2026-08-31.md
EMA双均线交叉策略-EMA-Double-Moving-Average-Crossover-Strategy.md,variant_or_duplicate,moving_average_crossover,moving-average-crossover-2026-08-31.md
趋势追随型MA均线交叉交易策略Trend-Following-Moving-Average-Crossover-Trading-Strategy.md,variant_or_duplicate,moving_average_crossover,moving-average-crossover-2026-08-31.md
基于Price-Channel和均线的趋势跟踪策略Price-Channel-and-Moving-Average-Based-Trend-Following-Strategy.md,variant_or_duplicate,moving_average_crossover,moving-average-crossover-2026-08-31.md
双EMA快慢线交叉策略Dual-EMA-Crossover-Strategy.md,variant_or_duplicate,moving_average_crossover,moving-average-crossover-2026-08-31.md
ESSMA.md,variant_or_duplicate,moving_average_crossover,moving-average-crossover-2026-08-31.md
EMA与超级趋势相结合的量化交易策略-EMA-and-Supertrend-Combination-Quantitative-Trading-Strategy.md,variant_or_duplicate,moving_average_crossover,moving-average-crossover-2026-08-31.md
趋势跟踪型三重指数移动平均线量化交易策略-Triple-EMA-Trend-Following-Quantitative-Trading-Strategy.md,variant_or_duplicate,moving_average_crossover,moving-average-crossover-2026-08-31.md
HMA日线交叉交易策略HMA-Daily-Crossover-Trading-Strategy.md,variant_or_duplicate,moving_average_crossover,moving-average-crossover-2026-08-31.md
基于历史Delta-SMA高低点的交易趋势捕捉策略-Delta-SMA-Historical-High-Low-Based-Trend-Capture-Strategy.md,variant_or_duplicate,moving_average_crossover,moving-average-crossover-2026-08-31.md
EMA多头突破过滤交易策略EMA-Breakout-Filter-Long-Only-Trading-Strategy.md,variant_or_duplicate,moving_average_crossover,moving-average-crossover-2026-08-31.md
移动平均与动量蜡烛趋势跟踪系统-Moving-Average-and-Momentum-Candle-Trend-Following-System.md,variant_or_duplicate,moving_average_crossover,moving-average-crossover-2026-08-31.md
DEMA与TEMA交叉策略Dual-and-Triple-Exponential-Moving-Average-Crossover-Strategy.md,variant_or_duplicate,moving_average_crossover,moving-average-crossover-2026-08-31.md
基于ATR波动率和均线的自适应趋势跟踪退出策略-ATR-Volatility-and-Moving-Average-Based-Adaptive-Trend-Following-Exit-Strategy.md,variant_or_duplicate,moving_average_crossover,moving-average-crossover-2026-08-31.md
多重滤网趋势突破智能均线交易策略-Multi-Filter-Trend-Breakthrough-Smart-Moving-Average-Trading-Strategy.md,variant_or_duplicate,moving_average_crossover,moving-average-crossover-2026-08-31.md
黄金快速突破EMA交易策略Gold-Fast-Breakthrough-EMA-Trading-Strategy.md,variant_or_duplicate,moving_average_crossover,moving-average-crossover-2026-08-31.md
低点扫描智能追踪法Low-Scanner-Smart-Tracking-Method.md,variant_or_duplicate,moving_average_crossover,moving-average-crossover-2026-08-31.md
双均线动量趋势交易策略结合满实体烛线信号系统-Dual-EMA-Momentum-Trend-Trading-Strategy-with-Full-Body-Candle-Signal-System.md,variant_or_duplicate,moving_average_crossover,moving-average-crossover-2026-08-31.md
双MA顺势突破策略Dual-MA-Trend-Breakout-Strategy.md,variant_or_duplicate,moving_average_crossover,moving-average-crossover-2026-08-31.md
双移动平均反转趋势策略Dual-Moving-Average-Counter-Trend-Strategy.md,variant_or_duplicate,moving_average_crossover,moving-average-crossover-2026-08-31.md
双指数移动平均线交叉策略Dual-Exponential-Moving-Average-Crossover-Strategy.md,variant_or_duplicate,moving_average_crossover,moving-average-crossover-2026-08-31.md
移动平均线双线判断信号策略Double-Moving-Average-Crossover-Strategy.md,variant_or_duplicate,moving_average_crossover,moving-average-crossover-2026-08-31.md
三移动平均线量化交易策略Triple-Moving-Average-Quantitative-Trading-Strategy.md,variant_or_duplicate,moving_average_crossover,moving-average-crossover-2026-08-31.md
双均线ADX择时策略Dual-Moving-Average-ADX-Timing-Strategy.md,variant_or_duplicate,moving_average_crossover,moving-average-crossover-2026-08-31.md
基于均线的趋势追踪型策略Trend-Following-Strategy-Based-on-Moving-Averages.md,variant_or_duplicate,moving_average_crossover,moving-average-crossover-2026-08-31.md
三重EMA回调突破交易策略Triple-EMA-Pullback-Breakout-Trading-Strategy.md,variant_or_duplicate,moving_average_crossover,moving-average-crossover-2026-08-31.md
EMA-TREND-CLOUD.md,variant_or_duplicate,moving_average_crossover,moving-average-crossover-2026-08-31.md
移动均线黄金交易策略Moving-Average-Crossover-Gold-Trading-Strategy.md,variant_or_duplicate,moving_average_crossover,moving-average-crossover-2026-08-31.md
双动能均线交易策略Bugra-Trading-Strategy-Based-on-Dual-Kinetic-Moving-Average.md,variant_or_duplicate,moving_average_crossover,moving-average-crossover-2026-08-31.md
EMA均线收盘策略EMA-Close-Strategy.md,variant_or_duplicate,moving_average_crossover,moving-average-crossover-2026-08-31.md
基于RVI和EMA的比特币交易策略Bitcoin-Trading-Strategy-Based-on-RVI-and-EMA.md,variant_or_duplicate,moving_average_crossover,moving-average-crossover-2026-08-31.md
五日移动平均线金叉追涨策略5-day-Moving-Average-Golden-Cross-Momentum-Strategy.md,variant_or_duplicate,moving_average_crossover,moving-average-crossover-2026-08-31.md
四均线趋势快速跳空策略Quad-MA-Trend-Scalper-Strategy.md,variant_or_duplicate,moving_average_crossover,moving-average-crossover-2026-08-31.md
动态均线交叉趋势策略Dynamic-SMA-Cross-Trend-Strategy.md,variant_or_duplicate,moving_average_crossover,moving-average-crossover-2026-08-31.md
动量追踪型双EMA移动平均线交叉策略Momentum-Tracking-Dual-EMA-Crossover-Strategy.md,variant_or_duplicate,moving_average_crossover,moving-average-crossover-2026-08-31.md
EMA-Trading-Strategy.md,variant_or_duplicate,moving_average_crossover,moving-average-crossover-2026-08-31.md
双指数移动平均交叉转向退出策略-Dual-EMA-Cross-with-Directional-Exit-Strategy.md,variant_or_duplicate,moving_average_crossover,moving-average-crossover-2026-08-31.md
流动性捕捉与智能资金分歧指标结合策略-Liquidity-Grab-Smart-Money-Divergence-Indicator-Combination-Strategy.md,variant_or_duplicate,moving_average_crossover,moving-average-crossover-2026-08-31.md
10EMA双重交叉趋势追踪策略10EMA-Double-Cross-Trend-Tracking-Strategy.md,variant_or_duplicate,moving_average_crossover,moving-average-crossover-2026-08-31.md
基于双移动平均线交叉的量化交易策略Dual-Moving-Average-Crossover-Quantitative-Trading-Strategy.md,variant_or_duplicate,moving_average_crossover,moving-average-crossover-2026-08-31.md
精准捕捉趋势反转的移动均线交叉策略Precise-Trend-Reversal-Moving-Average-Crossover-Strategy.md,variant_or_duplicate,moving_average_crossover,moving-average-crossover-2026-08-31.md
Demark-Reversal-Points-CC.md,variant_or_duplicate,moving_average_crossover,moving-average-crossover-2026-08-31.md
随机交叉指标动量交易策略-Stochastic-Crossover-Indicator-Momentum-Trading-Strategy.md,variant_or_duplicate,moving_average_crossover,moving-average-crossover-2026-08-31.md
动量突破均线交易策略Momentum-Breakout-Moving-Average-Trading-Strategy.md,variant_or_duplicate,moving_average_crossover,moving-average-crossover-2026-08-31.md
趋势价格简单移动平均量化策略Simple-Moving-Average-Trend-Price-Quantitative-Strategy.md,variant_or_duplicate,moving_average_crossover,moving-average-crossover-2026-08-31.md
基于双均线交叉和多时间周期DMI指标的趋势策略Trend-Following-Strategy-Based-on-Dual-Moving-Average-Crossover-and-Multi-Timeframe-DMI-Indicator.md,variant_or_duplicate,moving_average_crossover,moving-average-crossover-2026-08-31.md
移动平均线百分比反转策略Moving-Average-Percentage-Reversal-Strategy.md,variant_or_duplicate,moving_average_crossover,moving-average-crossover-2026-08-31.md
The-Genesis-Crossover-Trading-Strategy.md,variant_or_duplicate,moving_average_crossover,moving-average-crossover-2026-08-31.md
基于均线交叉的高频量化交易策略Intraday-Moving-Average-Crossover-Trading-Strategy.md,variant_or_duplicate,moving_average_crossover,moving-average-crossover-2026-08-31.md
多均线趋势反转量化策略基于EMA和SMA的组合信号系统-Multi-Moving-Average-Trend-Reversal-Quantitative-Strategy-Combined-EMA-and-SMA-Signal-System.md,variant_or_duplicate,moving_average_crossover,moving-average-crossover-2026-08-31.md
基于量化交易双均线策略Quantitative-Trading-Dual-Moving-Average-Strategy.md,variant_or_duplicate,moving_average_crossover,moving-average-crossover-2026-08-31.md
趋势过滤移动均线交叉量化策略-Trend-Filter-Moving-Average-Crossover-Quantitative-Strategy.md,variant_or_duplicate,moving_average_crossover,moving-average-crossover-2026-08-31.md
基于均线交叉的RR策略Crossing-Moving-Average-RR-Strategy.md,variant_or_duplicate,moving_average_crossover,moving-average-crossover-2026-08-31.md
基于均线的趋势跟踪策略Trend-Following-Strategy-Based-on-Moving-Average.md,variant_or_duplicate,moving_average_crossover,moving-average-crossover-2026-08-31.md
移动平均线SMA交叉的多头空头策略-SMA-Crossover-Compounding-Strategy.md,variant_or_duplicate,moving_average_crossover,moving-average-crossover-2026-08-31.md
基于ATR和MA组合的超级趋势交易策略Supertrend-Trading-Strategy-Based-on-ATR-and-MA-Combination.md,variant_or_duplicate,moving_average_crossover,moving-average-crossover-2026-08-31.md
基于5日指数移动平均线的趋势追踪策略优化模型-5-Day-EMA-Based-Trend-Following-Strategy-Optimization-Model.md,variant_or_duplicate,moving_average_crossover,moving-average-crossover-2026-08-31.md
组合简单移动平均线与自适应移动平均线的策略Combining-Simple-Moving-Average-and-Adaptive-Moving-Average-Strategy.md,variant_or_duplicate,moving_average_crossover,moving-average-crossover-2026-08-31.md
双均线交叉趋势追踪型策略Dual-Moving-Average-Crossover-Strategy.md,variant_or_duplicate,moving_average_crossover,moving-average-crossover-2026-08-31.md
移动平均线区间吞噬策略Moving-Average-Range-Swallowing-Strategy.md,variant_or_duplicate,moving_average_crossover,moving-average-crossover-2026-08-31.md
三重移动平均通道趋势跟随策略Triple-Moving-Average-Channel-Trend-Following-Strategy.md,variant_or_duplicate,moving_average_crossover,moving-average-crossover-2026-08-31.md
超级均线与Upperband交叉策略-Super-Moving-Average-and-Upperband-Crossover-Strategy.md,variant_or_duplicate,moving_average_crossover,moving-average-crossover-2026-08-31.md
基于方差和移动平均线的波动幅度策略-Variance-and-Moving-Averages-Based-Volatility-Strategy.md,variant_or_duplicate,moving_average_crossover,moving-average-crossover-2026-08-31.md
多个EMA周期动态交易策略Multi-Timeframe-Dynamic-EMA-Trading-Strategy.md,variant_or_duplicate,moving_average_crossover,moving-average-crossover-2026-08-31.md
动量矩形通道双均线交易策略Momentum-Rectangle-Channel-Dual-Moving-Average-Trading-Strategy.md,variant_or_duplicate,moving_average_crossover,moving-average-crossover-2026-08-31.md
多周期动态均线策略Multi-Period-Dynamic-Moving-Average-Strategy.md,variant_or_duplicate,moving_average_crossover,moving-average-crossover-2026-08-31.md
多周期指数移动平均交叉策略与期权交易建议系统-Multi-Period-Exponential-Moving-Average-Crossover-Strategy-with-Options-Trading-Suggestion-System.md,variant_or_duplicate,moving_average_crossover,moving-average-crossover-2026-08-31.md
双均线趋势跟踪与ATR风控自适应交易策略-Dual-Moving-Average-Trend-Following-Strategy-with-ATR-Based-Risk-Management-System.md,variant_or_duplicate,moving_average_crossover,moving-average-crossover-2026-08-31.md
多重指数移动平均交叉策略-Multi-EMA-Crossover-Stop-Strategy.md,variant_or_duplicate,moving_average_crossover,moving-average-crossover-2026-08-31.md
双线追踪算法交易策略Dual-Moving-Average-Crossover-Algorithmic-Trading-Strategy.md,variant_or_duplicate,moving_average_crossover,moving-average-crossover-2026-08-31.md
增强移动平均聚合趋势策略Enhanced-Moving-Average-Convergence-Trend-Strategy.md,variant_or_duplicate,moving_average_crossover,moving-average-crossover-2026-08-31.md
双均线交叉开仓策略-Dual-Moving-Average-Crossover-Entry-Strategy.md,variant_or_duplicate,moving_average_crossover,moving-average-crossover-2026-08-31.md
SMA移动平均线交叉策略SMA-Moving-Average-Crossover-Strategy.md,variant_or_duplicate,moving_average_crossover,moving-average-crossover-2026-08-31.md
多重指数移动平均线交易策略Multiple-Exponential-Moving-Average-Trading-Strategy.md,variant_or_duplicate,moving_average_crossover,moving-average-crossover-2026-08-31.md
三重SMA自适应K线交叉长线策略Twisted-SMA-Adaptive-Crossover-Long-Line-Strategy.md,variant_or_duplicate,moving_average_crossover,moving-average-crossover-2026-08-31.md
基于Ehlers-MESA自适应移动平均线的交易策略Ehlers-MESA-Adaptive-Moving-Average-Trading-Strategy.md,variant_or_duplicate,moving_average_crossover,moving-average-crossover-2026-08-31.md
双均线反转交易策略Dual-Moving-Average-Reversal-Trading-Strategy.md,variant_or_duplicate,moving_average_crossover,moving-average-crossover-2026-08-31.md
双均线压力回调策略Dual-Moving-Average-Pressure-Rebound-Strategy.md,variant_or_duplicate,moving_average_crossover,moving-average-crossover-2026-08-31.md
G通道与EMA趋势过滤交易系统-G-Channel-and-EMA-Trend-Filter-Trading-System.md,variant_or_duplicate,moving_average_crossover,moving-average-crossover-2026-08-31.md
基于线性回归和移动平均线的趋势跟踪交易策略Trend-Following-Regression-Trading-Strategy-Based-on-Linear-Regression-and-Moving-Average.md,variant_or_duplicate,moving_average_crossover,moving-average-crossover-2026-08-31.md
三重EMA趋势跟踪策略Triple-EMA-Trend-Following-Strategy.md,variant_or_duplicate,moving_average_crossover,moving-average-crossover-2026-08-31.md
双MA时间限制交易策略Dual-MA-Strategy-with-Time-Limit.md,variant_or_duplicate,moving_average_crossover,moving-average-crossover-2026-08-31.md
多周期动态通道交叉策略-Multi-Period-Dynamic-Channel-Crossover-Strategy.md,variant_or_duplicate,moving_average_crossover,moving-average-crossover-2026-08-31.md
双均线三指数指标交易策略Dual-Moving-Average-Triple-Exponential-Indicator-Trading-Strategy.md,variant_or_duplicate,moving_average_crossover,moving-average-crossover-2026-08-31.md
多维度数学模型交易策略-Multi-Dimensional-Mathematical-Model-Trading-Strategy.md,variant_or_duplicate,moving_average_crossover,moving-average-crossover-2026-08-31.md
双移动均线反转策略Dual-Moving-Average-Reversal-Strategy.md,variant_or_duplicate,moving_average_crossover,moving-average-crossover-2026-08-31.md
灵活双均线交叉量化策略-Flexible-Moving-Average-Crossover-Quantitative-Strategy.md,variant_or_duplicate,moving_average_crossover,moving-average-crossover-2026-08-31.md
多重指标交叉动态策略系统基于EMARVI和交易信号的量化交易模型-Multi-Indicator-Crossover-Dynamic-Strategy-System-A-Quantitative-Trading-Model-Based-on-EMA-RVI-and-Trading-Signals.md,variant_or_duplicate,moving_average_crossover,moving-average-crossover-2026-08-31.md
可配置移动平均线交叉策略-Configurable-Moving-Average-Crossover-Strategy.md,variant_or_duplicate,moving_average_crossover,moving-average-crossover-2026-08-31.md
基于均线支撑阻力和交易量的高级入场条件策略-Advanced-Entry-Strategy-based-on-Moving-Average-Support-Resistance-and-Volume.md,variant_or_duplicate,moving_average_crossover,moving-average-crossover-2026-08-31.md
多时间周期指数移动平均交叉策略-Multi-Timeframe-Exponential-Moving-Average-Crossover-Strategy.md,variant_or_duplicate,moving_average_crossover,moving-average-crossover-2026-08-31.md
真实相对运动MA均线策略True-Relative-Movement-Moving-Average-Strategy.md,variant_or_duplicate,moving_average_crossover,moving-average-crossover-2026-08-31.md
逆转双均线交叉策略Reversal-Dual-Moving-Average-Crossover-Strategy.md,variant_or_duplicate,moving_average_crossover,moving-average-crossover-2026-08-31.md
一种基于均线的趋势跟踪策略Adaptive-Moving-Average-Tracking-Strategy.md,variant_or_duplicate,moving_average_crossover,moving-average-crossover-2026-08-31.md
双EMA黄金交叉长线策略Dual-EMA-Golden-Cross-Long-Line-Strategy.md,variant_or_duplicate,moving_average_crossover,moving-average-crossover-2026-08-31.md
双边三点移位均线量化交易策略Bilateral-Three-Point-Moving-Average-Quantitative-Trading-Strategy.md,variant_or_duplicate,moving_average_crossover,moving-average-crossover-2026-08-31.md
双均线动态突破交易系统Dynamic-Dual-Moving-Average-Breakthrough-Trading-System-Dynamic-Dual-Moving-Average-Breakthrough-Trading-System.md,variant_or_duplicate,moving_average_crossover,moving-average-crossover-2026-08-31.md
多指数自适应动量交叉交易系统-Multi-Indicator-Adaptive-Momentum-Crossover-Trading-System.md,variant_or_duplicate,moving_average_crossover,moving-average-crossover-2026-08-31.md
双均线交叉交易策略Double-Moving-Average-Crossover-Trading-Strategy.md,variant_or_duplicate,moving_average_crossover,moving-average-crossover-2026-08-31.md
双均线动态趋势捕捉交易系统-Dual-EMA-Dynamic-Trend-Capture-Trading-System.md,variant_or_duplicate,moving_average_crossover,moving-average-crossover-2026-08-31.md
移动均线金叉策略Moving-Average-Crossover-Strategy.md,variant_or_duplicate,moving_average_crossover,moving-average-crossover-2026-08-31.md
多周期Hull移动平均线交叉策略-Multi-Timeframe-Hull-Moving-Average-Crossover-Strategy.md,variant_or_duplicate,moving_average_crossover,moving-average-crossover-2026-08-31.md
EMA增强超级趋势策略EMA-Enhanced-SuperTrend-Strategy.md,variant_or_duplicate,moving_average_crossover,moving-average-crossover-2026-08-31.md
智能型指数均线交易策略优化系统-Intelligent-Exponential-Moving-Average-Trading-Strategy-Optimization-System.md,variant_or_duplicate,moving_average_crossover,moving-average-crossover-2026-08-31.md
多时间框架融合型指数均线交叉策略-Multi-Timeframe-Exponential-Moving-Average-Crossover-Strategy-with-Risk-Reward-Optimization.md,variant_or_duplicate,moving_average_crossover,moving-average-crossover-2026-08-31.md
移动均线短线-scalping-策略Moving-Average-Scalping-Strategy.md,variant_or_duplicate,moving_average_crossover,moving-average-crossover-2026-08-31.md
DPO-EMA趋势交叉量化策略研究-DPO-EMA-Trend-Crossover-Quantitative-Strategy-Research.md,variant_or_duplicate,moving_average_crossover,moving-average-crossover-2026-08-31.md
多指标优化型KDJ趋势交叉策略基于动态随机形态的交易系统-Multi-Indicator-Optimized-KDJ-Trend-Crossover-Strategy-Based-on-Dynamic-Stochastic-Pattern-Trading-System.md,variant_or_duplicate,moving_average_crossover,moving-average-crossover-2026-08-31.md
均线Ichimoku交叉策略SMA-Ichimoku-Crossover-Strategy.md,variant_or_duplicate,moving_average_crossover,moving-average-crossover-2026-08-31.md
EMA趋势交叉动态入场量化策略-Dynamic-EMA-Trend-Crossover-Entry-Quantitative-Strategy.md,variant_or_duplicate,moving_average_crossover,moving-average-crossover-2026-08-31.md
基于双均线反转跟踪策略Dual-Moving-Average-Reversal-Tracking-Strategy.md,variant_or_duplicate,moving_average_crossover,moving-average-crossover-2026-08-31.md
基于EMA均线交叉的短期量化交易策略Quantitative-Trading-Strategy-Based-on-EMA-Crossover.md,variant_or_duplicate,moving_average_crossover,moving-average-crossover-2026-08-31.md
基于支持位和趋势EMA的多空策略-Support-Level-and-Trend-EMA-Based-Long-Strategy.md,variant_or_duplicate,moving_average_crossover,moving-average-crossover-2026-08-31.md
EMA黄金交叉回调策略EMA-Pullback-Strategy.md,variant_or_duplicate,moving_average_crossover,moving-average-crossover-2026-08-31.md
基于日内价格区间突破的动量交易策略结合EMAs指标优化-Price-Range-Breakout-Momentum-Trading-Strategy-with-EMAs-Optimization.md,variant_or_duplicate,moving_average_crossover,moving-average-crossover-2026-08-31.md
三均线黄金交叉交易策略Triangular-Moving-Average-Crossover-Trading-Strategy.md,variant_or_duplicate,moving_average_crossover,moving-average-crossover-2026-08-31.md
移动平均线交叉趋势跟踪策略Trend-Tracking-Strategy-Based-on-Moving-Average-Crossover.md,variant_or_duplicate,moving_average_crossover,moving-average-crossover-2026-08-31.md
基于均线交易趋势策略The-Moving-Average-Crossover-Trading-Strategy.md,variant_or_duplicate,moving_average_crossover,moving-average-crossover-2026-08-31.md
双MA动量突破策略Dual-MA-Momentum-Breakout-Strategy.md,variant_or_duplicate,moving_average_crossover,moving-average-crossover-2026-08-31.md
动量平均线交叉优化策略Optimized-Momentum-Moving-Average-Crossover-Strategy.md,variant_or_duplicate,moving_average_crossover,moving-average-crossover-2026-08-31.md
价格平均线交叉策略Cross-Moving-Average-Price-Strategy.md,variant_or_duplicate,moving_average_crossover,moving-average-crossover-2026-08-31.md
多时间框架自适应移动均线交叉策略Adaptive-Multi-Timeframe-Moving-Average-Crossover-Strategy.md,variant_or_duplicate,moving_average_crossover,moving-average-crossover-2026-08-31.md
基于移动平均线和超级趋势指标的双重过滤指数基金策略Dual-Filter-Index-Fund-Strategy-Based-on-Moving-Averages-and-Supertrend-Indicator.md,variant_or_duplicate,moving_average_crossover,moving-average-crossover-2026-08-31.md
基于随机指标交叉的交易策略Stochastics-Crossover-Trading-Strategy.md,variant_or_duplicate,moving_average_crossover,moving-average-crossover-2026-08-31.md
基于EMA指标的跨市场多空趋势隔夜持仓策略-Cross-Market-Overnight-Position-Strategy-with-EMA-Filter.md,variant_or_duplicate,moving_average_crossover,moving-average-crossover-2026-08-31.md
VWAP交叉动态利润目标交易策略-VWAP-Crossover-Dynamic-Profit-Target-Trading-Strategy.md,variant_or_duplicate,moving_average_crossover,moving-average-crossover-2026-08-31.md
伽利略均线交叉策略Galileo-Galileis-Moving-Average-Crossover-Strategy.md,variant_or_duplicate,moving_average_crossover,moving-average-crossover-2026-08-31.md
移动平均线回拉策略Moving-Average-Pullback-Strategy.md,variant_or_duplicate,moving_average_crossover,moving-average-crossover-2026-08-31.md
移动平均线交叉穿越策略Moving-Average-Crossover-Strategy.md,variant_or_duplicate,moving_average_crossover,moving-average-crossover-2026-08-31.md
动量突破移动平均线策略Momentum-Breakout-Moving-Average-Strategy.md,variant_or_duplicate,moving_average_crossover,moving-average-crossover-2026-08-31.md
利用EMA指标进行跟踪的趋势策略EMA-Tracking-Strategy.md,variant_or_duplicate,moving_average_crossover,moving-average-crossover-2026-08-31.md
多时间框架跨越均线策略Multi-Timeframe-Moving-Average-Crossover-Strategy.md,variant_or_duplicate,moving_average_crossover,moving-average-crossover-2026-08-31.md
多时间框架均线回调交易策略Multi-Timeframe-Moving-Average-Pullback-Trading-Strategy.md,variant_or_duplicate,moving_average_crossover,moving-average-crossover-2026-08-31.md
组合动量均线交叉策略结合市场情绪与阻力位优化系统-Combined-Momentum-SMA-Crossover-Strategy-with-Market-Sentiment-and-Resistance-Level-Optimization-System.md,variant_or_duplicate,moving_average_crossover,moving-average-crossover-2026-08-31.md
基于EMA指标的趋势跟踪策略EMA-Crossover-Trend-Following-Strategy.md,variant_or_duplicate,moving_average_crossover,moving-average-crossover-2026-08-31.md
相对笔涨幅均线交叉策略Relative-Body-Index-Crossover-Strategy.md,variant_or_duplicate,moving_average_crossover,moving-average-crossover-2026-08-31.md
基于EMA趋势过滤的逐级加仓交易策略-教学.md,variant_or_duplicate,moving_average_crossover,moving-average-crossover-2026-08-31.md
Slope-Adaptive-Moving-Average.md,variant_or_duplicate,moving_average_crossover,moving-average-crossover-2026-08-31.md
均线交叉与平均真实波幅混合策略ATR-and-Moving-Average-Crossover-Hybrid-Strategy.md,variant_or_duplicate,moving_average_crossover,moving-average-crossover-2026-08-31.md
全方位自动交易移动平均彩虹策略Comprehensive-Automated-Trading-Moving-Average-Rainbow-Strategy.md,variant_or_duplicate,moving_average_crossover,moving-average-crossover-2026-08-31.md
双移动均线趋势跟踪交易系统结合风险收益比优化策略-Dual-Moving-Average-Trend-Following-Trading-System-with-Risk-Reward-Ratio-Optimization-Strategy.md,variant_or_duplicate,moving_average_crossover,moving-average-crossover-2026-08-31.md
双均线金叉死叉算法交易策略Dual-Moving-Average-Crossover-Trading-Strategy.md,variant_or_duplicate,moving_average_crossover,moving-average-crossover-2026-08-31.md
Dual-Moving-Average-Indicators-Fusion-Strategy.md,variant_or_duplicate,moving_average_crossover,moving-average-crossover-2026-08-31.md
三重移动平均线交易策略Triple-Moving-Average-Trading-Strategy.md,variant_or_duplicate,moving_average_crossover,moving-average-crossover-2026-08-31.md
多重目标移动均线交叉趋势跟踪策略-Multi-Target-EMA-Crossover-Trend-Following-Strategy.md,variant_or_duplicate,moving_average_crossover,moving-average-crossover-2026-08-31.md
多均线趋势追踪与ATR风险管理量化交易策略-Multi-Moving-Average-Trend-Following-with-ATR-Risk-Management-Quantitative-Trading-Strategy.md,variant_or_duplicate,moving_average_crossover,moving-average-crossover-2026-08-31.md
双均线动量鞅策略Dual-Moving-Average-Momentum-Squeeze-Strategy.md,variant_or_duplicate,moving_average_crossover,moving-average-crossover-2026-08-31.md
基于移动平均线的动量策略This-strategy-is-a-momentum-strategy-based-on-moving-average-lines.md,variant_or_duplicate,moving_average_crossover,moving-average-crossover-2026-08-31.md
基于移动平均线背离策略Moving-Average-Divergence-Strategy.md,variant_or_duplicate,moving_average_crossover,moving-average-crossover-2026-08-31.md
双HullMA组合判决阈值交易策略Dual-Hull-MA-Judgement-Threshold-Trading-Strategy.md,variant_or_duplicate,moving_average_crossover,moving-average-crossover-2026-08-31.md
基于MA线的趋势追踪策略Trend-Following-Strategy-Based-on-MA-Lines.md,variant_or_duplicate,moving_average_crossover,moving-average-crossover-2026-08-31.md
双均线策略与随机指标组合Dual-Moving-Average-Strategy-Combined-with-Stochastic-Indicator.md,variant_or_duplicate,moving_average_crossover,moving-average-crossover-2026-08-31.md
基于SMAEMA和成交量的简单动量策略Simple-Momentum-Strategy-Based-on-SMA-EMA-and-Volume.md,variant_or_duplicate,moving_average_crossover,moving-average-crossover-2026-08-31.md
HALFTREND-HEMA-SMA-FALSE-SIGNALs-STRATEGY.md,variant_or_duplicate,moving_average_crossover,moving-average-crossover-2026-08-31.md
基于双均线追踪策略Dual-Moving-Average-Tracking-Strategy.md,variant_or_duplicate,moving_average_crossover,moving-average-crossover-2026-08-31.md
移动平均线交叉策略-Moving-Average-Crossover-Strategy.md,variant_or_duplicate,moving_average_crossover,moving-average-crossover-2026-08-31.md
一种基于移动平均线交叉交易策略Moving-Average-Crossover-Trading-Strategy.md,variant_or_duplicate,moving_average_crossover,moving-average-crossover-2026-08-31.md
多指标动态趋势交叉量化交易策略-Multi-Indicator-Dynamic-Trend-Crossover-Quantitative-Trading-Strategy.md,variant_or_duplicate,moving_average_crossover,moving-average-crossover-2026-08-31.md
双轨突破均线交叉策略Double-Rail-Breakthrough-Moving-Average-Crossover-Strategy.md,variant_or_duplicate,moving_average_crossover,moving-average-crossover-2026-08-31.md
量化大师专属多级移动平均交叉策略Multi-level-Moving-Average-Crossing-Strategy-for-Quant-Masters.md,variant_or_duplicate,moving_average_crossover,moving-average-crossover-2026-08-31.md
双均线反转策略Dual-Moving-Average-Crossover-Strategy.md,variant_or_duplicate,moving_average_crossover,moving-average-crossover-2026-08-31.md
螺旋上升突破均线策略Spiral-Breakout-Moving-Average-Strategy.md,variant_or_duplicate,moving_average_crossover,moving-average-crossover-2026-08-31.md
双均线随机震荡策略系统趋势跟踪与动量结合的量化交易模型-Dual-EMA-Stochastic-Oscillator-System-A-Quantitative-Trading-Model-Combining-Trend-Following-and-Momentum.md,variant_or_duplicate,moving_average_crossover,moving-average-crossover-2026-08-31.md
基于双均线交叉交易策略-A-Double-Moving-Average-Crossover-Trading-Strategy.md,variant_or_duplicate,moving_average_crossover,moving-average-crossover-2026-08-31.md
基于移动平均线和超级趋势的跟踪止损策略Trend-Following-Strategy-with-Moving-Averages-and-SuperTrend.md,variant_or_duplicate,moving_average_crossover,moving-average-crossover-2026-08-31.md
动态EMAherokuapp俯瞰策略EMAskeletonstrategy.md,variant_or_duplicate,moving_average_crossover,moving-average-crossover-2026-08-31.md
基于霍尔速度均线和卡尔曼滤波的趋势跟踪策略Hull-Moving-Average-and-Kalman-Filter-Based-Trend-Tracking-Strategy.md,variant_or_duplicate,moving_average_crossover,moving-average-crossover-2026-08-31.md
三重指数移动平均线趋势交易策略-Triple-Exponential-Moving-Average-Trend-Trading-Strategy.md,variant_or_duplicate,moving_average_crossover,moving-average-crossover-2026-08-31.md
移动平均线金叉交易策略Moving-Average-Crossover-Trading-Strategy.md,variant_or_duplicate,moving_average_crossover,moving-average-crossover-2026-08-31.md
基于移动平均线的趋势跟随策略Trend-Following-Strategy-Based-on-Moving-Average.md,variant_or_duplicate,moving_average_crossover,moving-average-crossover-2026-08-31.md
基于艾略特波浪与汤姆德马克顺势交易策略-Elliott-Wave-and-Tom-DeMark-Trend-Following-Trading-Strategy.md,variant_or_duplicate,moving_average_crossover,moving-average-crossover-2026-08-31.md
双重动量振荡器智能择时交易策略-Dual-Momentum-Oscillator-Smart-Timing-Trading-Strategy.md,variant_or_duplicate,moving_average_crossover,moving-average-crossover-2026-08-31.md
三重均线趋势跟踪与动量融合量化交易策略-Triple-Moving-Average-Trend-Following-and-Momentum-Integration-Quantitative-Trading-Strategy.md,variant_or_duplicate,moving_average_crossover,moving-average-crossover-2026-08-31.md
Supertrend和EMA组合策略-Supertrend-and-EMA-Combination-Strategy.md,variant_or_duplicate,moving_average_crossover,moving-average-crossover-2026-08-31.md
动态包络均线策略Dynamic-Envelope-Moving-Average-Strategy.md,variant_or_duplicate,moving_average_crossover,moving-average-crossover-2026-08-31.md
移动平均线方向反转交易策略Moving-Average-Direction-Reversal-Trading-Strategy.md,variant_or_duplicate,moving_average_crossover,moving-average-crossover-2026-08-31.md
动量指标交叉反转趋势跟踪策略Trend-Reversal-Momentum-Indicators-Crossover-Tracking-Strategy.md,variant_or_duplicate,moving_average_crossover,moving-average-crossover-2026-08-31.md
双均线动量交易策略基于时间优化的趋势跟踪系统-Dual-Moving-Average-Momentum-Trading-Strategy-Time-Optimized-Trend-Following-System.md,variant_or_duplicate,moving_average_crossover,moving-average-crossover-2026-08-31.md
平滑移动平均线策略Smoothed-Moving-Average-Strategy.md,variant_or_duplicate,moving_average_crossover,moving-average-crossover-2026-08-31.md
双均线交叉趋势跟踪策略结合风控与时间筛选系统-Dual-EMA-Crossover-Trend-Following-Strategy-with-Risk-Management-and-Time-Filtering-System.md,variant_or_duplicate,moving_average_crossover,moving-average-crossover-2026-08-31.md
零滞后叠加移动平均线结合悬臂线出口交易策略Zero-Lag-Overlapping-Moving-Average-with-Chandelier-Exit-Trading-Strategy.md,variant_or_duplicate,moving_average_crossover,moving-average-crossover-2026-08-31.md
基于真实波幅的加权移动平均跨期策略True-Range-Based-Weighted-Moving-Average-Cross-Period-Strategy.md,variant_or_duplicate,moving_average_crossover,moving-average-crossover-2026-08-31.md
EMA-ADX-VOL-加密货币杀手EMA-ADX-VOL-CRYPTO-KILLER.md,variant_or_duplicate,moving_average_crossover,moving-average-crossover-2026-08-31.md
多重指标EMA策略Multi-Indicator-EMA-Strategy.md,variant_or_duplicate,moving_average_crossover,moving-average-crossover-2026-08-31.md
基于移动平均线交叉策略-Moving-Average-Crossover-Strategy.md,variant_or_duplicate,moving_average_crossover,moving-average-crossover-2026-08-31.md
基于卡马和均线的趋势跟踪策略Kama-and-Moving-Average-Based-Trend-Following-Strategy.md,variant_or_duplicate,moving_average_crossover,moving-average-crossover-2026-08-31.md
基于EMA均线波动带的多周期趋势跟踪交易系统-Multi-Period-Trend-Following-Trading-System-Based-on-EMA-Volatility-Bands.md,variant_or_duplicate,moving_average_crossover,moving-average-crossover-2026-08-31.md
双EMA跨度突破策略Dual-EMA-Spread-Breakout-Strategy.md,variant_or_duplicate,moving_average_crossover,moving-average-crossover-2026-08-31.md
多重移动平均线动态趋势策略Multiple-Moving-Average-Dynamic-Trend-Strategy.md,variant_or_duplicate,moving_average_crossover,moving-average-crossover-2026-08-31.md
均线多重级差趋势追踪策略Multi-timeframe-MA-Trend-Following-Strategy.md,variant_or_duplicate,moving_average_crossover,moving-average-crossover-2026-08-31.md
基于动态ATR和双均线交叉的自适应风险管理策略-Adaptive-Risk-Management-Strategy-Based-on-Dynamic-ATR-and-Moving-Average-Crossover.md,variant_or_duplicate,moving_average_crossover,moving-average-crossover-2026-08-31.md
EMA趋势动量K线形态策略-EMA-Trend-Momentum-Candlestick-Pattern-Strategy.md,variant_or_duplicate,moving_average_crossover,moving-average-crossover-2026-08-31.md
动态移动平均线与克尔特通道交易策略Dynamic-Moving-Averages-and-Keltner-Channel-Trading-Strategy.md,variant_or_duplicate,moving_average_crossover,moving-average-crossover-2026-08-31.md
高频价格失衡区域动量交易策略基于指数均线和ATR动态止盈止损-High-Frequency-Fair-Value-Gap-Momentum-Trading-Strategy-with-EMA-and-ATR-Based-Dynamic-Exit.md,variant_or_duplicate,moving_average_crossover,moving-average-crossover-2026-08-31.md
动态指数移动平均趋势识别与ATR阈值策略-Dynamic-EMA-Trend-Detection-with-ATR-Threshold-Strategy.md,variant_or_duplicate,moving_average_crossover,moving-average-crossover-2026-08-31.md
基于移动均线的金叉死叉策略EMA-Candle-Close-Strategy.md,variant_or_duplicate,moving_average_crossover,moving-average-crossover-2026-08-31.md
移动平均线的趋势跟踪策略trend-following-strategy-based-on-moving-averages.md,variant_or_duplicate,moving_average_crossover,moving-average-crossover-2026-08-31.md
基于EMA和SMA的多重指标动态趋势跟踪策略-Multi-Indicator-Dynamic-Trend-Following-Strategy-Based-on-EMA-and-SMA.md,variant_or_duplicate,moving_average_crossover,moving-average-crossover-2026-08-31.md
CMF-Momentum-Breakthrough-Moving-Average-Strategy.md,variant_or_duplicate,moving_average_crossover,moving-average-crossover-2026-08-31.md
双EMA金叉死叉趋势追踪策略Dual-EMA-Crossover-Trend-Tracking-Strategy.md,variant_or_duplicate,moving_average_crossover,moving-average-crossover-2026-08-31.md
均线交叉的移动平均趋势策略Moving-Average-Crossover-Trend-Strategy.md,variant_or_duplicate,moving_average_crossover,moving-average-crossover-2026-08-31.md
基于市场真势波动的云图交叉策略Cloud-Crossover-Strategy-Based-on-Market-Momentum.md,variant_or_duplicate,moving_average_crossover,moving-average-crossover-2026-08-31.md
双均线交叉带定时交易窗口与止盈止损策略-Dual-Moving-Average-Crossover-with-Trading-Window-and-Risk-Management-Strategy.md,variant_or_duplicate,moving_average_crossover,moving-average-crossover-2026-08-31.md
基于双移动平均策略Dual-Moving-Average-Strategy.md,variant_or_duplicate,moving_average_crossover,moving-average-crossover-2026-08-31.md
Simple-EMA20-Strategy-Stochastic.md,variant_or_duplicate,moving_average_crossover,moving-average-crossover-2026-08-31.md
移动平均线穿越策略Moving-Average-Crossover-Strategy.md,variant_or_duplicate,moving_average_crossover,moving-average-crossover-2026-08-31.md
基于EMA指标的趋势追踪策略EMA-Oscillator-Trend-Following-Strategy.md,variant_or_duplicate,moving_average_crossover,moving-average-crossover-2026-08-31.md
动态ichimoku均线突破趋势转换策略-Dynamic-Ichimoku-Moving-Average-Crossover-Trend-Switching-Strategy.md,variant_or_duplicate,moving_average_crossover,moving-average-crossover-2026-08-31.md
年末趋势跟踪动量交易策略60日均线突破-Year-end-Trend-Following-Momentum-Trading-Strategy60-day-MA-Breakout.md,variant_or_duplicate,moving_average_crossover,moving-average-crossover-2026-08-31.md
波动交易策略结合动态多空仓位和均线交叉信号系统-Dynamic-Long-Short-Swing-Trading-Strategy-with-Moving-Average-Crossover-Signal-System.md,variant_or_duplicate,moving_average_crossover,moving-average-crossover-2026-08-31.md
指数移动平均交叉策略Exponential-Moving-Average-Crossover-Strategy.md,variant_or_duplicate,moving_average_crossover,moving-average-crossover-2026-08-31.md
基于均线金叉突破动量策略Dual-Moving-Average-With-Momentum-Breakout-Strategy.md,variant_or_duplicate,moving_average_crossover,moving-average-crossover-2026-08-31.md
均线趋势跟踪策略Moving-Average-Trend-Following-Strategy.md,variant_or_duplicate,moving_average_crossover,moving-average-crossover-2026-08-31.md
基于指数移动平均和成交量加权的多因子量化策略Quantitative-Strategy-Based-on-Exponential-Moving-Average-and-Volume-Weighting.md,variant_or_duplicate,moving_average_crossover,moving-average-crossover-2026-08-31.md
四重EMA指标交易策略Quadruple-EMA-Indicators-Trading-Strategy.md,variant_or_duplicate,moving_average_crossover,moving-average-crossover-2026-08-31.md
突破EMA滑动止损三角策略Elevated-Touch-Short-Triangle-Strategy.md,variant_or_duplicate,moving_average_crossover,moving-average-crossover-2026-08-31.md
慢速平仓均线交易策略Slow-Heiken-Ashi-Exponential-Moving-Average-Trading-Strategy.md,variant_or_duplicate,moving_average_crossover,moving-average-crossover-2026-08-31.md
EMA趋势跟踪当周次周季度.md,variant_or_duplicate,moving_average_crossover,moving-average-crossover-2026-08-31.md
双均线黄金交叉量化策略Dual-Moving-Average-Golden-Cross-Quantitative-Strategy.md,variant_or_duplicate,moving_average_crossover,moving-average-crossover-2026-08-31.md
多重时间框架魔改加强的史托克指标与SMA组合趋势跟踪策略X48-DayLight-Hunter-Strategy-Optimization-and-Adaptation.md,variant_or_duplicate,moving_average_crossover,moving-average-crossover-2026-08-31.md
EMA-SMA-均线交叉-动量指标-EMA-SMA-Moving-Average-Crossover-Momentum-Indicator.md,variant_or_duplicate,moving_average_crossover,moving-average-crossover-2026-08-31.md
双移动平均线交叉策略Dual-Moving-Average-Crossover-Strategy.md,variant_or_duplicate,moving_average_crossover,moving-average-crossover-2026-08-31.md
动态供需区间中线反转策略-Dynamic-Supply-Demand-Zone-Midline-Reversal-Strategy.md,variant_or_duplicate,moving_average_crossover,moving-average-crossover-2026-08-31.md
双均线交叉-golden-cross-交易策略Golden-Cross-SMA-Trading-Strategy.md,variant_or_duplicate,moving_average_crossover,moving-average-crossover-2026-08-31.md
基于均线的回撤交易策略Trend-Reversal-Strategy-Based-on-Moving-Averages.md,variant_or_duplicate,moving_average_crossover,moving-average-crossover-2026-08-31.md
双MA交叉趋势追踪策略Dual-MA-Crossover-Trend-Tracking-Strategy.md,variant_or_duplicate,moving_average_crossover,moving-average-crossover-2026-08-31.md
均线回归交易策略Linear-Regression-Moving-Average-Trading-Strategy.md,variant_or_duplicate,moving_average_crossover,moving-average-crossover-2026-08-31.md
基于Hull指标和LSMA指标的趋势跟踪量化策略Trend-Following-Quant-Strategy-Based-on-Hull-and-LSMA-Indicators.md,variant_or_duplicate,moving_average_crossover,moving-average-crossover-2026-08-31.md
移动均线多时标交叉优化策略Multi-Timeframe-Moving-Average-Crossover-Optimization-Strategy.md,variant_or_duplicate,moving_average_crossover,moving-average-crossover-2026-08-31.md
EMA-Cloud-Intraday-Strategy.md,variant_or_duplicate,moving_average_crossover,moving-average-crossover-2026-08-31.md
SuperTrend双均线交叉策略SuperTrend-Dual-Moving-Average-Crossover-Strategy.md,variant_or_duplicate,moving_average_crossover,moving-average-crossover-2026-08-31.md
三重超趋势EMA-ADX过滤策略Triple-Supertrend-with-EMA-and-ADX-Strategy.md,variant_or_duplicate,moving_average_crossover,moving-average-crossover-2026-08-31.md
指数均线封闭突破策略Dual-EMA-Engulfing-Breakout-Strategy.md,variant_or_duplicate,moving_average_crossover,moving-average-crossover-2026-08-31.md
三线突破趋势跟踪策略结合EMA动态过滤和ATR风险管理系统-Three-Line-Strike-Trend-Following-Strategy-with-EMA-Dynamic-Filter-and-ATR-Risk-Management-System.md,variant_or_duplicate,moving_average_crossover,moving-average-crossover-2026-08-31.md
EMA23-EMA50双均线交叉量化交易策略-EMA23-EMA50-Double-Moving-Average-Crossover-Quantitative-Trading-Strategy.md,variant_or_duplicate,moving_average_crossover,moving-average-crossover-2026-08-31.md
均线交叉策略Dual-SMA-Crossover-Strategy.md,variant_or_duplicate,moving_average_crossover,moving-average-crossover-2026-08-31.md
双均线交叉动量策略Dual-Moving-Average-Crossover-Momentum-Strategy.md,variant_or_duplicate,moving_average_crossover,moving-average-crossover-2026-08-31.md
一种基于移动平均线的趋势跟踪策略Golden-Cross-Moving-Average-Strategy.md,variant_or_duplicate,moving_average_crossover,moving-average-crossover-2026-08-31.md
基于双EMA和带通滤波器的组合交易策略Combination-Trading-Strategy-Based-on-Dual-EMA-and-Bandpass-Filter.md,variant_or_duplicate,moving_average_crossover,moving-average-crossover-2026-08-31.md
基于双移动平均线交叉策略-Dual-Moving-Average-Crossover-Strategy.md,variant_or_duplicate,moving_average_crossover,moving-average-crossover-2026-08-31.md
动态趋势跟踪型双均线通道策略与风险管理系统-Dynamic-Trend-Following-Dual-Moving-Average-Channel-Strategy-with-Risk-Management-System.md,variant_or_duplicate,moving_average_crossover,moving-average-crossover-2026-08-31.md
双均线短线日内交易策略Intraday-Dual-Moving-Average-Trading-Strategy.md,variant_or_duplicate,moving_average_crossover,moving-average-crossover-2026-08-31.md
基于SMA指标的短中期趋势跟踪策略Short-Mid-Term-Trend-Following-Strategy-Based-on-SMA-Indicators.md,variant_or_duplicate,moving_average_crossover,moving-average-crossover-2026-08-31.md
高级WaveTrend与EMA-Ribbon融合交易策略-Advanced-WaveTrend-and-EMA-Ribbon-Fusion-Trading-Strategy.md,variant_or_duplicate,moving_average_crossover,moving-average-crossover-2026-08-31.md
移动平均线交叉趋势跟踪策略Moving-Average-Crossover-Strategy.md,variant_or_duplicate,moving_average_crossover,moving-average-crossover-2026-08-31.md
基于双EMA均线的趋势追踪策略Trend-Following-Strategy-Based-on-Dual-EMA.md,variant_or_duplicate,moving_average_crossover,moving-average-crossover-2026-08-31.md
基于双均线交叉策略Closing-Price-Comparison-Dual-Moving-Average-Crossover-Strategy.md,variant_or_duplicate,moving_average_crossover,moving-average-crossover-2026-08-31.md
基于抛物线指标和移动平均线的多空趋势判断策略EMA-Parabolic-Trend-Following-Strategy.md,variant_or_duplicate,moving_average_crossover,moving-average-crossover-2026-08-31.md
均线交叉长线并量化策略EMA-Crossover-for-Long-Line-Quant-Strategy.md,variant_or_duplicate,moving_average_crossover,moving-average-crossover-2026-08-31.md
双重优化组合反转EMA加权交易策略Comb-Reverse-EMA-Volume-Weighting-Optimization-Trading-Strategies.md,variant_or_duplicate,moving_average_crossover,moving-average-crossover-2026-08-31.md
震荡反转均线系统策略EMA-Oscillation-Reversal-System-Strategy.md,variant_or_duplicate,moving_average_crossover,moving-average-crossover-2026-08-31.md
开放收盘交叉移动平均线趋势追踪策略Open-Close-Cross-Moving-Average-Trend-Following-Strategy.md,variant_or_duplicate,moving_average_crossover,moving-average-crossover-2026-08-31.md
多均线趋势跟踪与交易量平衡策略-Multi-Moving-Average-Trend-Following-with-On-Balance-Volume-Strategy.md,variant_or_duplicate,moving_average_crossover,moving-average-crossover-2026-08-31.md
基于动量均线反转策略Momentum-Moving-Average-Reversal-Strategy.md,variant_or_duplicate,moving_average_crossover,moving-average-crossover-2026-08-31.md
Simple-Combined-Strategy-Pivot-Point-SuperTrend-and-DEMA-简单组合策略枢轴点超级趋势和双重指数移动平均线.md,variant_or_duplicate,moving_average_crossover,moving-average-crossover-2026-08-31.md
基于Zero-Lag-EMA的趋势跟踪策略Zero-Lag-EMA-Trend-Following-Strategy.md,variant_or_duplicate,moving_average_crossover,moving-average-crossover-2026-08-31.md
指数均线交叉B-Xtrender策略B-Xtrender-Exponential-Moving-Average-Crossover-Strategy.md,variant_or_duplicate,moving_average_crossover,moving-average-crossover-2026-08-31.md
多均线趋势跟踪与ATR动态目标策略-Multi-EMA-Trend-Following-Strategy-with-Dynamic-ATR-Targets.md,variant_or_duplicate,moving_average_crossover,moving-average-crossover-2026-08-31.md
移动平均线双轨与趋势跟踪策略Dual-Moving-Average-Channel-with-Trend-Tracking-Strategy.md,variant_or_duplicate,moving_average_crossover,moving-average-crossover-2026-08-31.md
市云转向指标改良型多空交叉交易策略-Enhanced-Ichimoku-Cloud-Trading-Strategy-with-Dynamic-Crossover-Signals.md,variant_or_duplicate,moving_average_crossover,moving-average-crossover-2026-08-31.md
交叉突破型双均线系统策略-Cross-Breakout-Dual-EMA-System-Strategy.md,variant_or_duplicate,moving_average_crossover,moving-average-crossover-2026-08-31.md
双均线趋势跟踪交易系统与自适应动态过滤策略-Dual-Moving-Average-Trend-Following-System-with-Adaptive-Dynamic-Filtering-Strategy.md,variant_or_duplicate,moving_average_crossover,moving-average-crossover-2026-08-31.md
MA-CROSSOVER.md,variant_or_duplicate,moving_average_crossover,moving-average-crossover-2026-08-31.md
双EMA跨度交易策略Dual-EMA-Crossover-Trading-Strategy.md,variant_or_duplicate,moving_average_crossover,moving-average-crossover-2026-08-31.md
移动平均交叉量化策略Moving-Average-Crossover-Quantitative-Strategy.md,variant_or_duplicate,moving_average_crossover,moving-average-crossover-2026-08-31.md
双均线价格通道交易策略Dual-Moving-Average-Price-Channel-Trading-Strategy.md,variant_or_duplicate,moving_average_crossover,moving-average-crossover-2026-08-31.md
SMA双均线交易策略-SMA-Dual-Moving-Average-Trading-Strategy.md,variant_or_duplicate,moving_average_crossover,moving-average-crossover-2026-08-31.md
交叉均线与平安蜡烛动量策略-Crossover-Moving-Average-with-Smoothed-Candlestick-Momentum-Strategy.md,variant_or_duplicate,moving_average_crossover,moving-average-crossover-2026-08-31.md
基于平均方向指数过滤器的均线拒绝策略-MA-Rejection-Strategy-with-ADX-Filter.md,variant_or_duplicate,moving_average_crossover,moving-average-crossover-2026-08-31.md
双均线套利策略Dual-Moving-Average-Arbitrage-Strategy.md,variant_or_duplicate,moving_average_crossover,moving-average-crossover-2026-08-31.md
双均线紧缩趋势追踪策略Dual-Moving-Average-Convergence-Trend-Tracking-Strategy.md,variant_or_duplicate,moving_average_crossover,moving-average-crossover-2026-08-31.md
动态趋势突破型指数平滑移动均线交叉策略-Dynamic-Trend-Breakthrough-Exponential-Moving-Average-Crossover-Strategy.md,variant_or_duplicate,moving_average_crossover,moving-average-crossover-2026-08-31.md
并联移动平均线与无限脉冲响应均线策略Combined-Moving-Average-and-Infinite-Impulse-Response-Line-Strategy.md,variant_or_duplicate,moving_average_crossover,moving-average-crossover-2026-08-31.md
双重链条混合动量均线跟踪交易系统-Dual-Chain-Hybrid-Momentum-EMA-Tracking-Trading-System.md,variant_or_duplicate,moving_average_crossover,moving-average-crossover-2026-08-31.md
历史新高突破结合月线均线过滤的趋势跟踪量化交易策略-Historical-High-Breakthrough-with-Monthly-Moving-Average-Filter-Trend-Following-Strategy.md,variant_or_duplicate,moving_average_crossover,moving-average-crossover-2026-08-31.md
季度EMA动态回撤交易系统-Quarterly-EMA-Pullback-Trading-System.md,variant_or_duplicate,moving_average_crossover,moving-average-crossover-2026-08-31.md
基于两条不同参数渐变均线交易策略Meticulous-EMA-Crossover-Strategy.md,variant_or_duplicate,moving_average_crossover,moving-average-crossover-2026-08-31.md
基于MFI和MA的量化反转策略MFI-and-MA-Based-Quantitative-Reversal-Strategy.md,variant_or_duplicate,moving_average_crossover,moving-average-crossover-2026-08-31.md
均线通道突破策略Moving-Average-Channel-Breakout-Strategy.md,variant_or_duplicate,moving_average_crossover,moving-average-crossover-2026-08-31.md
高级双均线与超级趋势组合交易策略-Advanced-Dual-EMA-and-Supertrend-Combination-Trading-Strategy.md,variant_or_duplicate,moving_average_crossover,moving-average-crossover-2026-08-31.md
双均线交叉策略Dual-Moving-Average-Crossover-Strategy.md,variant_or_duplicate,moving_average_crossover,moving-average-crossover-2026-08-31.md
Adaptive-FVG-Detection-and-MA-Trend-Trading-Strategy-with-Dynamic-Resistance-基于时适-FVG-检测与移动平均趋势的动态阻力交易策略.md,variant_or_duplicate,moving_average_crossover,moving-average-crossover-2026-08-31.md
动态移动平均线跟踪策略Dynamic-Moving-Average-Tracking-Strategy.md,variant_or_duplicate,moving_average_crossover,moving-average-crossover-2026-08-31.md
海龟突破EMA交叉策略Turtle-Breakout-EMA-Cross-Strategy.md,variant_or_duplicate,moving_average_crossover,moving-average-crossover-2026-08-31.md
SMK-ULTRA-TREND-双均线交叉策略SMK-ULTRA-TREND-Dual-Moving-Average-Crossover-Strategy.md,variant_or_duplicate,moving_average_crossover,moving-average-crossover-2026-08-31.md
多重移动平均与随机震荡交叉量化策略-Multiple-Moving-Average-and-Stochastic-Oscillator-Crossover-Quantitative-Strategy.md,variant_or_duplicate,moving_average_crossover,moving-average-crossover-2026-08-31.md
G趋势EMA-ATR智能交易策略G-Trend-EMA-ATR-Intelligent-Trading-Strategy.md,variant_or_duplicate,moving_average_crossover,moving-average-crossover-2026-08-31.md
自适应指数平均线范围策略Adaptive-Exponential-Moving-Average-Range-Strategy.md,variant_or_duplicate,moving_average_crossover,moving-average-crossover-2026-08-31.md
基于月季线均线操作的量化交易策略Quant-Trading-Strategy-Based-on-Monthly-and-Quarterly-Moving-Average-Operation.md,variant_or_duplicate,moving_average_crossover,moving-average-crossover-2026-08-31.md
Fukuiz-Octa-EMA-Ichimoku.md,variant_or_duplicate,moving_average_crossover,moving-average-crossover-2026-08-31.md
指数移动平均线交叉量化交易策略-Exponential-Moving-Average-Crossover-Quantitative-Trading-Strategy.md,variant_or_duplicate,moving_average_crossover,moving-average-crossover-2026-08-31.md
基于SMA交叉策略SMA-Crossover-Strategy.md,variant_or_duplicate,moving_average_crossover,moving-average-crossover-2026-08-31.md
多重移动平均线趋势跟随策略Super-Trend-Following-Strategy-Based-on-Moving-Averages.md,variant_or_duplicate,moving_average_crossover,moving-average-crossover-2026-08-31.md
基于SMA均线交叉的量化交易策略SMA-Crossover-Based-Quantitative-Trading-Strategy.md,variant_or_duplicate,moving_average_crossover,moving-average-crossover-2026-08-31.md
追踪金本位价值的动态移动平均线策略Daily-Moving-Average-Tracking-Strategy-for-Gold-Value.md,variant_or_duplicate,moving_average_crossover,moving-average-crossover-2026-08-31.md
高频动态多指标均线交叉策略-High-Frequency-Dynamic-Multi-Indicator-Moving-Average-Crossover-Strategy.md,variant_or_duplicate,moving_average_crossover,moving-average-crossover-2026-08-31.md
双移动平均线穿越与威廉姆斯指标组合策略Dual-Moving-Average-Crossover-and-Williams-Indicator-Combo-Strategy.md,variant_or_duplicate,moving_average_crossover,moving-average-crossover-2026-08-31.md
基于双均线交叉的交易策略A-Trading-Strategy-Based-on-Dual-Moving-Average-Crossover.md,variant_or_duplicate,moving_average_crossover,moving-average-crossover-2026-08-31.md
基于均线交叉的趋势反转策略MA-and-EMA-Crossover-Trend-Reversal-Strategy.md,variant_or_duplicate,moving_average_crossover,moving-average-crossover-2026-08-31.md
移动平均线趋势跟踪策略Trend-Following-SMA-Strategy.md,variant_or_duplicate,moving_average_crossover,moving-average-crossover-2026-08-31.md
双向趋势追踪均线交叉策略Bi-Directional-Trend-Tracking-Moving-Average-Crossover-Strategy.md,variant_or_duplicate,moving_average_crossover,moving-average-crossover-2026-08-31.md
EMA均线交叉与短期信号策略-EMA-Crossover-with-Short-term-Signals-Strategy.md,variant_or_duplicate,moving_average_crossover,moving-average-crossover-2026-08-31.md
多重均线与ATR动态波动策略-Multi-Moving-Average-ATR-Dynamic-Volatility-Strategy.md,variant_or_duplicate,moving_average_crossover,moving-average-crossover-2026-08-31.md
基于V型反转指标SMA策略V-Reversal-SMA-Strategy.md,variant_or_duplicate,moving_average_crossover,moving-average-crossover-2026-08-31.md
黄金交叉短期突破策略Short-term-Breakthrough-Strategy-Based-on-Golden-Crossover.md,variant_or_duplicate,moving_average_crossover,moving-average-crossover-2026-08-31.md
T-Step-LSMA.md,variant_or_duplicate,moving_average_crossover,moving-average-crossover-2026-08-31.md
多维度动态ICT交易策略结合吞没形态与供需区域分析系统-Multi-Dimensional-Dynamic-ICT-Trading-Strategy-with-Engulfing-Patterns-and-Supply-Demand-Zone-Analysis-System.md,variant_or_duplicate,moving_average_crossover,moving-average-crossover-2026-08-31.md
黄金交叉与死叉双均线交叉交易策略Double-Hull-Moving-Average-Crossover-Trading-Strategy.md,variant_or_duplicate,moving_average_crossover,moving-average-crossover-2026-08-31.md
基于不同周期的均线交叉策略Crossing-Moving-Average-Strategy.md,variant_or_duplicate,moving_average_crossover,moving-average-crossover-2026-08-31.md
双移动平均线金叉死叉交易策略Dual-Moving-Average-Crossover-Trading-Strategy.md,variant_or_duplicate,moving_average_crossover,moving-average-crossover-2026-08-31.md
SMA双均线交叉策略-SMA-Dual-Moving-Average-Crossover-Strategy.md,variant_or_duplicate,moving_average_crossover,moving-average-crossover-2026-08-31.md
双移动均线趋势跟踪策略Dual-Moving-Average-Trend-Tracking-Strategy.md,variant_or_duplicate,moving_average_crossover,moving-average-crossover-2026-08-31.md
Hull移动平均振荡交易策略Hull-Moving-Average-Swing-Trading-Strategy.md,variant_or_duplicate,moving_average_crossover,moving-average-crossover-2026-08-31.md
多周期均线交叉与波动率过滤动态策略-Multi-Period-Moving-Average-Crossover-Strategy-with-Dynamic-Volatility-Filter.md,variant_or_duplicate,moving_average_crossover,moving-average-crossover-2026-08-31.md
移动平均与相对强弱指标策略Moving-Average-Relative-Strength-Index-Strategy.md,variant_or_duplicate,moving_average_crossover,moving-average-crossover-2026-08-31.md
长期趋势SMA均线交叉量化策略-Long-term-Trend-SMA-Crossover-Quantitative-Strategy.md,variant_or_duplicate,moving_average_crossover,moving-average-crossover-2026-08-31.md
基于双移动平均线交易策略Dual-Moving-Average-Trading-Strategy.md,variant_or_duplicate,moving_average_crossover,moving-average-crossover-2026-08-31.md
双均线黄金交叉趋势追踪策略Dual-Moving-Average-Golden-Cross-Trend-Trading-Strategy.md,variant_or_duplicate,moving_average_crossover,moving-average-crossover-2026-08-31.md
多重均线趋势追踪与风控优化量化交易策略-Multi-Moving-Average-Trend-Following-and-Risk-Management-Quantitative-Trading-Strategy.md,variant_or_duplicate,moving_average_crossover,moving-average-crossover-2026-08-31.md
基于SuperTrend和DEMA的趋势跟踪策略SuperTrend-and-DEMA-Based-Trend-Following-Strategy.md,variant_or_duplicate,moving_average_crossover,moving-average-crossover-2026-08-31.md
移动平均线回抽策略Snap-Back-Moving-Average-Counter-trend-Strategy.md,variant_or_duplicate,moving_average_crossover,moving-average-crossover-2026-08-31.md
动量均线交叉买卖策略Momentum-Moving-Average-Crossover-Trading-Strategy.md,variant_or_duplicate,moving_average_crossover,moving-average-crossover-2026-08-31.md
螺旋十字星与移动平均确认策略Spiral-Cross-Strategy-with-Moving-Average-Confirmation.md,variant_or_duplicate,moving_average_crossover,moving-average-crossover-2026-08-31.md
多周期指数移动平均云趋势跟踪做空策略-Multi-Timeframe-EMA-Cloud-Trend-Following-Short-Strategy.md,variant_or_duplicate,moving_average_crossover,moving-average-crossover-2026-08-31.md
基于移动均线K线与超趋止损的趋势追踪策略Trend-Following-Strategy-Based-on-MA-Candles-and-Supertrend.md,variant_or_duplicate,moving_average_crossover,moving-average-crossover-2026-08-31.md
基于EMA和蜡烛图的动态价格跟踪趋势交易策略-EMA-and-Candlestick-Based-Dynamic-Price-Trend-Following-Strategy.md,variant_or_duplicate,moving_average_crossover,moving-average-crossover-2026-08-31.md
动量趋势型SuperTrend与随机指标交叉策略-Momentum-Trend-Following-SuperTrend-and-Stochastic-Crossover-Strategy.md,variant_or_duplicate,moving_average_crossover,moving-average-crossover-2026-08-31.md
动态趋势跟踪EMA交叉策略-Dynamic-Trend-Following-EMA-Crossover-Strategy.md,variant_or_duplicate,moving_average_crossover,moving-average-crossover-2026-08-31.md
高低TEMA平均值震荡策略Oscillation-Strategy-of-High-and-Low-TEMA-Average.md,variant_or_duplicate,moving_average_crossover,moving-average-crossover-2026-08-31.md
基于EMA和斐波那契回撤的下跌趋势策略Short-term-Down-Trend-Strategy-Based-on-EMA-and-Adaptive-Fibonacci-Retracement.md,variant_or_duplicate,moving_average_crossover,moving-average-crossover-2026-08-31.md
反转交叉捕捉策略Price-Reversal-with-Crossover-Capturing-Strategy.md,variant_or_duplicate,moving_average_crossover,moving-average-crossover-2026-08-31.md
基于9日EMA的突破回调交易策略9-day-EMA-Breakout-Pullback-Trading-Strategy.md,variant_or_duplicate,moving_average_crossover,moving-average-crossover-2026-08-31.md
双均线交叉黄金交叉量化策略Dual-Moving-Average-Golden-Cross-Quantitative-Strategy.md,variant_or_duplicate,moving_average_crossover,moving-average-crossover-2026-08-31.md
双均线交叉突破策略-Dual-Moving-Average-Crossover-Breakout-Strategy.md,variant_or_duplicate,moving_average_crossover,moving-average-crossover-2026-08-31.md
三重EMA叠加突破策略Triple-EMA-Crossover-Breakout-Strategy.md,variant_or_duplicate,moving_average_crossover,moving-average-crossover-2026-08-31.md
基于多均线系统的组合交易策略Combined-Moving-Average-Crossover-Strategy.md,variant_or_duplicate,moving_average_crossover,moving-average-crossover-2026-08-31.md
滑动平均线捕捉策略Momentum-Capture-Strategy-Based-on-Moving-Average.md,variant_or_duplicate,moving_average_crossover,moving-average-crossover-2026-08-31.md
价格突破移动平均线的趋势跟踪策略Price-Crossing-Moving-Average-Trend-Following-Strategy.md,variant_or_duplicate,moving_average_crossover,moving-average-crossover-2026-08-31.md
EMA动态趋势追踪交易策略-EMA-Dynamic-Trend-Following-Trading-Strategy.md,variant_or_duplicate,moving_average_crossover,moving-average-crossover-2026-08-31.md
均线震荡突破HODL策略Moving-Average-Oscillation-HODL-Strategy.md,variant_or_duplicate,moving_average_crossover,moving-average-crossover-2026-08-31.md
基于均线斜率和交叉的趋势交易策略EMA-Slope-and-Cross-Trend-Trading-Strategy.md,variant_or_duplicate,moving_average_crossover,moving-average-crossover-2026-08-31.md
多周期均线配合斐波那契回调与枢轴点交易策略-Multi-Timeframe-EMA-with-Fibonacci-Retracement-and-Pivot-Points-Trading-Strategy.md,variant_or_duplicate,moving_average_crossover,moving-average-crossover-2026-08-31.md
TRAMA双均线交叉智能量化交易策略-TRAMA-Dual-Moving-Average-Crossover-Intelligent-Quantitative-Trading-Strategy.md,variant_or_duplicate,moving_average_crossover,moving-average-crossover-2026-08-31.md
基于均线和EMA的跨时间框架趋势策略Multi-Timeframe-Moving-Average-and-EMA-Based-Trend-Strategy.md,variant_or_duplicate,moving_average_crossover,moving-average-crossover-2026-08-31.md
移动均线交叉趋势策略Moving-Average-Crossover-Strategy.md,variant_or_duplicate,moving_average_crossover,moving-average-crossover-2026-08-31.md
多重均线交叉动态趋势捕捉量化交易策略-Multi-EMA-Dynamic-Trend-Capture-Quantitative-Trading-Strategy.md,variant_or_duplicate,moving_average_crossover,moving-average-crossover-2026-08-31.md
动量指标移动平均线交叉趋势跟踪策略Momentum-Moving-Average-Crossover-Trend-Following-Strategy.md,variant_or_duplicate,moving_average_crossover,moving-average-crossover-2026-08-31.md
双均线交叉短线策略Dual-Moving-Average-Crossover-Scalping-Strategy.md,variant_or_duplicate,moving_average_crossover,moving-average-crossover-2026-08-31.md
指数移动平均线交叉脉冲趋势分析交易策略-Exponential-Moving-Average-Cross-Impulsive-Trend-Analysis-Trading-Strategy.md,variant_or_duplicate,moving_average_crossover,moving-average-crossover-2026-08-31.md
移动平均线交叉多周期策略Moving-Average-Crossover-Multi-Timeframe-Strategy.md,variant_or_duplicate,moving_average_crossover,moving-average-crossover-2026-08-31.md
高低突破策略结合Alpha趋势和移动平均线过滤-High-Low-Breakout-Strategy-with-Alpha-Trend-and-Moving-Average-Filter.md,variant_or_duplicate,moving_average_crossover,moving-average-crossover-2026-08-31.md
一种双均线交易策略Dual-Moving-Average-Crossover-Strategy.md,variant_or_duplicate,moving_average_crossover,moving-average-crossover-2026-08-31.md
基于周线EMA的日内交易策略Daily-Trading-Strategy-Based-on-Weekly-EMAs.md,variant_or_duplicate,moving_average_crossover,moving-average-crossover-2026-08-31.md
多重技术指标智能波动突破策略-Multi-Technical-Indicator-Smart-Volatility-Breakout-Strategy.md,variant_or_duplicate,moving_average_crossover,moving-average-crossover-2026-08-31.md
基于动态均线交叉策略Dynamic-Moving-Average-Crossover-Strategy.md,variant_or_duplicate,moving_average_crossover,moving-average-crossover-2026-08-31.md
双EMA突破交易策略Dual-EMA-Crossover-Trading-Strategy.md,variant_or_duplicate,moving_average_crossover,moving-average-crossover-2026-08-31.md
多指标动态交叉趋势跟踪量化策略分析-Multi-Indicator-Dynamic-Crossover-Trend-Following-Quantitative-Strategy-Analysis.md,variant_or_duplicate,moving_average_crossover,moving-average-crossover-2026-08-31.md
移动平均线交叉趋势跟踪策略-Moving-Average-Crossover-Trend-Following-Strategy.md,variant_or_duplicate,moving_average_crossover,moving-average-crossover-2026-08-31.md
指数移动平均突破倒轨交易系统-Exponential-Moving-Average-Breakout-Reversal-Trading-System.md,variant_or_duplicate,moving_average_crossover,moving-average-crossover-2026-08-31.md
加权移动平均线和相对强弱指数交叉策略与风险管理优化系统Weighted-Moving-Average-and-Relative-Strength-Index-Crossover-Strategy-with-Risk-Management-Optimization-System.md,variant_or_duplicate,moving_average_crossover,moving-average-crossover-2026-08-31.md
Moving-Average-Cross.md,variant_or_duplicate,moving_average_crossover,moving-average-crossover-2026-08-31.md
三重超势指标与指数移动平均线趋势跟踪量化交易策略-Triple-Supertrend-and-Exponential-Moving-Average-Trend-Following-Quantitative-Trading-Strategy.md,variant_or_duplicate,moving_average_crossover,moving-average-crossover-2026-08-31.md
基于EMA和SMA交叉的趋势跟踪策略Trend-Following-Strategy-Based-on-EMA-and-SMA-Crossover.md,variant_or_duplicate,moving_average_crossover,moving-average-crossover-2026-08-31.md
复合趋势均线反转交易策略-Composite-Trend-Moving-Average-Reversal-Trading-Strategy.md,variant_or_duplicate,moving_average_crossover,moving-average-crossover-2026-08-31.md
动态趋势跟踪与波动率过滤策略基于ADX与CI双重确认的均线交叉系统-Dynamic-Trend-Following-with-Volatility-Filtering-ADX-and-CI-Dual-Confirmed-Moving-Average-Crossover-System.md,variant_or_duplicate,moving_average_crossover,moving-average-crossover-2026-08-31.md
基于HULL-SMA和EMA交叉的趋势策略Trend-Strategy-Based-on-HULL-SMA-and-EMA-Crossover.md,variant_or_duplicate,moving_average_crossover,moving-average-crossover-2026-08-31.md
多重均线交叉信号优化交易策略-Multiple-Moving-Average-Crossover-Signal-Enhanced-Trading-Strategy.md,variant_or_duplicate,moving_average_crossover,moving-average-crossover-2026-08-31.md
EMA-SMA多指标综合趋势跟踪策略-EMA-SMA-Multi-Indicator-Comprehensive-Trend-Following-Strategy.md,variant_or_duplicate,moving_average_crossover,moving-average-crossover-2026-08-31.md
四重指数移动平均线交易策略Quadriple-Exponential-Moving-Average-Trading-Strategy.md,variant_or_duplicate,moving_average_crossover,moving-average-crossover-2026-08-31.md
基于Hull移动平均线的反射型EMA趋势判定策略-Reflected-EMA-Trend-Determination-Strategy-Based-on-Hull-Moving-Averages.md,variant_or_duplicate,moving_average_crossover,moving-average-crossover-2026-08-31.md
移动平均K线回归策略Moving-Average-Candle-Regression-Strategy.md,variant_or_duplicate,moving_average_crossover,moving-average-crossover-2026-08-31.md
基于移动平均交叉的风险收益比优化策略-Risk-Reward-Ratio-Optimized-Strategy-Based-on-Moving-Average-Crossover.md,variant_or_duplicate,moving_average_crossover,moving-average-crossover-2026-08-31.md
CCI双均线交叉回撤买入策略-CCI-MA-Crossover-Pullback-Buy-Strategy.md,variant_or_duplicate,moving_average_crossover,moving-average-crossover-2026-08-31.md
多均线趋势动量交叉交易系统-Multi-EMA-Trend-Momentum-Crossover-Trading-System.md,variant_or_duplicate,moving_average_crossover,moving-average-crossover-2026-08-31.md
基于多均线的趋势交易策略-Multi-Moving-Average-Trend-Trading-Strategy.md,variant_or_duplicate,moving_average_crossover,moving-average-crossover-2026-08-31.md
多周期市场动量交叉策略-Multi-Timeframe-Market-Momentum-Crossover-Strategy.md,variant_or_duplicate,moving_average_crossover,moving-average-crossover-2026-08-31.md
双均线动态趋势跟踪与智能风控策略-Dynamic-Dual-SMA-Trend-Following-Strategy-with-Smart-Risk-Management.md,variant_or_duplicate,moving_average_crossover,moving-average-crossover-2026-08-31.md
Hull移动平均的趋势跟踪策略Hull-Moving-Average-Trend-Following-Strategy.md,variant_or_duplicate,moving_average_crossover,moving-average-crossover-2026-08-31.md
移动平均线反弹策略Exponential-Moving-Average-Bounce-Strategy.md,variant_or_duplicate,moving_average_crossover,moving-average-crossover-2026-08-31.md
移动平均线交叉交易策略Moving-Average-Crossover-Trading-Strategy.md,variant_or_duplicate,moving_average_crossover,moving-average-crossover-2026-08-31.md
均自适应通道价格突破策略Adaptive-Moving-Average-Channel-Breakout-Strategy.md,variant_or_duplicate,moving_average_crossover,moving-average-crossover-2026-08-31.md
守金均线量化交易策略Trend-Following-Quant-Trading-Strategy-Based-on-Moving-Average.md,variant_or_duplicate,moving_average_crossover,moving-average-crossover-2026-08-31.md
常用移动平均线交叉策略Moving-Average-Crossover-Strategy.md,variant_or_duplicate,moving_average_crossover,moving-average-crossover-2026-08-31.md
四小时Stochastic-EMA趋势策略4-Hour-Stochastic-EMA-Trend-Strategy.md,variant_or_duplicate,moving_average_crossover,moving-average-crossover-2026-08-31.md
单均点横盘突破策略Single-Point-Moving-Average-Breakout-Strategy.md,variant_or_duplicate,moving_average_crossover,moving-average-crossover-2026-08-31.md
多级移势均线交易策略Multi-level-Shift-Moving-Average-Trading-Strategy.md,variant_or_duplicate,moving_average_crossover,moving-average-crossover-2026-08-31.md
双均线自适应优化策略与动态止盈止损系统-Dual-EMA-Adaptive-Optimization-Strategy-with-Dynamic-Stop-Management-System.md,variant_or_duplicate,moving_average_crossover,moving-average-crossover-2026-08-31.md
动静交织的移动平均线交叉策略The-Interwoven-Moving-Average-Crossover-Strategy.md,variant_or_duplicate,moving_average_crossover,moving-average-crossover-2026-08-31.md
双移动平均量化交易策略An-Optimization-of-Dual-Moving-Average-Trend-Following-Strategy-Based-on-Indicators-Combination.md,variant_or_duplicate,moving_average_crossover,moving-average-crossover-2026-08-31.md
多因子组合自适应移动平均策略A-Multi-Factor-Combination-Strategy-with-Adaptive-Moving-Average.md,variant_or_duplicate,moving_average_crossover,moving-average-crossover-2026-08-31.md
KDJ趋势跟踪与信号移动平均策略-KDJ-Trending-View-with-Signals-and-MA-Strategy.md,variant_or_duplicate,moving_average_crossover,moving-average-crossover-2026-08-31.md
动量指标与恐慌指数交叉策略Momentum-and-Fear-Index-Crossover-Strategy.md,variant_or_duplicate,moving_average_crossover,moving-average-crossover-2026-08-31.md
反转突破加权移动均线策略Weighted-Moving-Average-Breakout-Reversal-Strategy.md,variant_or_duplicate,moving_average_crossover,moving-average-crossover-2026-08-31.md
移动平均位移包络线策略Moving-Average-Displaced-Envelope-Strategy.md,variant_or_duplicate,moving_average_crossover,moving-average-crossover-2026-08-31.md
多重EMA交叉结合斐波那契扩展的趋势跟踪策略-Multi-EMA-Crossover-with-Fibonacci-Extension-Trend-Following-Strategy.md,variant_or_duplicate,moving_average_crossover,moving-average-crossover-2026-08-31.md
基于均线的震荡突破策略Oscillation-Breakthrough-Strategy-Based-on-Moving-Average.md,variant_or_duplicate,moving_average_crossover,moving-average-crossover-2026-08-31.md
动态SMMA与SMA交叉策略Dynamic-SMMA-and-SMA-Crossover-Strategy.md,variant_or_duplicate,moving_average_crossover,moving-average-crossover-2026-08-31.md
动态趋势跟踪多周期均线交叉策略-Dynamic-Trend-Following-Multi-Period-Moving-Average-Crossover-Strategy.md,variant_or_duplicate,moving_average_crossover,moving-average-crossover-2026-08-31.md
基于SAR指标-CCI指标的EMA黄金交易策略Parabolic-SAR-and-CCI-Strategy-with-EMA-Exit-for-Gold-Trading.md,variant_or_duplicate,moving_average_crossover,moving-average-crossover-2026-08-31.md
动量均线BREAK策略Momentum-Moving-Average-Breakout-Strategy.md,variant_or_duplicate,moving_average_crossover,moving-average-crossover-2026-08-31.md
线性回归与双均线短线策略-Linear-Regression-and-Dual-Moving-Average-Short-Term-Strategy.md,variant_or_duplicate,moving_average_crossover,moving-average-crossover-2026-08-31.md
基于平滑均线的启源阿须策略Origix-Ashi-Strategy-Based-on-Smoothed-Moving-Average.md,variant_or_duplicate,moving_average_crossover,moving-average-crossover-2026-08-31.md
The-SMA-3-Trading-Strategy.md,variant_or_duplicate,moving_average_crossover,moving-average-crossover-2026-08-31.md
EMA-200-交叉量价趋势策略EMA-200-Crossover-with-Volume-and-Trend-Strategy.md,variant_or_duplicate,moving_average_crossover,moving-average-crossover-2026-08-31.md
基于多EMA买入策略Multiple-EMA-Buy-Strategy.md,variant_or_duplicate,moving_average_crossover,moving-average-crossover-2026-08-31.md
均线震荡AO指标交易策略Moving-Average-AO-Indicator-Trading-Strategy.md,variant_or_duplicate,moving_average_crossover,moving-average-crossover-2026-08-31.md
Heikin-Ashi-HighLow通道动态均线交易策略Heikin-Ashi-HighLow-Channel-Dynamic-Moving-Average-Trading-Strategy.md,variant_or_duplicate,moving_average_crossover,moving-average-crossover-2026-08-31.md
基于移动平均线交叉突破策略Crossing-Moving-Average-Breakout-Strategy.md,variant_or_duplicate,moving_average_crossover,moving-average-crossover-2026-08-31.md
三时间框架平滑异同平均线交叉策略Multi-Timeframe-Heiken-Ashi-Crossover-Strategy.md,variant_or_duplicate,moving_average_crossover,moving-average-crossover-2026-08-31.md
多重EMA交叉趋势跟踪量化交易策略-Multi-EMA-Crossover-Trend-Following-Quantitative-Trading-Strategy.md,variant_or_duplicate,moving_average_crossover,moving-average-crossover-2026-08-31.md
动量均线信封交易策略Moving-Average-Envelopes-Trading-Strategy.md,variant_or_duplicate,moving_average_crossover,moving-average-crossover-2026-08-31.md
基于CMO和WMA的双均线交易策略CMO-and-WMA-Based-Dual-Moving-Average-Trading-Strategy.md,variant_or_duplicate,moving_average_crossover,moving-average-crossover-2026-08-31.md
多重均线趋势跟踪与反转模式识别策略-Multi-Moving-Average-Trend-Following-and-Reversal-Pattern-Recognition-Strategy.md,variant_or_duplicate,moving_average_crossover,moving-average-crossover-2026-08-31.md
多重EMA均线交叉趋势跟踪策略Multi-EMA-Crossover-Trend-Following-Strategy.md,variant_or_duplicate,moving_average_crossover,moving-average-crossover-2026-08-31.md
双指数移动平均量化交易策略Double-Exponential-Moving-Average-Quant-Trading-Strategy.md,variant_or_duplicate,moving_average_crossover,moving-average-crossover-2026-08-31.md
霍尔移动平均线过滤策略Hull-Filter-Moving-Average-Strategy.md,variant_or_duplicate,moving_average_crossover,moving-average-crossover-2026-08-31.md
基于动量与均线组合的多重技术指标趋势跟踪策略-Multi-Technical-Indicator-Momentum-MA-Trend-Following-Strategy.md,variant_or_duplicate,moving_average_crossover,moving-average-crossover-2026-08-31.md
移动平均线动态止盈策略Moving-Average-Strategy-with-Dynamic-Profit-Target.md,variant_or_duplicate,moving_average_crossover,moving-average-crossover-2026-08-31.md
基于三重指数移动平均和线性回归的趋势跟踪策略Trend-Following-Strategy-Based-on-Triple-EMA-and-Linear-Regression.md,variant_or_duplicate,moving_average_crossover,moving-average-crossover-2026-08-31.md
Eleven-Moving-Averages-Crossover-Strategy十一条移动平均线组合交叉策略.md,variant_or_duplicate,moving_average_crossover,moving-average-crossover-2026-08-31.md
三重指数移动平均与三重相对移动平均自适应通道交叉策略-Triple-EMA-and-Triple-RMA-Adaptive-Channel-Crossover-Strategy.md,variant_or_duplicate,moving_average_crossover,moving-average-crossover-2026-08-31.md
基于TSI指标和Hull移动平均线的量化策略-Quantitative-Trading-Strategy-Based-on-TSI-Indicator-and-Hull-Moving-Average.md,variant_or_duplicate,moving_average_crossover,moving-average-crossover-2026-08-31.md
多周期均线趋势跟踪与支阻系统结合的混合交易策略-Multi-Period-EMA-Trend-Following-with-Support-Resistance-Hybrid-Trading-System.md,variant_or_duplicate,moving_average_crossover,moving-average-crossover-2026-08-31.md
基于移动快慢均线交叉策略Moving-Average-Crossover-Strategy.md,variant_or_duplicate,moving_average_crossover,moving-average-crossover-2026-08-31.md
动量均线交叉策略A-Momentum-Crossover-Strategy-Based-on-Exponential-Moving-Average.md,variant_or_duplicate,moving_average_crossover,moving-average-crossover-2026-08-31.md
优化EMA黄金交叉策略Optimized-EMA-Crossover-Strategy.md,variant_or_duplicate,moving_average_crossover,moving-average-crossover-2026-08-31.md
均线交叉策略Moving-Average-Crossover-Strategy.md,variant_or_duplicate,moving_average_crossover,moving-average-crossover-2026-08-31.md
双均线趋势跟踪策略Double-Moving-Average-Trend-Following-Strategy.md,variant_or_duplicate,moving_average_crossover,moving-average-crossover-2026-08-31.md
基于20日EMA通道的交易策略All-about-EMA-Channel-Trading-Strategy.md,variant_or_duplicate,moving_average_crossover,moving-average-crossover-2026-08-31.md
SMA均线交叉策略SMA-Moving-Average-Crossover-Strategy.md,variant_or_duplicate,moving_average_crossover,moving-average-crossover-2026-08-31.md
基于Renko砖和TEMA指标的微利策略Renko-Boxes-and-TEMA-Indicator-Micro-Profit-Strategy.md,variant_or_duplicate,moving_average_crossover,moving-average-crossover-2026-08-31.md
多时间周期标准偏差K线交叉策略Multi-Timeframe-Stochastic-Crossover-Strategy.md,variant_or_duplicate,moving_average_crossover,moving-average-crossover-2026-08-31.md
双均线Stoch指标组合交易策略Dual-MA-Stoch-Indicators-Combo-Trading-Strategy.md,variant_or_duplicate,moving_average_crossover,moving-average-crossover-2026-08-31.md
双平滑均线振荡器股票策略Dual-Moving-Average-Oscillator-Stock-Strategy.md,variant_or_duplicate,moving_average_crossover,moving-average-crossover-2026-08-31.md
多类型移动平均线交易策略Dual-Moving-Average-Crossover-Strategy-with-Multi-Type-Moving-Averages.md,variant_or_duplicate,moving_average_crossover,moving-average-crossover-2026-08-31.md
动态双重指数平滑均线交易策略Dynamic-Dual-Exponential-Moving-Average-Trading-Strategy.md,variant_or_duplicate,moving_average_crossover,moving-average-crossover-2026-08-31.md
动态均线跟踪策略Dynamic-Moving-Average-Tracking-Strategy.md,variant_or_duplicate,moving_average_crossover,moving-average-crossover-2026-08-31.md
基于双均线交叉量化策略The-EMA-Cross-Quantitative-Strategy.md,variant_or_duplicate,moving_average_crossover,moving-average-crossover-2026-08-31.md
均线交易策略Trend-Trading-Strategy-Based-on-Moving-Average.md,variant_or_duplicate,moving_average_crossover,moving-average-crossover-2026-08-31.md
双均线交叉自适应动态止盈止损策略-Dual-Moving-Average-Crossover-Strategy-with-Dynamic-Risk-Management.md,variant_or_duplicate,moving_average_crossover,moving-average-crossover-2026-08-31.md
动态指数均线交叉策略结合ADX趋势强度过滤系统-Dynamic-EMA-Crossover-Strategy-with-ADX-Trend-Strength-Filtering-System.md,variant_or_duplicate,moving_average_crossover,moving-average-crossover-2026-08-31.md
SMA交叉多空策略结合峰值回撤控制与自动终止-SMA-Crossover-Long-Short-Strategy-with-Peak-Drawdown-Control-and-Auto-Termination.md,variant_or_duplicate,moving_average_crossover,moving-average-crossover-2026-08-31.md
EMA-SMA-CCI-ATR-均线完美排列策略与趋势魔法指标自动交易系统-EMA-SMA-CCI-ATR-Perfect-Order-Moving-Average-Strategy-with-Trend-Magic-Indicator-Auto-Trading-System.md,variant_or_duplicate,moving_average_crossover,moving-average-crossover-2026-08-31.md
智能交易动量均线混合策略-Smart-Trading-Momentum-and-Moving-Average-Hybrid-Strategy.md,variant_or_duplicate,moving_average_crossover,moving-average-crossover-2026-08-31.md
基于OBV与MA交叉信号的趋势跟踪策略-Trend-Following-Strategy-Based-on-OBV-and-MA-Crossover-Signals.md,variant_or_duplicate,moving_average_crossover,moving-average-crossover-2026-08-31.md
基于移动平均线的量化交易策略Quantitative-Trading-Strategy-Based-on-Moving-Average.md,variant_or_duplicate,moving_average_crossover,moving-average-crossover-2026-08-31.md
双均线价格通道趋势追踪策略Trend-Trading-Strategy-Based-on-Price-Channel-of-Double-Moving-Averages.md,variant_or_duplicate,moving_average_crossover,moving-average-crossover-2026-08-31.md
三重EMA交叉策略Triple-EMA-Crossover-Strategy.md,variant_or_duplicate,moving_average_crossover,moving-average-crossover-2026-08-31.md
多重均线趋势捕捉与交叉确认交易系统-Multi-Moving-Average-Trend-Capture-and-Crossover-Confirmation-Trading-System.md,variant_or_duplicate,moving_average_crossover,moving-average-crossover-2026-08-31.md
多重指数移动平均线交叉策略-Multi-EMA-Crossover-Strategy.md,variant_or_duplicate,moving_average_crossover,moving-average-crossover-2026-08-31.md
灵活多周期均线交叉策略高级版-Advanced-Flexible-Multi-Period-Moving-Average-Crossover-Strategy.md,variant_or_duplicate,moving_average_crossover,moving-average-crossover-2026-08-31.md
均线先行指标短期做空策略Short-term-Bearish-Strategy-Based-on-EMA-Crossover-and-Bear-Power-Indicators.md,variant_or_duplicate,moving_average_crossover,moving-average-crossover-2026-08-31.md
均线双边振荡交易策略Oscillation-Trading-Strategy-Between-Moving-Averages.md,variant_or_duplicate,moving_average_crossover,moving-average-crossover-2026-08-31.md
均线叉趋势追踪策略Crossing-Moving-Average-Trend-Tracking-Strategy.md,variant_or_duplicate,moving_average_crossover,moving-average-crossover-2026-08-31.md
自适应均值通道突破交易策略基于EMA和ATR的动态波动区间交易系统-Adaptive-Mean-Channel-Breakout-Trading-Strategy-Dynamic-Volatility-Range-Trading-System-Based-on-EMA-and-ATR.md,variant_or_duplicate,moving_average_crossover,moving-average-crossover-2026-08-31.md
经典双均线交叉策略Classic-Dual-Moving-Average-Crossover-Strategy.md,variant_or_duplicate,moving_average_crossover,moving-average-crossover-2026-08-31.md
多均线组合趋势跟踪战略-基于EMA与SMA指标的长期投资信号系统-Multi-Moving-Average-Trend-Following-Strategy-Long-term-Investment-Signal-System-Based-on-EMA-and-SMA-Indicators.md,variant_or_duplicate,moving_average_crossover,moving-average-crossover-2026-08-31.md
双均线交叉动态颜色量化策略-Dynamic-Dual-EMA-Crossover-Quantitative-Trading-Strategy.md,variant_or_duplicate,moving_average_crossover,moving-average-crossover-2026-08-31.md
ADR均线交叉策略-融合多维度技术指标和严格止盈止损的交易方法EMA-Cross-ADR-Strategy-A-Multidimensional-Technical-Indicator-Based-Trading-Method-with-Strict-Risk-Management.md,variant_or_duplicate,moving_average_crossover,moving-average-crossover-2026-08-31.md
基于均线的BankNifty期货交易策略-SMA-based-Trading-Strategy-for-BankNifty-Futures.md,variant_or_duplicate,moving_average_crossover,moving-average-crossover-2026-08-31.md
波动率过滤双均线交叉高夏普比策略-Volatility-Filtered-Dual-EMA-Crossover-High-Sharpe-Ratio-Strategy.md,variant_or_duplicate,moving_average_crossover,moving-average-crossover-2026-08-31.md
基于移动平均线跨度的反转交易策略Reversal-Trading-Strategy-Based-on-Moving-Average-Range.md,variant_or_duplicate,moving_average_crossover,moving-average-crossover-2026-08-31.md
基于均线交叉的量化交易策略Quant-Trading-Strategy-Based-on-Moving-Average-Crossover.md,variant_or_duplicate,moving_average_crossover,moving-average-crossover-2026-08-31.md
动态ATR调整的指数均线交叉策略-Dynamic-ATR-Adjusted-EMA-Crossover-Strategy.md,variant_or_duplicate,moving_average_crossover,moving-average-crossover-2026-08-31.md
双均线交叉量化交易策略基于短期与中期移动平均线突破系统-Dual-Moving-Average-Crossover-Trading-System-A-Quantitative-Strategy-Based-on-Short-term-and-Medium-term-MA-Breakthrough.md,variant_or_duplicate,moving_average_crossover,moving-average-crossover-2026-08-31.md
多指标交叉强势追踪策略Multi-indicator-Crossover-Strong-Trend-Tracking-Strategy.md,variant_or_duplicate,moving_average_crossover,moving-average-crossover-2026-08-31.md
多指标趋势跟踪策略结合动态信道和移动平均的交易系统-Multi-Indicator-Trend-Following-Strategy-with-Dynamic-Channel-and-Moving-Average-Trading-System.md,variant_or_duplicate,moving_average_crossover,moving-average-crossover-2026-08-31.md
基于双均线金叉死叉策略Dual-Moving-Average-Crossover-Strategy.md,variant_or_duplicate,moving_average_crossover,moving-average-crossover-2026-08-31.md
基于EMA-MA交叉的交易策略EMA-MA-Crossover-Options-Trading-Strategy.md,variant_or_duplicate,moving_average_crossover,moving-average-crossover-2026-08-31.md
麦金非动态均线交易策略McGinley-Moving-Average-Trading-Strategy.md,variant_or_duplicate,moving_average_crossover,moving-average-crossover-2026-08-31.md
双接头智能突破策略Double-Tops-Smart-Breakout-Strategy.md,variant_or_duplicate,moving_average_crossover,moving-average-crossover-2026-08-31.md
基于均线交叉的趋势追踪策略Trend-Tracking-Strategy-Based-on-Moving-Average-Crossover.md,variant_or_duplicate,moving_average_crossover,moving-average-crossover-2026-08-31.md
基于移动平均线交叉与日内K线形态的量化交易策略Moving-Average-Crossover-Strategy-with-Intraday-Candlestick-Patterns.md,variant_or_duplicate,moving_average_crossover,moving-average-crossover-2026-08-31.md
72s-Adaptive-Hull-Moving-Average.md,variant_or_duplicate,moving_average_crossover,moving-average-crossover-2026-08-31.md
多重移动平均线综合策略Multiple-Moving-Average-Comprehensive-Strategy.md,variant_or_duplicate,moving_average_crossover,moving-average-crossover-2026-08-31.md
基于均线策略的一体化Ichimoku-Keltner交易系统Integrated-Ichimoku-Keltner-Trading-System-Based-on-Moving-Average-Strategy.md,variant_or_duplicate,moving_average_crossover,moving-average-crossover-2026-08-31.md
趋势追踪EMA策略EMA-Trend-Following-Strategy.md,variant_or_duplicate,moving_average_crossover,moving-average-crossover-2026-08-31.md
双均线趋势跟踪策略Dual-Moving-Average-Trend-Following-Strategy.md,variant_or_duplicate,moving_average_crossover,moving-average-crossover-2026-08-31.md
自适应零滞后EMA交易策略Adaptive-Zero-Lag-EMA-Trading-Strategy.md,variant_or_duplicate,moving_average_crossover,moving-average-crossover-2026-08-31.md
均线交叉空头反转量化策略SMA20-50-智能空单交易系统-SMA20-50-Bearish-Trend-Reversal-Quantitative-Trading-System.md,variant_or_duplicate,moving_average_crossover,moving-average-crossover-2026-08-31.md
Elliott-Wave-Stochastic-EMA-Strategy-Elliott-波动随机EMA策略.md,variant_or_duplicate,moving_average_crossover,moving-average-crossover-2026-08-31.md
基于动态均线的趋势跟踪策略Trend-Following-Strategy-Based-on-Dynamic-Moving-Average.md,variant_or_duplicate,moving_average_crossover,moving-average-crossover-2026-08-31.md
基于趋势和均线的量化交易策略Trend-Following-Strategy-with-EMA.md,variant_or_duplicate,moving_average_crossover,moving-average-crossover-2026-08-31.md
基于自适应指数平滑移动平均线的量化交易策略Adaptive-SMI-Ergodic-Trading-Strategy-Based-on-Adaptive-Exponential-Moving-Average-Lines.md,variant_or_duplicate,moving_average_crossover,moving-average-crossover-2026-08-31.md
趋势跟踪双EMA-Williams指标策略Dual-EMA-Williams-Indicator-Trend-Tracking-Strategy.md,variant_or_duplicate,moving_average_crossover,moving-average-crossover-2026-08-31.md
MASMA双均线交叉策略-MASMA-Dual-Moving-Average-Crossover-Strategy.md,variant_or_duplicate,moving_average_crossover,moving-average-crossover-2026-08-31.md
均线斜率交叉趋势跟踪策略EMA-Slope-Cross-Trend-Following-Strategy.md,variant_or_duplicate,moving_average_crossover,moving-average-crossover-2026-08-31.md
基于移动均线交叉策略Moving-Average-Crossover-Strategy.md,variant_or_duplicate,moving_average_crossover,moving-average-crossover-2026-08-31.md
多指数均线交叉动量预警交易策略-Multi-EMA-Crossover-Momentum-Alert-Trading-Strategy.md,variant_or_duplicate,moving_average_crossover,moving-average-crossover-2026-08-31.md
基于斐波那契平均K线和移动平均线的量化交易策略Fibonacci-Average-Candle-with-Moving-Average-Strategy-for-Quantitative-Trading.md,variant_or_duplicate,moving_average_crossover,moving-average-crossover-2026-08-31.md
融合反转与未来推移均线的量化交易策略Quantitative-Trading-Strategy-Integrating-Reversal-and-Future-Lines-of-Demarcation.md,variant_or_duplicate,moving_average_crossover,moving-average-crossover-2026-08-31.md
混合型斐波那契动量均线交叉策略-Hybrid-Fibonacci-Momentum-MA-Crossover-Strategy.md,variant_or_duplicate,moving_average_crossover,moving-average-crossover-2026-08-31.md
EMA反向买卖策略EMA-Reverse-Buy-Sell-Strategy.md,variant_or_duplicate,moving_average_crossover,moving-average-crossover-2026-08-31.md
基于均线的趋势跟踪策略Trend-Tracking-Strategy-Based-on-Moving-Average.md,variant_or_duplicate,moving_average_crossover,moving-average-crossover-2026-08-31.md
Octa-EMA与Ichimoku云图量化交易策略Octa-EMA-and-Ichimoku-Cloud-Quantitative-Trading-Strategy.md,variant_or_duplicate,moving_average_crossover,moving-average-crossover-2026-08-31.md
动态移动均线策略Dynamic-Moving-Average-Strategy.md,variant_or_duplicate,moving_average_crossover,moving-average-crossover-2026-08-31.md
EMA交叉动量短线交易策略-EMA-Crossover-Momentum-Scalping-Strategy.md,variant_or_duplicate,moving_average_crossover,moving-average-crossover-2026-08-31.md
基于SMA均线系统的趋势跟踪策略SMA-System-Trend-Following-Strategy.md,variant_or_duplicate,moving_average_crossover,moving-average-crossover-2026-08-31.md
动量指标与移动平均线结合做多策略Momentum-and-Moving-Average-Combination-Long-Strategy.md,variant_or_duplicate,moving_average_crossover,moving-average-crossover-2026-08-31.md
EMA趋势过滤策略EMA-Trend-Filter-Strategy.md,variant_or_duplicate,moving_average_crossover,moving-average-crossover-2026-08-31.md
五重强势移动平均策略-Quintuple-Strong-Moving-Average-Strategy.md,variant_or_duplicate,moving_average_crossover,moving-average-crossover-2026-08-31.md
基于双向突破均线交易策略Dual-Breakthrough-Moving-Average-Trading-Strategy.md,variant_or_duplicate,moving_average_crossover,moving-average-crossover-2026-08-31.md
多重均线趋势追踪与SMMA验证交易策略-Multi-EMA-Trend-Following-Strategy-with-SMMA-Confirmation.md,variant_or_duplicate,moving_average_crossover,moving-average-crossover-2026-08-31.md
基于不同周期的移动平均线交叉策略Moving-Average-Crossover-Strategy.md,variant_or_duplicate,moving_average_crossover,moving-average-crossover-2026-08-31.md
多重EMA交叉趋势跟踪策略Multi-EMA-Crossover-Trend-Following-Strategy.md,variant_or_duplicate,moving_average_crossover,moving-average-crossover-2026-08-31.md
Adaptive-Zero-Lag-EMA-Strategy.md,variant_or_duplicate,moving_average_crossover,moving-average-crossover-2026-08-31.md
基于移动平均线的趋势追踪策略Trend-Following-Strategy-Based-on-Moving-Average.md,variant_or_duplicate,moving_average_crossover,moving-average-crossover-2026-08-31.md
基于双均线的长线反转策略Dual-Moving-Average-Reversal-Strategy.md,variant_or_duplicate,moving_average_crossover,moving-average-crossover-2026-08-31.md
双向霍尔移动平均线交易策略Dual-Hull-Moving-Average-Trading-Strategy.md,variant_or_duplicate,moving_average_crossover,moving-average-crossover-2026-08-31.md
量子精确多指标趋势交叉交易策略-Quantum-Precision-Multi-Indicator-Trend-Crossover-Trading-Strategy.md,variant_or_duplicate,moving_average_crossover,moving-average-crossover-2026-08-31.md
基于EMA指标的趋势跟踪交易策略EMA-Crossover-Trend-Following-Trading-Strategy.md,variant_or_duplicate,moving_average_crossover,moving-average-crossover-2026-08-31.md
基于简单双均线反转策略Double-Moving-Average-Reversal-Strategy.md,variant_or_duplicate,moving_average_crossover,moving-average-crossover-2026-08-31.md
均线穿越策略Trend-Following-Strategy-Based-on-Moving-Average-Crossover.md,variant_or_duplicate,moving_average_crossover,moving-average-crossover-2026-08-31.md
多维度EMA趋势追踪与成交量波动率确认策略-Multi-Dimensional-EMA-Trend-Following-with-Volume-and-Volatility-Confirmation-Strategy.md,variant_or_duplicate,moving_average_crossover,moving-average-crossover-2026-08-31.md
多时间轴均线策略Multi-Timeframe-Moving-Average-Strategy.md,variant_or_duplicate,moving_average_crossover,moving-average-crossover-2026-08-31.md
双轨跟踪均线策略Double-Moving-Average-Crossover-Strategy.md,variant_or_duplicate,moving_average_crossover,moving-average-crossover-2026-08-31.md
基于超趋势的5日10日20日均线交叉策略Strategy-Based-on-5-10-20-Day-EMA-Crossover-Using-Super-Trend-Confirmation.md,variant_or_duplicate,moving_average_crossover,moving-average-crossover-2026-08-31.md
SMA-Trend.md,variant_or_duplicate,moving_average_crossover,moving-average-crossover-2026-08-31.md
EMA-VWAP协同CBC反转趋势跟踪量化交易策略-EMA-VWAP-Synergy-CBC-Reversal-Trend-Following-Quantitative-Trading-Strategy.md,variant_or_duplicate,moving_average_crossover,moving-average-crossover-2026-08-31.md
自适应移动平均和加权移动平均交叉交易策略Adaptive-Moving-Average-and-Weighted-Moving-Average-Crossover-Trading-Strategy.md,variant_or_duplicate,moving_average_crossover,moving-average-crossover-2026-08-31.md
双均线趋势跟踪与风险管理交易策略-Dual-Moving-Average-Trend-Following-and-Risk-Management-Trading-Strategy.md,variant_or_duplicate,moving_average_crossover,moving-average-crossover-2026-08-31.md
移动平均回调追踪策略-Moving-Average-Pullback-Tracking-Strategy.md,variant_or_duplicate,moving_average_crossover,moving-average-crossover-2026-08-31.md
基于CCI和EMA的趋势跟随交易策略CCI-and-EMA-Trend-Following-Trading-Strategy.md,variant_or_duplicate,moving_average_crossover,moving-average-crossover-2026-08-31.md
Moving-Average-Buy-Sell.md,variant_or_duplicate,moving_average_crossover,moving-average-crossover-2026-08-31.md
EMA均线与抛物线SAR组合策略-EMA-and-Parabolic-SAR-Combination-Strategy.md,variant_or_duplicate,moving_average_crossover,moving-average-crossover-2026-08-31.md
移动平均线交叉趋势追踪策略Moving-Average-Crossover-Trend-Following-Strategy.md,variant_or_duplicate,moving_average_crossover,moving-average-crossover-2026-08-31.md
趋势突破均线跟踪策略Trend-Breakout-Moving-Average-Tracking-Strategy.md,variant_or_duplicate,moving_average_crossover,moving-average-crossover-2026-08-31.md
基于DI交叉的日内交易策略Dual-DI-Crossover-Daily-Trading-Strategy.md,variant_or_duplicate,moving_average_crossover,moving-average-crossover-2026-08-31.md
移动平均线交叉策略MA-Cross-Strategy.md,variant_or_duplicate,moving_average_crossover,moving-average-crossover-2026-08-31.md
黄金交叉均线突破策略Crude-Oil-Moving-Average-Crossover-Strategy.md,variant_or_duplicate,moving_average_crossover,moving-average-crossover-2026-08-31.md
多重均线动量趋势跟踪策略-Multi-Moving-Average-Momentum-Trend-Following-Strategy.md,variant_or_duplicate,moving_average_crossover,moving-average-crossover-2026-08-31.md
基于均线突破陷阱策略EMA-Breakthrough-Trap-Strategy.md,variant_or_duplicate,moving_average_crossover,moving-average-crossover-2026-08-31.md
基于去趋势合成价格的双均线交易策略Dual-Moving-Average-Trading-Strategy-Based-on-Detrended-Synthetic-Price.md,variant_or_duplicate,moving_average_crossover,moving-average-crossover-2026-08-31.md
三重移动平均线趋势跟踪策略Triple-Moving-Average-Trend-Following-Strategy.md,variant_or_duplicate,moving_average_crossover,moving-average-crossover-2026-08-31.md
多重均线趋势跟踪交易策略-Multi-Moving-Average-Trend-Following-Trading-Strategy.md,variant_or_duplicate,moving_average_crossover,moving-average-crossover-2026-08-31.md
基于动量指标的SMI交叉信号自适应预测策略-Momentum-Based-SMI-Crossover-Signal-Adaptive-Prediction-Strategy.md,variant_or_duplicate,moving_average_crossover,moving-average-crossover-2026-08-31.md
均线交叉与多指标动量风险控制策略-Multi-Indicator-Momentum-Strategy-with-EMA-Crossover-and-Risk-Management.md,variant_or_duplicate,moving_average_crossover,moving-average-crossover-2026-08-31.md
多重均线交叉与时间间隔整合策略-Multi-EMA-Crossover-with-Time-Interval-Integration-Strategy.md,variant_or_duplicate,moving_average_crossover,moving-average-crossover-2026-08-31.md
双EMA均线与ATR指标配合过滤的趋势跟随策略Dual-EMA-Crossover-Trend-Following-Strategy-with-ATR-and-ADX-Filters.md,variant_or_duplicate,moving_average_crossover,moving-average-crossover-2026-08-31.md
基于均线和威廉指标的日线策略Daily-FX-Strategy-Based-on-Moving-Average-and-Williams-Indicator.md,variant_or_duplicate,moving_average_crossover,moving-average-crossover-2026-08-31.md
Sma-BTC-killer.md,variant_or_duplicate,moving_average_crossover,moving-average-crossover-2026-08-31.md
多重指数移动平均线交叉策略-Multi-EMA-Crossover-Strategy-with-Trend-Confirmation.md,variant_or_duplicate,moving_average_crossover,moving-average-crossover-2026-08-31.md
移动平均和随机指标交易策略-Moving-Average-and-Stochastic-Trading-Strategy.md,variant_or_duplicate,moving_average_crossover,moving-average-crossover-2026-08-31.md
基于移动平均线的自适应趋势跟踪策略-Adaptive-Trend-Following-Strategy-Based-on-Moving-Average-Crossover.md,variant_or_duplicate,moving_average_crossover,moving-average-crossover-2026-08-31.md
双均线交叉日内盈利目标策略-Dual-Moving-Average-Crossover-Strategy-with-Daily-Profit-Target.md,variant_or_duplicate,moving_average_crossover,moving-average-crossover-2026-08-31.md
黄金交叉均线输入策略Fibonacci-Moving-Averages-Input-Strategy.md,variant_or_duplicate,moving_average_crossover,moving-average-crossover-2026-08-31.md
基于双均线穿越交易策略Double-Moving-Average-Crossover-Trading-Strategy.md,variant_or_duplicate,moving_average_crossover,moving-average-crossover-2026-08-31.md
移动平均线交叉策略Exponential-Moving-Average-Crossover-Strategy.md,variant_or_duplicate,moving_average_crossover,moving-average-crossover-2026-08-31.md
3EMA.md,variant_or_duplicate,moving_average_crossover,moving-average-crossover-2026-08-31.md
EMA动量交易策略-EMA-Momentum-Trading-Strategy.md,variant_or_duplicate,moving_average_crossover,moving-average-crossover-2026-08-31.md
多重SMA区间突破与动态利润锁定量化交易策略-Multi-SMA-Zone-Breakout-with-Dynamic-Profit-Lock-Quantitative-Trading-Strategy.md,variant_or_duplicate,moving_average_crossover,moving-average-crossover-2026-08-31.md
基于加权移动平均线策略Based-on-Weighted-Moving-Average-Strategy.md,variant_or_duplicate,moving_average_crossover,moving-average-crossover-2026-08-31.md
Combo-2-20-EMA-Bandpass-Filter.md,variant_or_duplicate,moving_average_crossover,moving-average-crossover-2026-08-31.md
基于伦敦SMA交叉的ETH反转交易策略London-SMA-Cross-ETH-Reversal-Trading-Strategy.md,variant_or_duplicate,moving_average_crossover,moving-average-crossover-2026-08-31.md
基于交易量震荡指标的长短线交叉策略Volume-Oscillator-Long-and-Short-Term-Moving-Average-Crossover-Strategy.md,variant_or_duplicate,moving_average_crossover,moving-average-crossover-2026-08-31.md
动态唐奇安通道与简单移动平均线结合的量化策略-Dynamic-Donchian-Channel-and-Simple-Moving-Average-Combination-Quantitative-Strategy.md,variant_or_duplicate,moving_average_crossover,moving-average-crossover-2026-08-31.md
基于双EMA智能追踪策略Dual-EMA-Intelligent-Tracking-Strategy.md,variant_or_duplicate,moving_average_crossover,moving-average-crossover-2026-08-31.md
智能量化低点反转策略Smart-Quantitative-Bottom-Reversal-Trading-Strategy.md,variant_or_duplicate,moving_average_crossover,moving-average-crossover-2026-08-31.md
双均线与相对强弱混合型自适应策略-Dual-EMA-and-Relative-Strength-Adaptive-Trading-Strategy.md,variant_or_duplicate,moving_average_crossover,moving-average-crossover-2026-08-31.md
双移动平均线反转策略Dual-Moving-Average-Reversal-Strategy.md,variant_or_duplicate,moving_average_crossover,moving-average-crossover-2026-08-31.md
G-Channel与EMA结合的趋势跟踪策略G-Channel-and-EMA-Trend-Following-Strategy.md,variant_or_duplicate,moving_average_crossover,moving-average-crossover-2026-08-31.md
五日均线通道突破策略5-Day-Moving-Average-Channel-Breakout-Strategy-Combined-With-Mileage-Concept.md,variant_or_duplicate,moving_average_crossover,moving-average-crossover-2026-08-31.md
双均线突破策略Double-Moving-Average-Crossover-Strategy.md,variant_or_duplicate,moving_average_crossover,moving-average-crossover-2026-08-31.md
基于MA转折点的长短策略MA-Turning-Point-Long-and-Short-Strategy.md,variant_or_duplicate,moving_average_crossover,moving-average-crossover-2026-08-31.md
基于OBV指标的趋势跟踪策略OBV-EMA-Crossover-Trend-Following-Strategy.md,variant_or_duplicate,moving_average_crossover,moving-average-crossover-2026-08-31.md
双重移动平均线反转策略Dual-Moving-Average-Reversal-Strategy.md,variant_or_duplicate,moving_average_crossover,moving-average-crossover-2026-08-31.md
趋势追踪移动平均线交易策略Trend-Following-Moving-Average-Trading-Strategy.md,variant_or_duplicate,moving_average_crossover,moving-average-crossover-2026-08-31.md
趋势角度均线交叉策略Trend-Angle-Moving-Average-Crossover-Strategy.md,variant_or_duplicate,moving_average_crossover,moving-average-crossover-2026-08-31.md
简单移动平均线金叉死叉策略Simple-Moving-Average-Crossover-Strategy.md,variant_or_duplicate,moving_average_crossover,moving-average-crossover-2026-08-31.md
双均线突破交易策略结合止损止盈的自动化量化系统-Automated-Quantitative-Trading-System-with-Dual-EMA-Crossover-and-Risk-Management.md,variant_or_duplicate,moving_average_crossover,moving-average-crossover-2026-08-31.md
动能突破自适应均线交叉系统Adaptive-Moving-Average-Crossover-System-with-Momentum-Breakout.md,variant_or_duplicate,moving_average_crossover,moving-average-crossover-2026-08-31.md
EMA黄金交叉短线交易策略EMA-Golden-Cross-Short-term-Trading-Strategy.md,variant_or_duplicate,moving_average_crossover,moving-average-crossover-2026-08-31.md
动态双EMA趋势捕捉与ATR风控量化策略-Dynamic-Dual-EMA-Trend-Capture-with-ATR-Risk-Management-Quantitative-Strategy.md,variant_or_duplicate,moving_average_crossover,moving-average-crossover-2026-08-31.md
EMA辅助极点反转交易策略-EMA-Assisted-Extreme-Point-Reversal-Trading-Strategy.md,variant_or_duplicate,moving_average_crossover,moving-average-crossover-2026-08-31.md
多参数交叉趋势动量策略-Multi-Parameter-Crossover-Trend-Momentum-Strategy.md,variant_or_duplicate,moving_average_crossover,moving-average-crossover-2026-08-31.md
趋势跟踪型EMA双线限价买入策略-Dual-EMA-Trend-Following-Strategy-with-Limit-Buy-Entry.md,variant_or_duplicate,moving_average_crossover,moving-average-crossover-2026-08-31.md
趋势跟踪均线交叉策略Trend-Tracking-Moving-Average-Crossover-Strategy.md,variant_or_duplicate,moving_average_crossover,moving-average-crossover-2026-08-31.md
双均线突破策略Dual-Moving-Average-Breakout-Strategy.md,variant_or_duplicate,moving_average_crossover,moving-average-crossover-2026-08-31.md
移动平均线金叉死叉趋势跟踪策略Moving-Average-Crossover-Strategy.md,variant_or_duplicate,moving_average_crossover,moving-average-crossover-2026-08-31.md
DMI与移动平均线的聚合交易策略DMI-and-Moving-Average-Combination-Strategy.md,variant_or_duplicate,moving_average_crossover,moving-average-crossover-2026-08-31.md
多时间框架MA蒙德里安交叉策略MZ-MA-Cross-Multiple-TimeFrame-Strategy.md,variant_or_duplicate,moving_average_crossover,moving-average-crossover-2026-08-31.md
基于简单移动平均线的海龟交易策略Turtle-Trading-Strategy-Based-on-Simple-Moving-Average.md,variant_or_duplicate,moving_average_crossover,moving-average-crossover-2026-08-31.md
EMA与CCI多重交叉趋势追踪策略-Multi-EMA-and-CCI-Crossover-Trend-Following-Strategy.md,variant_or_duplicate,moving_average_crossover,moving-average-crossover-2026-08-31.md
双均线交叉反转趋势追踪策略Dual-Moving-Average-Crossover-Reverse-Trend-Tracking-Strategy.md,variant_or_duplicate,moving_average_crossover,moving-average-crossover-2026-08-31.md
基于双时间框架EMA交叉信号的多空策略Dual-Timeframe-EMA-Crossover-Long-Short-Strategy.md,variant_or_duplicate,moving_average_crossover,moving-average-crossover-2026-08-31.md
多指标协同EMA交叉量化策略-Multi-Indicator-Synergistic-EMA-Crossover-Quantitative-Strategy.md,variant_or_duplicate,moving_average_crossover,moving-average-crossover-2026-08-31.md
移动平均聚合动量云策略-Moving-Average-Convergence-Momentum-Cloud-Strategy.md,variant_or_duplicate,moving_average_crossover,moving-average-crossover-2026-08-31.md
动量过滤移动平均线策略Momentum-Filtering-Moving-Average-Strategy.md,variant_or_duplicate,moving_average_crossover,moving-average-crossover-2026-08-31.md
CM多重EMA金叉死叉策略CM-Multiple-EMA-Crossover-Strategy.md,variant_or_duplicate,moving_average_crossover,moving-average-crossover-2026-08-31.md
短线跟踪趋势打压震荡策略EMA-Tracking-Trend-Suppressing-Oscillation-Strategy.md,variant_or_duplicate,moving_average_crossover,moving-average-crossover-2026-08-31.md
基于动态波动率的高频指数均线交叉量化策略-Dynamic-Volatility-Driven-High-Frequency-EMA-Crossover-Quantitative-Strategy.md,variant_or_duplicate,moving_average_crossover,moving-average-crossover-2026-08-31.md
双均线过滤的ATR自适应趋势跟踪策略-Dual-EMA-Filtered-ATR-Adaptive-Trend-Following-Strategy.md,variant_or_duplicate,moving_average_crossover,moving-average-crossover-2026-08-31.md
黄金分割移动平均线交易策略Golden-Ratio-Moving-Average-Trading-Strategy.md,variant_or_duplicate,moving_average_crossover,moving-average-crossover-2026-08-31.md
移动平均线区间突破策略Moving-Average-Channel-Breakout-Strategy.md,variant_or_duplicate,moving_average_crossover,moving-average-crossover-2026-08-31.md
Triple-EMA和Fisher-Transform趋势动量策略-Triple-EMA-and-Fisher-Transform-Trend-Momentum-Strategy.md,variant_or_duplicate,moving_average_crossover,moving-average-crossover-2026-08-31.md
多重均线交叉动量趋势跟踪策略-Multi-EMA-Crossover-Momentum-Trend-Following-Strategy.md,variant_or_duplicate,moving_average_crossover,moving-average-crossover-2026-08-31.md
多均线趋势动量交易策略结合风险管理系统-Multi-EMA-Trend-Momentum-Trading-Strategy-with-Risk-Management-System.md,variant_or_duplicate,moving_average_crossover,moving-average-crossover-2026-08-31.md
基于EMA双均线交叉的智能趋势跟踪交易策略系统-Intelligent-Trend-Following-Trading-Strategy-System-Based-on-EMA-Double-Moving-Average-Crossover.md,variant_or_duplicate,moving_average_crossover,moving-average-crossover-2026-08-31.md
基于标准差和移动平均线的Elders力量指数量化交易策略-Elders-Force-Index-Quantitative-Trading-Strategy-Based-on-Standard-Deviation-and-Moving-Averages.md,variant_or_duplicate,moving_average_crossover,moving-average-crossover-2026-08-31.md
EMA交叉Fibonacci反转策略-EMA-Crossover-Fibonacci-Reversal-Strategy.md,variant_or_duplicate,moving_average_crossover,moving-average-crossover-2026-08-31.md
趋势均线交易策略Trend-Moving-Average-Trading-Strategy.md,variant_or_duplicate,moving_average_crossover,moving-average-crossover-2026-08-31.md
超级鹅倒三角移动平均线交易策略Super-Guppy-Moving-Average-Trading-Strategy.md,variant_or_duplicate,moving_average_crossover,moving-average-crossover-2026-08-31.md
趋势偏离指标K线结合移动平均线波浪策略Trend-Deviation-Index-with-Moving-Average-Strategy.md,variant_or_duplicate,moving_average_crossover,moving-average-crossover-2026-08-31.md
采用双移动均线交易策略Dual-Moving-Average-Trading-Strategy.md,variant_or_duplicate,moving_average_crossover,moving-average-crossover-2026-08-31.md
赫尔移动平均交叉策略Hull-Moving-Average-Crossover-Strategy.md,variant_or_duplicate,moving_average_crossover,moving-average-crossover-2026-08-31.md
基于简单双均线交叉交易策略SMA-Crossover-Trading-Strategy.md,variant_or_duplicate,moving_average_crossover,moving-average-crossover-2026-08-31.md
动量指数型金叉交易策略Momentum-Exponential-Moving-Average-Crossover-Trading-Strategy.md,variant_or_duplicate,moving_average_crossover,moving-average-crossover-2026-08-31.md
基于Stoch和EMA的量化交易策略Quantitative-Trading-Strategy-Based-on-Stoch-and-EMA.md,variant_or_duplicate,moving_average_crossover,moving-average-crossover-2026-08-31.md
双EMA金叉死叉策略Dual-EMA-Crossover-Strategy.md,variant_or_duplicate,moving_average_crossover,moving-average-crossover-2026-08-31.md
多重均线多头趋势策略Multi-EMA-Bullish-Trend-Strategy.md,variant_or_duplicate,moving_average_crossover,moving-average-crossover-2026-08-31.md
基于波动率止损的均线趋势跟踪交易策略-Volatility-Stop-Based-EMA-Trend-Following-Trading-Strategy.md,variant_or_duplicate,moving_average_crossover,moving-average-crossover-2026-08-31.md
星光移动平均交叉策略-Starlight-Moving-Average-Crossover-Strategy.md,variant_or_duplicate,moving_average_crossover,moving-average-crossover-2026-08-31.md
平滑移动平均策略组合优化Price-EMA-with-stochastic-optimization-based-on-machine-learning.md,variant_or_duplicate,moving_average_crossover,moving-average-crossover-2026-08-31.md
基于DMI和移动平均线的交易策略Combining-DMI-and-Moving-Average-Trading-Strategy.md,variant_or_duplicate,moving_average_crossover,moving-average-crossover-2026-08-31.md
基于双EMA系统的跨度交易策略Crossover-Trading-Strategy-Based-on-Dual-EMA-System.md,variant_or_duplicate,moving_average_crossover,moving-average-crossover-2026-08-31.md
基于移动平均线金叉死叉的交易策略BTC-Trading-Strategy-Based-on-Moving-Average-Crossover.md,variant_or_duplicate,moving_average_crossover,moving-average-crossover-2026-08-31.md
优势均线突破趋势跟踪系统Advantage-Moving-Average-Breakout-Trend-Following-System.md,variant_or_duplicate,moving_average_crossover,moving-average-crossover-2026-08-31.md
基于快速移动均线和慢速移动均线的量化交易策略Dual-Moving-Average-Breakout-Strategy.md,variant_or_duplicate,moving_average_crossover,moving-average-crossover-2026-08-31.md
高级双均线策略与ATR波动率过滤系统-Advanced-Dual-EMA-Strategy-with-ATR-Volatility-Filter-System.md,variant_or_duplicate,moving_average_crossover,moving-average-crossover-2026-08-31.md
SMA波动偏移交易策略SMA-Offset-Fluctuation-Trading-Strategy.md,variant_or_duplicate,moving_average_crossover,moving-average-crossover-2026-08-31.md
均线穿越多空策略Trend-Following-Strategy-Based-on-Moving-Average-Crossover.md,variant_or_duplicate,moving_average_crossover,moving-average-crossover-2026-08-31.md
移动平均线和偏差指标多周期交易策略A-Multi-Period-Trading-Strategy-Based-on-Moving-Averages.md,variant_or_duplicate,moving_average_crossover,moving-average-crossover-2026-08-31.md
动态交易理论的指数移动平均与累积成交量周期交叉策略-Dynamic-Trading-Theory-Exponential-Moving-Average-and-Cumulative-Volume-Period-Crossover-Strategy.md,variant_or_duplicate,moving_average_crossover,moving-average-crossover-2026-08-31.md
基于交叉移动均线的趋势追踪自适应期望值评估策略-Trend-Following-Adaptive-Expected-Value-Assessment-Strategy-Based-on-Crossover-Moving-Averages.md,variant_or_duplicate,moving_average_crossover,moving-average-crossover-2026-08-31.md
移动平均线跟踪策略Moving-Average-Tracking-Strategy.md,variant_or_duplicate,moving_average_crossover,moving-average-crossover-2026-08-31.md
移动平均线交叉金策略Moving-Average-Crossover-Gold-Strategy.md,variant_or_duplicate,moving_average_crossover,moving-average-crossover-2026-08-31.md
STC-MA-ATR综合趋势交易策略STC-MA-ATR-Integrated-Trend-Trading-Strategy.md,variant_or_duplicate,moving_average_crossover,moving-average-crossover-2026-08-31.md
Dual-Moving-Average-Breakout-Strategy.md,variant_or_duplicate,moving_average_crossover,moving-average-crossover-2026-08-31.md
多重平滑均线动态交叉趋势跟踪与多重确认量化交易策略-Multi-Smoothed-Moving-Average-Dynamic-Crossover-Trend-Following-Strategy-with-Multiple-Confirmations.md,variant_or_duplicate,moving_average_crossover,moving-average-crossover-2026-08-31.md
基于均线的趋势追踪策略-Trend-Following-Strategy-Based-on-Moving-Averages.md,variant_or_duplicate,moving_average_crossover,moving-average-crossover-2026-08-31.md
智能均线交叉策略与动态止盈止损系统-Intelligent-Moving-Average-Crossover-Strategy-with-Dynamic-Profit-Loss-Management-System.md,variant_or_duplicate,moving_average_crossover,moving-average-crossover-2026-08-31.md
多时间周期均线交易策略Four-Exponential-Moving-Averages-and-Volume-Strategy.md,variant_or_duplicate,moving_average_crossover,moving-average-crossover-2026-08-31.md
震荡型广谱移动平均线交易策略Oscillation-Spectrum-Moving-Average-Trading-Strategy.md,variant_or_duplicate,moving_average_crossover,moving-average-crossover-2026-08-31.md
动态交叉移动平均线趋势捕捉策略与风险管理系统-Dynamic-Crossover-Moving-Average-Trend-Capture-Strategy-with-Risk-Management-System.md,variant_or_duplicate,moving_average_crossover,moving-average-crossover-2026-08-31.md
布林带趋势突破增强型量化策略结合指标动量过滤系统-Enhanced-Bollinger-Breakout-Quantitative-Strategy-with-Momentum-Filter-Integration-System.md,normalized_candidate,bollinger_breakout,bollinger-breakout-2026-08-31.md
布林带趋势震荡交易策略Bollinger-Trend-Shock-Trading-Strategy.md,variant_or_duplicate,bollinger_breakout,bollinger-breakout-2026-08-31.md
布林带和斐波那契交易策略Bollinger-Bands-and-Fibonacci-Trading-Strategy.md,variant_or_duplicate,bollinger_breakout,bollinger-breakout-2026-08-31.md
基于时间序列分解和成交量加权的布林带技术指标策略Trend-Following-Strategy-Based-on-Time-Series-Decomposition-and-Volume-Weighted-Bollinger-Bands.md,variant_or_duplicate,bollinger_breakout,bollinger-breakout-2026-08-31.md
基于布林带百分比指标的去趋势策略BB-Percentage-Index-Trend-Fading-Strategy.md,variant_or_duplicate,bollinger_breakout,bollinger-breakout-2026-08-31.md
多层布林通道支撑阻力价格突破交易策略-Multi-Layer-Bollinger-Bands-Support-Resistance-Price-Breakout-Trading-Strategy.md,variant_or_duplicate,bollinger_breakout,bollinger-breakout-2026-08-31.md
带状趋势追踪者Bollinger-Band-Trend-Chaser.md,variant_or_duplicate,bollinger_breakout,bollinger-breakout-2026-08-31.md
跨交易对布林带金叉死叉量化策略Cross-Pair-Bollinger-Band-Crossover-Quantitative-Strategy.md,variant_or_duplicate,bollinger_breakout,bollinger-breakout-2026-08-31.md
基于布林带的趋势反转策略Bollinger-Bands-Trend-Reversal-Strategy.md,variant_or_duplicate,bollinger_breakout,bollinger-breakout-2026-08-31.md
Reversal-Bollinger-Bands-Strategy反转波动带策略.md,variant_or_duplicate,bollinger_breakout,bollinger-breakout-2026-08-31.md
基于布林带的高频交易策略Bollinger-Bands-Based-High-Frequency-Trading-Strategy.md,variant_or_duplicate,bollinger_breakout,bollinger-breakout-2026-08-31.md
布林带突破回归交易策略Bollinger-Bands-Breakout-Reentry-Trading-Strategy.md,variant_or_duplicate,bollinger_breakout,bollinger-breakout-2026-08-31.md
平滑均线拟合策略Bollinger-Band-Fitting-Strategy.md,variant_or_duplicate,bollinger_breakout,bollinger-breakout-2026-08-31.md
布林带突破动量策略Bollinger-Momentum-Breakout-Strategy.md,variant_or_duplicate,bollinger_breakout,bollinger-breakout-2026-08-31.md
基于动量振荡与布林带的高级量化策略系统-Advanced-Momentum-Oscillator-and-Bollinger-Bands-Quantitative-Strategy-System.md,variant_or_duplicate,bollinger_breakout,bollinger-breakout-2026-08-31.md
双波动带截断策略Double-Bollinger-Band-Breakout-Strategy.md,variant_or_duplicate,bollinger_breakout,bollinger-breakout-2026-08-31.md
布林带突破交易策略Bollinger-Band-Breakout-Trading-Strategy.md,variant_or_duplicate,bollinger_breakout,bollinger-breakout-2026-08-31.md
基于BollingerBands的趋势跟踪策略Bollinger-Bands-Trend-Following-Strategy.md,variant_or_duplicate,bollinger_breakout,bollinger-breakout-2026-08-31.md
布林带限价做市商策略Bollinger-Band-Limit-Market-Maker-Strategy.md,variant_or_duplicate,bollinger_breakout,bollinger-breakout-2026-08-31.md
布林带标准差双层过滤五分钟量化交易策略-Bollinger-Bands-Double-Standard-Deviation-Filtering-5-Minute-Quantitative-Trading-Strategy.md,variant_or_duplicate,bollinger_breakout,bollinger-breakout-2026-08-31.md
玻尔布林震荡突破策略Bollinger-Band-Breakout-Strategy.md,variant_or_duplicate,bollinger_breakout,bollinger-breakout-2026-08-31.md
动态波幅突破型布林带交易系统-Dynamic-Breakout-Bollinger-Bands-Trading-System.md,variant_or_duplicate,bollinger_breakout,bollinger-breakout-2026-08-31.md
基于布林带的量化交易策略Bollinger-Bands-Based-Quantitative-Trading-Strategy.md,variant_or_duplicate,bollinger_breakout,bollinger-breakout-2026-08-31.md
移动平均线双轨带牛熊策略CBMA-Bollinger-Bands-Breaker-Strategy.md,variant_or_duplicate,bollinger_breakout,bollinger-breakout-2026-08-31.md
布林带与斐波那契回调策略Bollinger-Bands-and-Fibonacci-Retracement-Strategy.md,variant_or_duplicate,bollinger_breakout,bollinger-breakout-2026-08-31.md
基于Bollinger-Bands的短线交易策略Short-term-Trading-Strategy-Based-on-Bollinger-Bands.md,variant_or_duplicate,bollinger_breakout,bollinger-breakout-2026-08-31.md
基于玻林格带与蜡烛图形态的高级趋势交易策略-Advanced-Trend-Trading-Strategy-Based-on-Bollinger-Bands-and-Candlestick-Patterns.md,variant_or_duplicate,bollinger_breakout,bollinger-breakout-2026-08-31.md
布林带突破策略Bollinger-Bands-Breakout-Strategy.md,variant_or_duplicate,bollinger_breakout,bollinger-breakout-2026-08-31.md
玻尔钢带动量趋势跟踪策略Bollinger-Bands-Momentum-Trend-Following-Strategy.md,variant_or_duplicate,bollinger_breakout,bollinger-breakout-2026-08-31.md
动量交叉布林带趋势跟踪策略Momentum-Crossover-Bollinger-Band-Trend-Tracking-Strategy.md,variant_or_duplicate,bollinger_breakout,bollinger-breakout-2026-08-31.md
基于布林带的趋势跟踪策略Bollinger-Bands-Based-Trend-Following-Strategy.md,variant_or_duplicate,bollinger_breakout,bollinger-breakout-2026-08-31.md
多时间帧布林带加密货币策略Multi-timeframe-Bollinger-Bands-Crypto-Strategy.md,variant_or_duplicate,bollinger_breakout,bollinger-breakout-2026-08-31.md
布林带ATR风险回报比交易策略-Bollinger-Bands-ATR-Risk-Reward-Trading-Strategy.md,variant_or_duplicate,bollinger_breakout,bollinger-breakout-2026-08-31.md
基于波林格带动量突破的自适应趋势跟踪交易策略-Bollinger-Bands-Momentum-Breakout-Adaptive-Trend-Following-Strategy.md,variant_or_duplicate,bollinger_breakout,bollinger-breakout-2026-08-31.md
增强型布林带动态止盈止损量化交易策略-Enhanced-Bollinger-Bands-Dynamic-SL-TP-Quantitative-Trading-Strategy.md,variant_or_duplicate,bollinger_breakout,bollinger-breakout-2026-08-31.md
布林带金叉死叉策略Bollinger-Break-Out-Strategy-with-Pyramiding.md,variant_or_duplicate,bollinger_breakout,bollinger-breakout-2026-08-31.md
自适应布林通道动态仓位管理策略-Adaptive-Bollinger-Bands-Dynamic-Position-Management-Strategy.md,variant_or_duplicate,bollinger_breakout,bollinger-breakout-2026-08-31.md
布林带海克隆阿什短线策略Bollinger-Bands-Heiken-Ashi-Short-term-Trading-Strategy.md,variant_or_duplicate,bollinger_breakout,bollinger-breakout-2026-08-31.md
基于波带通道的多时间框架交易策略Multi-timeframe-Trading-Strategy-with-Bollinger-Bands.md,variant_or_duplicate,bollinger_breakout,bollinger-breakout-2026-08-31.md
Ichimoku云带与布林带组合交易策略Ichimoku-Cloud-and-Bollinger-Bands-Combination-Trading-Strategy.md,variant_or_duplicate,bollinger_breakout,bollinger-breakout-2026-08-31.md
自适应布林通道趋势跟踪策略Adaptive-Bollinger-Trend-Tracking-Strategy.md,variant_or_duplicate,bollinger_breakout,bollinger-breakout-2026-08-31.md
宽带突破策略Bollinger-Band-Breakout-Strategy.md,variant_or_duplicate,bollinger_breakout,bollinger-breakout-2026-08-31.md
Bollinger带与K线并用策略Bollinger-Bands-and-K-line-Combined-Strategy.md,variant_or_duplicate,bollinger_breakout,bollinger-breakout-2026-08-31.md
布林带反转趋势策略Bollinger-Bands-Reversal-Trend-Strategy.md,variant_or_duplicate,bollinger_breakout,bollinger-breakout-2026-08-31.md
基于EVWMA的布林带策略EVWBB-Strategy-Based-on-EVWMA-and-Bollinger-Bands.md,variant_or_duplicate,bollinger_breakout,bollinger-breakout-2026-08-31.md
布林带交叉与滑点价格影响组合策略-Bollinger-Band-Crossover-with-Slippage-and-Price-Impact-Combined-Strategy.md,variant_or_duplicate,bollinger_breakout,bollinger-breakout-2026-08-31.md
趋势区间突破策略Trend-Breakout-Strategy-Based-on-Bollinger-Bands.md,variant_or_duplicate,bollinger_breakout,bollinger-breakout-2026-08-31.md
多指标趋势动量交易策略基于布林带斐波那契和ATR的优化量化交易系统-Multi-Indicator-Trend-Momentum-Trading-Strategy-An-Optimized-Quantitative-Trading-System-Based-on-Bollinger-Bands-Fibonacci-and-ATR.md,variant_or_duplicate,bollinger_breakout,bollinger-breakout-2026-08-31.md
布林5分钟突破日内交易策略-Bollinger-5-Minute-Breakout-Intraday-Trading-Strategy.md,variant_or_duplicate,bollinger_breakout,bollinger-breakout-2026-08-31.md
基于布林带的双轨道突破交易策略Bollinger-Bands-Dual-track-Breakthrough-Strategy.md,variant_or_duplicate,bollinger_breakout,bollinger-breakout-2026-08-31.md
双波带驱动强势指数交易策略Bollinger-Band-Awesome-Oscillator-Breakout-Trading-Strategy.md,variant_or_duplicate,bollinger_breakout,bollinger-breakout-2026-08-31.md
基于波动带反转的-Bollinger-量化策略Bollinger-Band-Reversal-Based-Quantitative-Strategy.md,variant_or_duplicate,bollinger_breakout,bollinger-breakout-2026-08-31.md
基于移动转向轮廓的波动带突破策略Trend-Breakout-Strategy-Based-on-Moving-Turning-Profile-and-Bollinger-Bands.md,variant_or_duplicate,bollinger_breakout,bollinger-breakout-2026-08-31.md
双布林带极值反转交易策略-Double-Bollinger-Bands-Extreme-Reversal-Trading-Strategy.md,variant_or_duplicate,bollinger_breakout,bollinger-breakout-2026-08-31.md
BB-Keltner-Squeeze交易策略BB-Keltner-Squeeze-Trading-Strategy.md,variant_or_duplicate,bollinger_breakout,bollinger-breakout-2026-08-31.md
双波带突破策略Double-Bollinger-Bands-Breakout-Strategy.md,variant_or_duplicate,bollinger_breakout,bollinger-breakout-2026-08-31.md
渐进BB-KC趋势策略Gradual-BB-KC-Trend-Strategy.md,variant_or_duplicate,bollinger_breakout,bollinger-breakout-2026-08-31.md
SuperJump-Turn-Back-Bollinger-Band.md,variant_or_duplicate,bollinger_breakout,bollinger-breakout-2026-08-31.md
动量波浪线布林带趋势策略Momentum-Wave-Bollinger-Bands-Trend-Strategy.md,variant_or_duplicate,bollinger_breakout,bollinger-breakout-2026-08-31.md
布林带动态突破加速度量化交易策略Bollinger-Bands-Dynamic-Breakout-Momentum-Trading-Strategy.md,variant_or_duplicate,bollinger_breakout,bollinger-breakout-2026-08-31.md
Bollinger-Bands-布林带策略精准交易实现最大收益-Bollinger-Bands-Strategy-Precision-Trading-for-Maximum-Gains.md,variant_or_duplicate,bollinger_breakout,bollinger-breakout-2026-08-31.md
布林带动量趋势跟踪量化策略-Bollinger-Bands-Momentum-Trend-Following-Quantitative-Strategy.md,variant_or_duplicate,bollinger_breakout,bollinger-breakout-2026-08-31.md
双重布林带震荡跟踪策略Dual-Bollinger-Band-Volatility-Tracking-Strategy.md,variant_or_duplicate,bollinger_breakout,bollinger-breakout-2026-08-31.md
基于布林带和赫尔指标的交叉策略Crossing-Strategy-Between-Bollinger-Bands-and-Hull-Indicator.md,variant_or_duplicate,bollinger_breakout,bollinger-breakout-2026-08-31.md
玻尔带附近突破策略Bollinger-Breakout-Strategy.md,variant_or_duplicate,bollinger_breakout,bollinger-breakout-2026-08-31.md
波段点检测与布林带震荡策略-Pivot-Point-Detection-with-Bollinger-Band-Oscillation-Strategy.md,variant_or_duplicate,bollinger_breakout,bollinger-breakout-2026-08-31.md
基于突破布林带震荡交易策略Breakout-Bollinger-Bands-Oscillation-Trading-Strategy.md,variant_or_duplicate,bollinger_breakout,bollinger-breakout-2026-08-31.md
多层级布林带趋势跟踪与反转交易策略-Multi-level-Bollinger-Bands-Trend-Following-and-Reversal-Trading-Strategy.md,variant_or_duplicate,bollinger_breakout,bollinger-breakout-2026-08-31.md
基于卡马奇拉枢轴与布林带的量化策略Camarilla-Pivot-Points-Strategy-Based-on-Bollinger-Bands.md,variant_or_duplicate,bollinger_breakout,bollinger-breakout-2026-08-31.md
基于布林带的趋势跟踪策略Trend-Following-Strategy-Based-on-Bollinger-Bands.md,variant_or_duplicate,bollinger_breakout,bollinger-breakout-2026-08-31.md
布林带突破动量跟踪交易策略-Bollinger-Bands-Breakout-Momentum-Trading-Strategy.md,variant_or_duplicate,bollinger_breakout,bollinger-breakout-2026-08-31.md
动量波动追踪策略Noros-Bollinger-Tracking-Strategy.md,variant_or_duplicate,bollinger_breakout,bollinger-breakout-2026-08-31.md
TURTLE-ATR布林带突破策略-TURTLE-ATR-Bollinger-Bands-Breakout-Strategy.md,variant_or_duplicate,bollinger_breakout,bollinger-breakout-2026-08-31.md
韦氏布林带交易策略Weis-Wave-Bollinger-Band-Trading-Strategy.md,variant_or_duplicate,bollinger_breakout,bollinger-breakout-2026-08-31.md
The-Bollinger-Band-Automated-Trading-Strategy.md,variant_or_duplicate,bollinger_breakout,bollinger-breakout-2026-08-31.md
基于布林带和斐波那契回撤比的交易策略Bollinger-Bands-Fibonacci-Retracement-Trading-Strategy.md,variant_or_duplicate,bollinger_breakout,bollinger-breakout-2026-08-31.md
动态布林带结合PSAR指标的高级量化交易策略-Advanced-Quantitative-Trading-Strategy-Combining-Dynamic-Bollinger-Bands-with-PSAR-Indicator.md,variant_or_duplicate,bollinger_breakout,bollinger-breakout-2026-08-31.md
双波尔线量化期权策略Dual-Bollinger-Quant-Options-Strategy.md,variant_or_duplicate,bollinger_breakout,bollinger-breakout-2026-08-31.md
超趋势均线BOLL指标策略Supertrend-Bollinger-Bands-Strategy.md,variant_or_duplicate,bollinger_breakout,bollinger-breakout-2026-08-31.md
三重布林带标准差趋势跟踪策略-Triple-Bollinger-Band-Standard-Deviation-Trend-Following-Strategy.md,variant_or_duplicate,bollinger_breakout,bollinger-breakout-2026-08-31.md
布林带突破趋势跟踪策略Bollinger-Band-Breakout-Trend-Following-Strategy.md,variant_or_duplicate,bollinger_breakout,bollinger-breakout-2026-08-31.md
基于Bollinger带策略应用的动态出场交易系统-Dynamic-Exit-Trading-System-Based-on-Bollinger-Bands-Application.md,variant_or_duplicate,bollinger_breakout,bollinger-breakout-2026-08-31.md
布林带超买超卖策略-Bollinger-Band-Overbought-Oversold-Strategy.md,variant_or_duplicate,bollinger_breakout,bollinger-breakout-2026-08-31.md
布林带动量交叉策略-Bollinger-Bands-Momentum-Crossover-Strategy.md,variant_or_duplicate,bollinger_breakout,bollinger-breakout-2026-08-31.md
一种只做多头的布林带突破追踪策略The-Bollinger-Band-breakout-strategy-is-a-long-only-momentum-chasing-strategy.md,variant_or_duplicate,bollinger_breakout,bollinger-breakout-2026-08-31.md
基于布林带震荡器的趋势追踪策略Trend-Following-Strategy-Based-on-Bollinger-Band-Oscillator.md,variant_or_duplicate,bollinger_breakout,bollinger-breakout-2026-08-31.md
Bollinger-Bands-Stochastic-Oscillator-Strategy-布林带随机振荡器策略.md,variant_or_duplicate,bollinger_breakout,bollinger-breakout-2026-08-31.md
多周期布林带趋势突破策略结合波动率风控模型-Multi-Period-Bollinger-Bands-Trend-Breakout-Strategy-with-Volatility-Risk-Control-Model.md,variant_or_duplicate,bollinger_breakout,bollinger-breakout-2026-08-31.md
基于布林带和VWAP的量化交易策略Bollinger-Bands-and-VWAP-based-Quantitative-Trading-Strategy.md,variant_or_duplicate,bollinger_breakout,bollinger-breakout-2026-08-31.md
基于布林带的中长期量化交易策略Medium-Long-Term-Quantitative-Trading-Strategy-Based-on-Bollinger-Bands.md,variant_or_duplicate,bollinger_breakout,bollinger-breakout-2026-08-31.md
Bollinger-Awesome-Alert-R1.md,variant_or_duplicate,bollinger_breakout,bollinger-breakout-2026-08-31.md
Bollinger带震荡型突破策略Bollinger-Bands-Oscillation-Breakthrough-Strategy.md,variant_or_duplicate,bollinger_breakout,bollinger-breakout-2026-08-31.md
增强波动带反转策略Enhanced-Bollinger-Bands-Reversal-Strategy.md,variant_or_duplicate,bollinger_breakout,bollinger-breakout-2026-08-31.md
价格突破布林线A策略Price-Breakthrough-Bollinger-Band-A-Strategy.md,variant_or_duplicate,bollinger_breakout,bollinger-breakout-2026-08-31.md
Adaptive-Bollinger-Bands-Trend-Following-Strategy-with-Multi-Level-Risk-Management-自适应布林带趋势跟踪策略与多层风险管理系统.md,variant_or_duplicate,bollinger_breakout,bollinger-breakout-2026-08-31.md
移动布林线策略-Modified-Bollinger-Bands-Strategy.md,variant_or_duplicate,bollinger_breakout,bollinger-breakout-2026-08-31.md
Bollinger-Bands-Accurate-Entry-And-Risk-Control-Strategy-Bollinger-Bands准确入场和风险控制策略.md,variant_or_duplicate,bollinger_breakout,bollinger-breakout-2026-08-31.md
布林带突破-Swing-交易策略Bollinger-Bands-Breakout-Swing-Trading-Strategy.md,variant_or_duplicate,bollinger_breakout,bollinger-breakout-2026-08-31.md
基于布林带跟踪策略The-Bollinger-Bands-Tracking-Strategy.md,variant_or_duplicate,bollinger_breakout,bollinger-breakout-2026-08-31.md
双波动带突破策略Double-Bollinger-Bands-Breakout-Strategy.md,variant_or_duplicate,bollinger_breakout,bollinger-breakout-2026-08-31.md
基于布林带的双标准差交易策略Bollinger-Bands-Dual-Standard-Deviation-Trading-Strategy.md,variant_or_duplicate,bollinger_breakout,bollinger-breakout-2026-08-31.md
Bollinger-Bands-Strategy.md,variant_or_duplicate,bollinger_breakout,bollinger-breakout-2026-08-31.md
波尔带通道动量波动策略Bollinger-Band-Momentum-Burst-Strategy.md,variant_or_duplicate,bollinger_breakout,bollinger-breakout-2026-08-31.md
布林带动量优化策略-Bollinger-Bands-Momentum-Optimization-Strategy.md,variant_or_duplicate,bollinger_breakout,bollinger-breakout-2026-08-31.md
Bollinger波带标准差突破策略Bollinger-Bands-Standard-Deviation-Breakout-Strategy.md,variant_or_duplicate,bollinger_breakout,bollinger-breakout-2026-08-31.md
双向自适应布林带趋势追踪策略-Adaptive-Bollinger-Bands-Trend-Tracking-Strategy.md,variant_or_duplicate,bollinger_breakout,bollinger-breakout-2026-08-31.md
布林带趋势突破交易策略Bollinger-Bands-Breakout-Trend-Trading-Strategy.md,variant_or_duplicate,bollinger_breakout,bollinger-breakout-2026-08-31.md
双轨斜率追踪波动带策略Dual-Rail-Parabolic-SAR-Bollinger-Bands-Strategy.md,variant_or_duplicate,bollinger_breakout,bollinger-breakout-2026-08-31.md
基于布林带和分形突破的动态转折点策略-Dynamic-Reversal-Point-Strategy-Based-on-Bollinger-Bands-and-Fractal-Breakouts.md,variant_or_duplicate,bollinger_breakout,bollinger-breakout-2026-08-31.md
基于布林带的跨界动态区间量化交易策略-Cross-boundary-Dynamic-Range-Quantitative-Trading-Strategy-Based-on-Bollinger-Bands.md,variant_or_duplicate,bollinger_breakout,bollinger-breakout-2026-08-31.md
基于布林带B指标的长线交易策略Long-Term-Trading-Strategy-Based-on-Bollinger-Bands-B-Indicator.md,variant_or_duplicate,bollinger_breakout,bollinger-breakout-2026-08-31.md
布林带突破量化交易策略-Bollinger-Bands-Breakout-Quantitative-Trading-Strategy.md,variant_or_duplicate,bollinger_breakout,bollinger-breakout-2026-08-31.md
基于斐波那契序列的自适应布林带策略解析-Adaptive-Fibonacci-Bollinger-Bands-Strategy-Analysis.md,variant_or_duplicate,bollinger_breakout,bollinger-breakout-2026-08-31.md
布林带结合超级趋势的智能波动区间交易策略-Intelligent-Volatility-Range-Trading-Strategy-Combining-Bollinger-Bands-and-SuperTrend.md,variant_or_duplicate,bollinger_breakout,bollinger-breakout-2026-08-31.md
Bollinger带动量突破策略Bollinger-Bands-Momentum-Breakout-Strategy.md,variant_or_duplicate,bollinger_breakout,bollinger-breakout-2026-08-31.md
布林带风险管理的看涨吞没策略量化交易系统-Bullish-Engulfing-Quantitative-Trading-System-with-Bollinger-Bands-Risk-Management.md,variant_or_duplicate,bollinger_breakout,bollinger-breakout-2026-08-31.md
动态布林带突破趋势追踪策略-Dynamic-Bollinger-Bands-Breakout-Trend-Tracking-Strategy.md,variant_or_duplicate,bollinger_breakout,bollinger-breakout-2026-08-31.md
动量布林带突破策略Momentum-Bollinger-Bands-Breakout-Strategy.md,variant_or_duplicate,bollinger_breakout,bollinger-breakout-2026-08-31.md
抛物线停损反转与布林带趋势识别量化交易策略-Parabolic-SAR-and-Bollinger-Bands-Trend-Identification-Quantitative-Trading-Strategy.md,variant_or_duplicate,bollinger_breakout,bollinger-breakout-2026-08-31.md
增强型动态布林带交易策略-Enhanced-Dynamic-Bollinger-Bands-Trading-Strategy.md,variant_or_duplicate,bollinger_breakout,bollinger-breakout-2026-08-31.md
高级布林带指标组合动态趋势突破交易策略-Advanced-Bollinger-Bands-Multi-Indicator-Dynamic-Trend-Breakout-Trading-Strategy.md,variant_or_duplicate,bollinger_breakout,bollinger-breakout-2026-08-31.md
动量突破布林带交易策略Bollinger-Band-Momentum-Breakout-Trading-Strategy.md,variant_or_duplicate,bollinger_breakout,bollinger-breakout-2026-08-31.md
动态波幅突破策略Bollinger-Band-Breakout-Strategy.md,variant_or_duplicate,bollinger_breakout,bollinger-breakout-2026-08-31.md
基于布林带的短线交易策略Short-Term-Trading-Strategy-Based-on-Bollinger-Bands.md,variant_or_duplicate,bollinger_breakout,bollinger-breakout-2026-08-31.md
基于布林带动态均值突破的量化交易策略-Dynamic-Bollinger-Bands-Breakout-Quantitative-Trading-Strategy.md,variant_or_duplicate,bollinger_breakout,bollinger-breakout-2026-08-31.md
基于布林带的智能追踪交易策略Bollinger-Bands-Based-Intelligent-Tracking-Trading-Strategy.md,variant_or_duplicate,bollinger_breakout,bollinger-breakout-2026-08-31.md
Bollinger-Bands-Breakout-Strategy-布林带突破策略.md,variant_or_duplicate,bollinger_breakout,bollinger-breakout-2026-08-31.md
BB双重多空头交易策略BB-Dual-Long-and-Short-Trading-Strategy.md,variant_or_duplicate,bollinger_breakout,bollinger-breakout-2026-08-31.md
布林带与随机指标KD交叉策略Bollinger-Bands-and-Stochastic-KD-Crossover-Strategy.md,variant_or_duplicate,bollinger_breakout,bollinger-breakout-2026-08-31.md
布林带百分比交易策略Bollinger-Percentage-Bands-Trading-Strategy.md,variant_or_duplicate,bollinger_breakout,bollinger-breakout-2026-08-31.md
布林带与ATR动态趋势跟踪策略多时间框架量化交易系统-Bollinger-Bands-and-ATR-Dynamic-Trend-Following-Strategy-Multi-Timeframe-Quantitative-Trading-System.md,variant_or_duplicate,bollinger_breakout,bollinger-breakout-2026-08-31.md
基于布林带指标的简单量化交易策略Bollinger-Bands-Breakout-Strategy.md,variant_or_duplicate,bollinger_breakout,bollinger-breakout-2026-08-31.md
金叉均线突破布林带策略Golden-Cross-with-Bollinger-Bands-Momentum-Strategy.md,variant_or_duplicate,bollinger_breakout,bollinger-breakout-2026-08-31.md
基于布林带和交易量的双重确认量化交易策略Bollinger-Bands-Volume-Confirmation-Quantitative-Trading-Strategy.md,variant_or_duplicate,bollinger_breakout,bollinger-breakout-2026-08-31.md
BMSB-布林麦克超级趋势交易策略-BMSB-Bollinger-SuperTrend-Trading-Strategy.md,variant_or_duplicate,bollinger_breakout,bollinger-breakout-2026-08-31.md
基于布林通道指标的突破交易策略Dynamic-Bollinger-Breakout-Strategy.md,variant_or_duplicate,bollinger_breakout,bollinger-breakout-2026-08-31.md
Bollinger-Band-Breakout-strategy.md,variant_or_duplicate,bollinger_breakout,bollinger-breakout-2026-08-31.md
基于布林带短期趋势跟踪型策略Bollinger-Bands-Breakout-short-term-trend-following-Strategy.md,variant_or_duplicate,bollinger_breakout,bollinger-breakout-2026-08-31.md
三重超趋势与布林带融合的多指标趋势跟踪策略-Triple-Supertrend-and-Bollinger-Bands-Multi-Indicator-Trend-Following-Strategy.md,variant_or_duplicate,bollinger_breakout,bollinger-breakout-2026-08-31.md
Bollinger-Bands-Breakout-Strategy-布林线突破策略.md,variant_or_duplicate,bollinger_breakout,bollinger-breakout-2026-08-31.md
多周期布林带交叉趋势跟踪策略-Multi-Period-Bollinger-Bands-Crossover-Trend-Following-Strategy.md,variant_or_duplicate,bollinger_breakout,bollinger-breakout-2026-08-31.md
基于布林带突破的量化交易策略-Bollinger-Bands-Breakout-Quantitative-Trading-Strategy.md,variant_or_duplicate,bollinger_breakout,bollinger-breakout-2026-08-31.md
基于布林带的突破策略Bollinger-Bands-Breakout-Strategy.md,variant_or_duplicate,bollinger_breakout,bollinger-breakout-2026-08-31.md
三重触及布林带趋势跟踪量化交易策略-Triple-Bollinger-Bands-Touch-Trend-Following-Quantitative-Trading-Strategy.md,variant_or_duplicate,bollinger_breakout,bollinger-breakout-2026-08-31.md
布林带突破交易策略Bollinger-Bands-Breakout-Trading-Strategy.md,variant_or_duplicate,bollinger_breakout,bollinger-breakout-2026-08-31.md
基于布林带的突破策略Bollinger-Breakout-Strategy.md,variant_or_duplicate,bollinger_breakout,bollinger-breakout-2026-08-31.md
玻尔波带波动信号策略Bollinger-Wave-Strategy.md,variant_or_duplicate,bollinger_breakout,bollinger-breakout-2026-08-31.md
Bollinger-Bands-Dynamic-Breakout-Strategy-动态布林带突破策略.md,variant_or_duplicate,bollinger_breakout,bollinger-breakout-2026-08-31.md
突破波动带交易策略Breakout-Bollinger-Band-Trading-Strategy.md,variant_or_duplicate,bollinger_breakout,bollinger-breakout-2026-08-31.md
布林带交叉信号筛选交易策略-Bollinger-Bands-Crossover-Signal-Filtering-Strategy.md,variant_or_duplicate,bollinger_breakout,bollinger-breakout-2026-08-31.md
双轨道布林带动量交易策略Dual-track-Bollinger-Band-Momentum-Trading-Strategy.md,variant_or_duplicate,bollinger_breakout,bollinger-breakout-2026-08-31.md
多周期布林带触碰趋势反转量化交易策略-Multi-Period-Bollinger-Bands-Touch-Trend-Reversal-Quantitative-Trading-Strategy.md,variant_or_duplicate,bollinger_breakout,bollinger-breakout-2026-08-31.md
MCL-YG波动率突破交易策略MCL-YG-Bollinger-Band-Breakout-Pair-Trading-Strategy.md,variant_or_duplicate,bollinger_breakout,bollinger-breakout-2026-08-31.md
多重筛选型布林带交易策略Multi-filter-Bollinger-Band-Trading-Strategy.md,variant_or_duplicate,bollinger_breakout,bollinger-breakout-2026-08-31.md
基于布林带趋势背离的多层级量化交易策略-Multi-Level-Quantitative-Trading-Strategy-Based-on-Bollinger-Bands-Trend-Divergence.md,variant_or_duplicate,bollinger_breakout,bollinger-breakout-2026-08-31.md
反转型布林带通道震荡趋势策略Bollinger-Bands-Reversal-Oscillation-Trend-Strategy.md,variant_or_duplicate,bollinger_breakout,bollinger-breakout-2026-08-31.md
Bollinger-lows.md,variant_or_duplicate,bollinger_breakout,bollinger-breakout-2026-08-31.md
布林带ATR趋势跟踪策略-Bollinger-Band-ATR-Trend-Following-Strategy.md,variant_or_duplicate,bollinger_breakout,bollinger-breakout-2026-08-31.md
布林带精准风险优化策略-Bollinger-Precision-Risk-Optimization-Strategy.md,variant_or_duplicate,bollinger_breakout,bollinger-breakout-2026-08-31.md
玻尔兰德波带跟踪策略Bollinger-Band-Tracking-Strategy.md,variant_or_duplicate,bollinger_breakout,bollinger-breakout-2026-08-31.md
基于布林带突破的三连阳阳线高点趋势跟踪策略-Triple-Candlestick-Bollinger-Bands-Breakout-Trend-Following-Strategy-with-High-Low-Point-Confirmation.md,variant_or_duplicate,bollinger_breakout,bollinger-breakout-2026-08-31.md
布林带高频量化策略结合过高低点突破的多空策略-Bollinger-Bands-High-Frequency-Quantitative-Strategy-Combined-with-High-Low-Breakout-System.md,variant_or_duplicate,bollinger_breakout,bollinger-breakout-2026-08-31.md
Bollinger-Bands动量反转量化策略Bollinger-Bands-Momentum-Reversal-Quantitative-Strategy.md,variant_or_duplicate,bollinger_breakout,bollinger-breakout-2026-08-31.md
BB均线突破策略-BB-Breakout-Strategy.md,variant_or_duplicate,bollinger_breakout,bollinger-breakout-2026-08-31.md
双重标准差布林带动量突破量化策略-Dual-Standard-Deviation-Bollinger-Bands-Momentum-Breakout-Strategy.md,variant_or_duplicate,bollinger_breakout,bollinger-breakout-2026-08-31.md
宽带震荡锁定策略Bollinger-Bands-Consolidation-Strategy.md,variant_or_duplicate,bollinger_breakout,bollinger-breakout-2026-08-31.md
基于布林带和蜡烛图形态的动态波动率交易策略-Dynamic-Volatility-Trading-Strategy-Based-on-Bollinger-Bands-and-Candlestick-Patterns.md,variant_or_duplicate,bollinger_breakout,bollinger-breakout-2026-08-31.md
布林带突破股票策略Bollinger-Breakout-Stock-Strategy.md,variant_or_duplicate,bollinger_breakout,bollinger-breakout-2026-08-31.md
布林带跨度交易策略Bollinger-Band-Breakout-Trading-Strategy.md,variant_or_duplicate,bollinger_breakout,bollinger-breakout-2026-08-31.md
动态布林带时间范围选择策略Bollinger-Band-Strategy-with-Date-Range-Selection.md,variant_or_duplicate,bollinger_breakout,bollinger-breakout-2026-08-31.md
布林带与斐波那契日内趋势追踪策略-Bollinger-Bands-and-Fibonacci-Intraday-Trend-Following-Strategy.md,variant_or_duplicate,bollinger_breakout,bollinger-breakout-2026-08-31.md
基于布林带的价格行为策略Bollinger-Band-based-Price-Action-Strategy.md,variant_or_duplicate,bollinger_breakout,bollinger-breakout-2026-08-31.md
基于布林带突破的FiboBuLL波浪策略FiboBuLL-Wave-Strategy-Based-on-Bollinger-Bands-Breakout.md,variant_or_duplicate,bollinger_breakout,bollinger-breakout-2026-08-31.md
基于布林带的多头策略Bollinger-Bands-Long-Only-Strategy.md,variant_or_duplicate,bollinger_breakout,bollinger-breakout-2026-08-31.md
Bollinger-Bands-Standard-Deviation-Breakout-Strategy-布林带标准差突破策略.md,variant_or_duplicate,bollinger_breakout,bollinger-breakout-2026-08-31.md
基于布林带及VWAP的多头突破策略Bollinger-Band-Breakout-Strategy-Based-on-VWAP.md,variant_or_duplicate,bollinger_breakout,bollinger-breakout-2026-08-31.md
超级趋势与布林带组合策略-Supertrend-and-Bollinger-Bands-Combination-Strategy.md,variant_or_duplicate,bollinger_breakout,bollinger-breakout-2026-08-31.md
布林带精确交叉突破量化策略Bollinger-Bands-Precise-Crossover-Quantitative-Strategy.md,variant_or_duplicate,bollinger_breakout,bollinger-breakout-2026-08-31.md
突破与智能反转布林带价格通道策略Breakout-and-Intelligent-Bollinger-Bands-Price-Channel-Strategy.md,variant_or_duplicate,bollinger_breakout,bollinger-breakout-2026-08-31.md
基于金叉死叉布林带策略Bollinger-Crossing-Death-Golden-Strategy.md,variant_or_duplicate,bollinger_breakout,bollinger-breakout-2026-08-31.md
玻尔福重复索纳策略Bollinger-Bands-Reversal-Strategy.md,variant_or_duplicate,bollinger_breakout,bollinger-breakout-2026-08-31.md
波林带结合伍迪CCI多重指标过滤交易信号策略-Multi-Indicator-Filtered-Trading-Strategy-with-Bollinger-Bands-and-Woodies-CCI.md,variant_or_duplicate,bollinger_breakout,bollinger-breakout-2026-08-31.md
基于布林带通道的指数交易策略Index-Trading-Strategy-Based-on-Bollinger-Bands.md,variant_or_duplicate,bollinger_breakout,bollinger-breakout-2026-08-31.md
布林带通道突破交易策略Bollinger-Band-Channel-Breakout-Trading-Strategy.md,variant_or_duplicate,bollinger_breakout,bollinger-breakout-2026-08-31.md
多指标波动带交易策略Multi-Indicator-Bollinger-Bands-Trading-Strategy.md,variant_or_duplicate,bollinger_breakout,bollinger-breakout-2026-08-31.md
波林格带突破与波动率过滤策略Bollinger-Bands-Breakout-with-Volatility-Filter-Strategy.md,variant_or_duplicate,bollinger_breakout,bollinger-breakout-2026-08-31.md
动态支撑阻力与布林带多指标交叉策略-Dynamic-Support-Resistance-Bollinger-Bands-Multi-Indicator-Cross-Strategy.md,variant_or_duplicate,bollinger_breakout,bollinger-breakout-2026-08-31.md
布林带突破策略-Bollinger-Bands-Breakout-Strategy.md,variant_or_duplicate,bollinger_breakout,bollinger-breakout-2026-08-31.md
三指数均线止盈止损策略Triple-Exponential-Moving-Average-Profit-Taking-and-Stop-Loss-Strategy.md,non_alpha_utility_or_execution_example,utility,
多指标趋势跟踪策略结合ATR动态止盈止损-Multi-Indicator-Trend-Following-Strategy-with-ATR-Dynamic-Stop-Loss-Take-Profit.md,non_alpha_utility_or_execution_example,utility,
动态止损追踪交易策略ATR-Trailing-Stops-Strategy.md,non_alpha_utility_or_execution_example,utility,
百分比止盈止损跟踪策略Percentage-Stop-Loss-Take-Profit-Trailing-Strategy.md,non_alpha_utility_or_execution_example,utility,
基于Doji星形态的止损止盈策略Stop-Loss-and-Take-Profit-Strategy-Based-on-Doji-Pattern.md,non_alpha_utility_or_execution_example,utility,
动态ATR止损的RSI超卖弹性量化策略-Dynamic-ATR-Stop-Loss-RSI-Oversold-Rebound-Quantitative-Strategy.md,non_alpha_utility_or_execution_example,utility,
Shannons-Demon.md,non_alpha_utility_or_execution_example,utility,
固定时间突破回测策略Fixed-Time-Breakback-Testing-Strategy.md,non_alpha_utility_or_execution_example,utility,
布林带动态止盈与动态加仓策略-Bollinger-Band-Dynamic-Take-Profit-and-Dynamic-Position-Adding-Strategy.md,non_alpha_utility_or_execution_example,utility,
基于动态双均线追踪止损策略Dynamic-Dual-Moving-Average-Trailing-Stop-Strategy.md,non_alpha_utility_or_execution_example,utility,
平滑RSI回测策略V2Smoothed-RSI-Backtesting-Strategy-V2.md,non_alpha_utility_or_execution_example,utility,
动态持仓盈利追踪交易策略Dynamic-Trailing-Take-Profit-Trading-Strategy.md,non_alpha_utility_or_execution_example,utility,
最佳追踪止盈策略Best-Trailing-Take-Profit-Strategy.md,non_alpha_utility_or_execution_example,utility,
基于ABCD形态且带止损追踪和止盈追踪的全新量化交易策略Best-ABCD-Pattern-Trading-Strategy-with-Stop-Loss-and-Take-Profit-Tracking.md,non_alpha_utility_or_execution_example,utility,
双均线交叉带止盈止损的自适应量化交易策略-Adaptive-Quantitative-Trading-Strategy-with-Dual-Moving-Average-Crossover-and-Take-Profit-Stop-Loss.md,non_alpha_utility_or_execution_example,utility,
动态追踪止损策略Dynamic-Trailing-Stop-Loss-Strategy.md,non_alpha_utility_or_execution_example,utility,
双均线价格跃动策略Dual-Moving-Average-Price-Leaping-Strategy.md,non_alpha_utility_or_execution_example,utility,
MA99接触与动态止损策略-MA99-Touch-and-Dynamic-Stop-Loss-Strategy.md,non_alpha_utility_or_execution_example,utility,
多重均线与RSI交叉动态ATR止盈止损策略-Multi-SMA-and-RSI-Crossover-Strategy-with-Dynamic-ATR-based-Take-Profit-and-Stop-Loss.md,non_alpha_utility_or_execution_example,utility,
ChandelierExit-EMA动态止损趋势跟踪策略-ChandelierExit-EMA-Dynamic-Stop-Loss-Trend-Following-Strategy.md,non_alpha_utility_or_execution_example,utility,
Nick-Rypock-Trailing-Reverse-NRTR.md,non_alpha_utility_or_execution_example,utility,
基于ATR指标的抛物线止损策略Parabolic-SAR-Trailing-Stop-Strategy-Based-on-ATR-Indicator.md,non_alpha_utility_or_execution_example,utility,
三重EMA追踪止损策略Triple-EMA-With-Trailing-Stop-Loss-Strategy.md,non_alpha_utility_or_execution_example,utility,
多时间框架EMA-RSI-AO-PSAR动态止盈止损策略-Multi-Timeframe-EMA-RSI-AO-PSAR-Dynamic-Stop-Loss-and-Take-Profit-Strategy.md,non_alpha_utility_or_execution_example,utility,
动态趋势跟随多重指标分批止盈交易策略-Dynamic-Trend-Following-Multi-Indicator-Staged-Take-Profit-Trading-Strategy.md,non_alpha_utility_or_execution_example,utility,
动态跟随止损策略Dynamic-Trailing-Stop-Loss-Strategy.md,non_alpha_utility_or_execution_example,utility,
VWAP均线交叉动态ATR止损止盈策略-VWAP-Moving-Average-Crossover-with-Dynamic-ATR-Stop-Loss-and-Take-Profit-Strategy.md,non_alpha_utility_or_execution_example,utility,
基于ATR止损的一目均衡策略ATR-Stop-Loss-Ichimoku-Kijun-Breakout-Strategy.md,non_alpha_utility_or_execution_example,utility,
趋势追踪止损止盈策略Trend-Tracking-Stop-Loss-Take-Profit-Strategy.md,non_alpha_utility_or_execution_example,utility,
自适应止损轨道策略Adaptive-Stop-Loss-Rail-Strategy.md,non_alpha_utility_or_execution_example,utility,
MACD-V和斐波那契多时间框架动态止盈策略-MACD-V-and-Fibonacci-Multi-Timeframe-Dynamic-Take-Profit-Strategy.md,non_alpha_utility_or_execution_example,utility,
基于纤程指标的移动止损限价策略Fibonacci-Retracement-Dynamic-Stop-Loss-Strategy.md,non_alpha_utility_or_execution_example,utility,
Fisher变换指标回测策略Backtesting-Strategy-Based-on-Fisher-Transform-Indicator.md,non_alpha_utility_or_execution_example,utility,
双向MA追踪止损策略Dual-Moving-Average-Tracking-Stop-Loss-Strategy.md,non_alpha_utility_or_execution_example,utility,
EMA双均线固定风险止损止盈-EMA-Dual-Crossover-Fixed-Risk-Stop-Loss-Take-Profit.md,non_alpha_utility_or_execution_example,utility,
指数移动平均与动态追踪止损的多维度趋势交易系统-Multi-dimensional-Trend-Trading-System-with-EMA-and-Dynamic-Trailing-Stop.md,non_alpha_utility_or_execution_example,utility,
双均线交叉优化止损策略Dual-Moving-Average-Crossover-with-Optimized-Stop-Loss-Strategy.md,non_alpha_utility_or_execution_example,utility,
双EMA指标智能交叉交易系统与动态止盈止损策略-Dual-EMA-Indicator-Smart-Crossing-Trading-System-with-Dynamic-Stop-Loss-and-Take-Profit-Strategy.md,non_alpha_utility_or_execution_example,utility,
斐波那契布林带与相对强弱指数组合动态止盈策略-Fibonacci-Bollinger-Bands-with-RSI-Dynamic-Take-Profit-Strategy.md,non_alpha_utility_or_execution_example,utility,
双均线趋势捕捉策略结合动态止损和过滤器-Dual-Moving-Average-Trend-Capture-Strategy-with-Dynamic-Stop-Loss-and-Filter.md,non_alpha_utility_or_execution_example,utility,
Utility-Logger.md,non_alpha_utility_or_execution_example,utility,
多重指数均线自动交易跟踪止盈系统-Multi-EMA-Automated-Trading-System-with-Trailing-Profit-Lock.md,non_alpha_utility_or_execution_example,utility,
动态价格通道止损追踪策略Dynamic-Price-Channel-with-Stop-Loss-Tracking-Strategy.md,non_alpha_utility_or_execution_example,utility,
4小时时间框架上的吞没形态交易策略与动态止盈止损优化-4-Hour-Timeframe-Engulfing-Pattern-Trading-Strategy-with-Dynamic-Take-Profit-and-Stop-Loss-Optimization.md,non_alpha_utility_or_execution_example,utility,
基于MA-VWAP交叉的灵活止损止盈策略Flexible-MA-VWAP-Crossover-Strategy-with-Stop-Loss-Take-Profit.md,non_alpha_utility_or_execution_example,utility,
动量追踪止损策略Momentum-Tracking-Stop-Loss-Strategy.md,non_alpha_utility_or_execution_example,utility,
基于历史回测的多时间周期公平价值缺口突破策略-Multi-timeframe-Fair-Value-Gap-Breakout-Strategy-with-Historical-Backtest.md,non_alpha_utility_or_execution_example,utility,
关键反转信号回测策略Key-Reversal-Backtest-Strategy.md,non_alpha_utility_or_execution_example,utility,
多指标交叉动量交易策略结合止盈止损优化系统-Multi-Indicator-Crossover-Momentum-Trading-Strategy-with-Optimized-Take-Profit-and-Stop-Loss-System.md,non_alpha_utility_or_execution_example,utility,
ATR跟踪止损策略ATR-Trailing-Stop-Strategy.md,non_alpha_utility_or_execution_example,utility,
反转追踪蜡烛形态策略Reversal-Candlestick-Backtesting-Strategy.md,non_alpha_utility_or_execution_example,utility,
动态波动率止损的趋势动量交易策略-Dynamic-Volatility-Based-Stop-Loss-Trend-Momentum-Trading-Strategy.md,non_alpha_utility_or_execution_example,utility,
RSI指标追踪止盈止损策略RSI-Target-and-Stop-Loss-Tracking-Strategy.md,non_alpha_utility_or_execution_example,utility,
低吸多头追踪止盈止损策略Buying-dips-with-take-profit-and-stop-loss.md,non_alpha_utility_or_execution_example,utility,
动态止损随ATR波动自适应的动量敲入策略Dynamic-Stop-Loss-Strategy-Adaptive-to-ATR-Fluctuations.md,non_alpha_utility_or_execution_example,utility,
Advanced-Fair-Value-Gap-Detection-Strategy-with-Dynamic-Risk-Management-and-Fixed-Take-Profit-基于动态风险管理和固定获利的高级公允价值缺口检测策略.md,non_alpha_utility_or_execution_example,utility,
百分比追踪止损策略Percent-Trailing-Stop-Loss-Strategy.md,non_alpha_utility_or_execution_example,utility,
基于双均线交叉和止损策略的高效交易策略An-Efficient-Trading-Strategy-Based-on-Dual-Moving-Average-Crossover-and-Stop-Loss.md,non_alpha_utility_or_execution_example,utility,
Parabolic-SAR扇形跟踪止损策略Parabolic-SAR-Trailing-Stop-Loss-Strategy.md,non_alpha_utility_or_execution_example,utility,
基于ATR止损和交易区间控制的RSI趋势反转交易策略-RSI-Trend-Reversal-Trading-Strategy-with-ATR-Stop-Loss-and-Trading-Zone-Control.md,non_alpha_utility_or_execution_example,utility,
RSI止损追踪交易策略-RSI-Stop-Loss-Tracking-Trading-Strategy.md,non_alpha_utility_or_execution_example,utility,
简单移动平均交叉止损策略Simple-Moving-Average-Crossover-with-Stop-Loss-Strategy.md,non_alpha_utility_or_execution_example,utility,
双移动平均线与MACD结合的趋势跟踪动态止盈智能交易系统-Dual-Moving-Average-and-MACD-Combined-Trend-Following-Dynamic-Take-Profit-Smart-Trading-System.md,non_alpha_utility_or_execution_example,utility,
基于价格间隙的跟踪止损策略Trailing-Stop-Loss-Strategy-Based-on-Price-Gaps.md,non_alpha_utility_or_execution_example,utility,
多重均线支撑位假突破策略结合ATR止损系统-Multi-SMA-Support-Level-False-Breakout-Strategy-with-ATR-Stop-Loss-System.md,non_alpha_utility_or_execution_example,utility,
双向追踪止损移动平均趋势策略Dual-directional-Trailing-Stop-Moving-Average-Trend-Strategy.md,non_alpha_utility_or_execution_example,utility,
基于EMA和ATR止损的趋势跟踪策略EMA-Strategy-with-ATR-Stop-Loss.md,non_alpha_utility_or_execution_example,utility,
基于一目均衡表的止损策略Ichimoku-Stop-Loss-Strategy.md,non_alpha_utility_or_execution_example,utility,
Alpha趋势跟踪止损策略Alpha-Trend-Strategy-with-Trailing-Stop-Loss.md,non_alpha_utility_or_execution_example,utility,
动态双EMA游离停止策略Dynamic-Dual-EMA-Trailing-Stop-Strategy.md,non_alpha_utility_or_execution_example,utility,
跟踪止损反转策略Trailing-Stop-Loss-Reversal-Strategy.md,non_alpha_utility_or_execution_example,utility,
超级趋势追踪止损策略Trend-Following-Strategy-with-Stop-Loss.md,non_alpha_utility_or_execution_example,utility,
双均线趋势判断与波动率止损策略-Dual-Moving-Average-Trend-Detection-with-Volatility-Based-Stop-Loss-Strategy.md,non_alpha_utility_or_execution_example,utility,
基于目标止损比例和固定仓位的EMA交叉策略-EMA-Crossover-Strategy-with-Target-Stop-loss-Ratio-and-Fixed-Position-Size.md,non_alpha_utility_or_execution_example,utility,
趋势追踪移动止损策略Trend-Tracking-Trailing-Stop-Strategy.md,non_alpha_utility_or_execution_example,utility,
自适应ATR追踪止损策略Adaptive-ATR-Trailing-Stop-Loss-Strategy.md,non_alpha_utility_or_execution_example,utility,
Demo如何利用策略交互动态调整策略参数.md,non_alpha_utility_or_execution_example,utility,
动态调整止损的大象柱形态趋势跟踪策略-Dynamic-Stop-Loss-Adjustment-Elephant-Bar-Trend-Following-Strategy.md,non_alpha_utility_or_execution_example,utility,
基于三根连续阴线和均线的动态止盈止损交易策略-Dynamic-Take-Profit-and-Stop-Loss-Trading-Strategy-Based-on-Three-Consecutive-Bearish-Candles-and-Moving-Averages.md,non_alpha_utility_or_execution_example,utility,
双均线回调反转交易策略基于EMA穿越与回测容差的趋势跟踪系统-Dual-EMA-Retest-Reversal-Strategy-A-Trend-Following-System-Based-on-EMA-Crossovers-and-Retest-Tolerance.md,non_alpha_utility_or_execution_example,utility,
均值回归型布林带RSI策略结合ATR动态止损优化系统-Mean-Reversion-Strategy-with-Bollinger-Bands-RSI-and-ATR-Based-Dynamic-Stop-Loss-System.md,non_alpha_utility_or_execution_example,utility,
基于移动平均线与平均真实范围尾随止损的量化交易策略Quantitative-Trading-Based-on-Moving-Average-Envelope-and-ATR-Trailing-Stop.md,non_alpha_utility_or_execution_example,utility,
多周期SAR趋势跟踪自适应止损优化策略-Multi-Period-SAR-Trend-Following-Strategy-with-Adaptive-Stop-Loss-Optimization.md,non_alpha_utility_or_execution_example,utility,
唐奇安通道突破策略Donchian-Channel-Breakout-Strategy-with-ATRSL-Trailing-Stop.md,non_alpha_utility_or_execution_example,utility,
双盈止损均线交叉量化策略Dual-Take-Profit-Moving-Average-Crossover-Quantitative-Strategy.md,non_alpha_utility_or_execution_example,utility,
午夜蜡烛颜色策略Midnight-Candle-Color-Strategy-with-Stop-Loss-and-Take-Profit.md,non_alpha_utility_or_execution_example,utility,
基于成交量均线的自适应金字塔动态止盈止损交易策略-Volume-MA-based-Adaptive-Pyramiding-Dynamic-Stop-Loss-and-Take-Profit-Trading-Strategy.md,non_alpha_utility_or_execution_example,utility,
奥克量化-使用扩展API获取机器人的信息并展示.md,non_alpha_utility_or_execution_example,utility,
基于ATR的动态止损策略ATR-based-Dynamic-Stop-Loss-Strategy.md,non_alpha_utility_or_execution_example,utility,
动量套利策略回测分析Momentum-Arbitrage-Strategy-Backtest-Analysis.md,non_alpha_utility_or_execution_example,utility,
Improved-RSI-Breakout-Strategy-with-Stop-Loss-and-Take-Profit改进RSI突破策略带止损止盈.md,non_alpha_utility_or_execution_example,utility,
SMA趋势跟踪策略-SMA-Trend-Following-Strategy-with-Trailing-Stop-Loss-and-Disciplined-Re-Entry.md,non_alpha_utility_or_execution_example,utility,
日志Logger.md,non_alpha_utility_or_execution_example,utility,
EMA-SMA趋势跟踪与波段交易策略结合成交量过滤和百分比止盈止损系统-EMA-SMA-Trend-Following-with-Swing-Trading-Strategy-Combined-Volume-Filter-and-Percentage-Take-Profit-Stop-Loss-System.md,non_alpha_utility_or_execution_example,utility,
Supertrend双重触发的多步移动止盈策略Double-Supertrend-Multi-Step-Trailing-Take-Profit-Strategy.md,non_alpha_utility_or_execution_example,utility,
基于支撑阻力位突破和回测的多级量化趋势交易策略-Multi-Level-Quantitative-Trend-Trading-Strategy-Based-on-Support-Resistance-Breakout-and-Retest.md,non_alpha_utility_or_execution_example,utility,
双均线止盈止损趋势交易策略-Dual-Moving-Average-Trend-Trading-Strategy-with-Stop-Loss-and-Take-Profit.md,non_alpha_utility_or_execution_example,utility,
基于平均价海金阿什烛台与相对强弱指数的动态调仓策略Dynamic-Capital-Allocation-Strategy-Based-on-Heikin-Ashi-Candles-and-Relative-Strength-Index.md,non_alpha_utility_or_execution_example,utility,
基于波尔贝尔指标与成交量分位过滤的多级动态止盈交易策略-Bull-Bear-Power-Trading-Strategy-with-Volume-Percentile-Based-Dynamic-Take-Profit-System.md,non_alpha_utility_or_execution_example,utility,
BitMEX-高级API功能-期货批量下单一键撤单-JavaScript.md,non_alpha_utility_or_execution_example,utility,
基于RSI的低价动态入场与止损策略-Dynamic-Low-Price-Entry-and-Stop-Loss-Strategy-Based-on-RSI.md,non_alpha_utility_or_execution_example,utility,
首个蜡烛突破-动态追踪止损与收盘平仓策略-First-Candle-Breakout-Dynamic-Trailing-Stop-EOD-Close-Strategy.md,non_alpha_utility_or_execution_example,utility,
Hilo-Activator-MACD-动态止盈止损交易策略-Hilo-Activator-MACD-Dynamic-Stop-Loss-Take-Profit-Trading-Strategy.md,non_alpha_utility_or_execution_example,utility,
多重时间框架趋势跟踪策略结合动态仓位管理和ATR止盈止损系统-Multi-Timeframe-Trend-Following-Strategy-with-Dynamic-Position-Sizing-and-ATR-Based-Take-Profit-Stop-Loss-System.md,non_alpha_utility_or_execution_example,utility,
基于UT-Bot指标的ATR移动止损策略UT-Bot-Indicator-Based-ATR-Trailing-Stop-Strategy.md,non_alpha_utility_or_execution_example,utility,
帕罗贝尔周期与布林带结合的移动止损策略Parabolic-Period-and-Bollinger-Band-Combined-Moving-Stop-Loss-Strategy.md,non_alpha_utility_or_execution_example,utility,
基于EMA和MACD指标的跟踪止损交易策略EMA-and-MACD-Trading-Strategy-with-Trailing-Stop-Loss.md,non_alpha_utility_or_execution_example,utility,
双入场均价追踪止损策略Dual-Entry-Position-Averaging-Trailing-Stop-Loss-Strategy.md,non_alpha_utility_or_execution_example,utility,
Fisher变换指标回测策略Fisher-Transform-Backtest-Strategy.md,non_alpha_utility_or_execution_example,utility,
指数移动平均线交叉结合动态止损策略-EMA-Crossover-Strategy-with-Dynamic-Trailing-Stop-Loss.md,non_alpha_utility_or_execution_example,utility,
随机震荡指标与均线交叉策略结合止损与随机震荡过滤器-Stochastic-Oscillator-and-Moving-Average-Crossover-Strategy-with-Stop-Loss-and-Stochastic-Filter.md,non_alpha_utility_or_execution_example,utility,
动态止盈智能追踪策略-Dynamic-Take-Profit-Smart-Trailing-Strategy.md,non_alpha_utility_or_execution_example,utility,
基于ATR的多重趋势跟踪策略与止盈止损优化系统-ATR-Based-Multi-Trend-Following-Strategy-with-Take-Profit-and-Stop-Loss-Optimization-System.md,non_alpha_utility_or_execution_example,utility,
双ATR尾随止损策略Dual-ATR-Trailing-Stop-Strategy.md,non_alpha_utility_or_execution_example,utility,
动态止损止盈的双均线趋势跟踪与蜡烛图反应策略-Dynamic-Stop-Loss-and-Take-Profit-Dual-Moving-Average-Trend-Following-Strategy-with-Candlestick-Reactions.md,non_alpha_utility_or_execution_example,utility,
未来价格延伸线回测策略Future-Lines-of-Demarcation-Backtest-Strategy.md,non_alpha_utility_or_execution_example,utility,
RSI动态止损智能交易策略-RSI-Dynamic-Stop-Loss-Intelligent-Trading-Strategy.md,non_alpha_utility_or_execution_example,utility,
基于Heikin-Ashi的超级趋势-trailing-stop损策略SuperTrend-Trailing-Stop-Strategy-Based-on-Heikin-Ashi.md,non_alpha_utility_or_execution_example,utility,
VNC-SVM-Test.md,non_alpha_utility_or_execution_example,utility,
动态ATR追踪止损策略Dynamic-ATR-Trailing-Stop-Loss-Strategy.md,non_alpha_utility_or_execution_example,utility,
挤压回测变形金刚v20-Squeeze-Backtest-Transformer-v20.md,non_alpha_utility_or_execution_example,utility,
突破高低点回测策略Breakthrough-Highs-and-Lows-Backtesting-Strategy.md,non_alpha_utility_or_execution_example,utility,
基于动量和标准差的黄金交易策略All-About-Momentum-Trading-Strategy-with-Stop-Loss-for-Gold.md,non_alpha_utility_or_execution_example,utility,
价格动量追踪止损策略Price-Momentum-Tracking-Stop-Loss-Strategy.md,non_alpha_utility_or_execution_example,utility,
基于价格的止损止盈策略Price-based-Stop-Loss-and-Take-Profit-Strategy.md,non_alpha_utility_or_execution_example,utility,
超级趋势止损追踪交易策略SuperTrend-with-Stop-Loss-Trailing-Strategy.md,non_alpha_utility_or_execution_example,utility,
均线交叉趋势追踪策略结合SMA止损和重入场机制-EMA-Cross-Trend-Following-Strategy-with-SMA-Stop-Loss-and-Re-Entry-Mechanism.md,non_alpha_utility_or_execution_example,utility,
RSI均线移动止损止盈策略RSI-Moving-Average-Trailing-Stop-Strategy.md,non_alpha_utility_or_execution_example,utility,
可配置BBRSIAroon策略Configurable-BBRSIAroon-Strategy-Backtest.md,non_alpha_utility_or_execution_example,utility,
多指标背离买卖策略与自适应止盈止损-Multi-Indicator-Divergence-Trading-Strategy-with-Adaptive-Take-Profit-and-Stop-Loss.md,non_alpha_utility_or_execution_example,utility,
动态均线与布林带交叉策略结合固定止损优化模型-Dynamic-Moving-Average-and-Bollinger-Bands-Cross-Strategy-with-Fixed-Stop-Loss-Optimization-Model.md,non_alpha_utility_or_execution_example,utility,
VWAP与RSI动态布林带止盈止损策略-VWAP-and-RSI-Dynamic-Bollinger-Bands-Take-Profit-and-Stop-Loss-Strategy.md,non_alpha_utility_or_execution_example,utility,
SUPERTREND趋势追踪型多头止盈止损策略SUPERTREND-Trend-following-Long-Position-with-Stop-loss-and-Take-profit-Strategy.md,non_alpha_utility_or_execution_example,utility,
均线交叉移动止盈止损策略-Moving-Average-Crossover-with-Trailing-Stop-Loss-Strategy.md,non_alpha_utility_or_execution_example,utility,
RSI收敛破位趋势震荡停损策略Price-Drop-Buy-Strategy-in-Downtrend-with-Stop-Loss.md,non_alpha_utility_or_execution_example,utility,
波道策略与止损The-Bollinger-Bands-Stop-Loss-Strategy.md,non_alpha_utility_or_execution_example,utility,
动态公允价值缺口日内交易策略基于SMC理论的多时间框架回测系统-Dynamic-Fair-Value-Gap-Intraday-Trading-Strategy-A-Multi-Timeframe-Backtesting-System-Based-on-Smart-Money-Concept-Theory.md,non_alpha_utility_or_execution_example,utility,
Combo-Backtest-123-Reversal-Relative-Volatility-Index.md,non_alpha_utility_or_execution_example,utility,
QFL震荡条件止损均线策略-QFL-Oscillation-Stop-Loss-Moving-Average-Strategy.md,non_alpha_utility_or_execution_example,utility,
基于915高低点自动预测的多空目标止损策略Automatic-Forecasting-Long-Short-Target-Stop-Loss-Strategy-Based-on-915-High-Low.md,non_alpha_utility_or_execution_example,utility,
基于技术分析和资金管理的量化交易策略The-Support-Resistance-Psychology-Candlestick-Feedback-Money-Management-strategy.md,non_alpha_utility_or_execution_example,utility,
高级多功能SuperTrend趋势跟踪策略与自动止盈止损系统-Advanced-Multi-functional-SuperTrend-Trend-Following-Strategy-with-Automated-Take-Profit-and-Stop-Loss-System.md,non_alpha_utility_or_execution_example,utility,
多级分批止盈BTC机器人交易策略Multi-level-Batch-Take-Profit-BTC-Robot-Trading-Strategy.md,non_alpha_utility_or_execution_example,utility,
动量突破布林带止损策略Bollinger-Breakout-Stop-loss-Strategy.md,non_alpha_utility_or_execution_example,utility,
基于Woodie支撑阻力的回测交易策略Woodie-Pivot-Points-Backtest-Strategy.md,non_alpha_utility_or_execution_example,utility,
自适应布林带ATR跟踪止损交易策略-Adaptive-Bollinger-Bands-ATR-Trailing-Stop-Trading-Strategy.md,non_alpha_utility_or_execution_example,utility,
移动平均跟踪止损策略Moving-Average-Trailing-Stop-Strategy.md,non_alpha_utility_or_execution_example,utility,
双均线交叉止盈止损策略-Dual-Moving-Average-Crossover-Stop-Loss-and-Take-Profit-Strategy.md,non_alpha_utility_or_execution_example,utility,
调整形跌吸纳策略Progressive-Take-Profit-Strategy.md,non_alpha_utility_or_execution_example,utility,
多指标动态止损动量趋势交易策略-Multi-Indicator-Dynamic-Stop-Loss-Momentum-Trend-Trading-Strategy.md,non_alpha_utility_or_execution_example,utility,
基于随机指标交叉的双向止盈止损策略Bidirectional-Stop-Loss-Take-Profit-Strategy-Based-on-Stochastic-Crossover.md,non_alpha_utility_or_execution_example,utility,
Pivot-Based-Trailing-Maxima-Minima.md,non_alpha_utility_or_execution_example,utility,
基于SMA和ATR的跟踪止损策略SMA-ATR-Dynamic-Trailing-Stop-Strategy.md,non_alpha_utility_or_execution_example,utility,
基于Chande-Kroll止损与ADX过滤的趋势跟踪策略ADX-Filtered-Chande-Kroll-Stop-Loss-Trend-Following-Strategy.md,non_alpha_utility_or_execution_example,utility,
多指标交叉趋势跟踪策略结合斐波那契回调及止盈止损优化系统-Multi-Indicator-Crossover-Trend-Following-Strategy-with-Fibonacci-Retracement-and-Stop-Loss-Take-Profit-Optimization-System.md,non_alpha_utility_or_execution_example,utility,
高级趋势追踪与自适应跟踪止损策略-Advanced-Trend-Following-Strategy-with-Adaptive-Trailing-Stop.md,non_alpha_utility_or_execution_example,utility,
趋势跟踪止损策略Trend-Following-Strategy-with-Trailing-Stop-Loss.md,non_alpha_utility_or_execution_example,utility,
自适应趋势跟踪与动态止盈的多重技术指标组合策略-Adaptive-Trend-Following-Strategy-with-Dynamic-Take-Profit-Using-Multiple-Technical-Indicators.md,non_alpha_utility_or_execution_example,utility,
多重时框EMA交叉趋势跟踪策略结合支阻力与智能追踪止损系统-Multi-Timeframe-EMA-Crossover-Trend-Following-Strategy-with-Support-Resistance-and-Smart-Trailing-Stop-System.md,non_alpha_utility_or_execution_example,utility,
比特币快速反转突破策略Bitcoin-Rapid-Reversal-Breakout-Strategy.md,non_alpha_utility_or_execution_example,utility,
SUPERTREND-ATR-WITH-TRAILING-STOP-LOSS.md,non_alpha_utility_or_execution_example,utility,
动态止损追踪策略Trailing-Stop-Loss-Percent-Strategy.md,non_alpha_utility_or_execution_example,utility,
渔夫指标移动止损策略Fisher-Yurik-Trailing-Stop-Strategy.md,non_alpha_utility_or_execution_example,utility,
动态尾随止损策略Dynamic-Trailing-Stop-Loss-Strategy.md,non_alpha_utility_or_execution_example,utility,
多空力量策略回测Bull-and-Bear-Power-Backtest-Strategy.md,non_alpha_utility_or_execution_example,utility,
海肯阿希趋势追踪策略多层级止损机制的多时间周期趋势识别系统-Heiken-Ashi-Trend-Following-Strategy-Multi-Timeframe-Trend-Identification-System-with-Multi-Layer-Stop-Loss-Mechanism.md,non_alpha_utility_or_execution_example,utility,
基于价格波动率的跟踪止损策略Volatility-Tracking-Stop-Loss-Strategy.md,non_alpha_utility_or_execution_example,utility,
基于VWAP和跨周期信号的多空动态止盈止损策略Dynamic-Stop-Loss-and-Take-Profit-Strategy-Based-on-VWAP-and-Cross-Timeframe-Signals.md,non_alpha_utility_or_execution_example,utility,
移动平均交叉动态止盈止损策略-Dynamic-Stop-Loss-Moving-Average-Crossover-Strategy.md,non_alpha_utility_or_execution_example,utility,
质数波带回测策略Prime-Number-Bands-Backtest-Strategy.md,non_alpha_utility_or_execution_example,utility,
动态波云趋势ATR止损策略-Dynamic-Cloud-Trend-ATR-Stop-Loss-Strategy.md,non_alpha_utility_or_execution_example,utility,
MACD动量指标回测策略MACD-Momentum-Indicator-Backtest-Strategy.md,non_alpha_utility_or_execution_example,utility,
基于移动平均线和日内模式的智能追踪止损策略-SMA-Based-Intelligent-Trailing-Stop-Strategy-with-Intraday-Pattern-Recognition.md,non_alpha_utility_or_execution_example,utility,
如何找出一定Bar数量的-K线前期高点低点-及-Demo-程序.md,non_alpha_utility_or_execution_example,utility,
RSI-MA-交叉摆动交易策略与追踪止损系统-RSI-MA-Crossover-Swing-Trading-Strategy-with-Trailing-Stop-System.md,non_alpha_utility_or_execution_example,utility,
突破带固定止损策略Breakout-Band-Fixed-Stop-Loss-Strategy.md,non_alpha_utility_or_execution_example,utility,
动态趋势追踪与精准止盈止损策略-Dynamic-Trend-Following-with-Precision-Take-Profit-and-Stop-Loss-Strategy.md,non_alpha_utility_or_execution_example,utility,
人工智能优化的自适应止损交易系统与多重技术指标组合策略-AI-Optimized-Adaptive-Stop-Loss-Trading-System-with-Multiple-Technical-Indicator-Integration.md,non_alpha_utility_or_execution_example,utility,
KLineChart-演示KLineChart-Demo.md,non_alpha_utility_or_execution_example,utility,
量化多空趋势追踪动态止损策略-Quantitative-Long-Short-Trend-Tracking-Dynamic-Stop-Loss-Strategy.md,non_alpha_utility_or_execution_example,utility,
价格行为结构突破-跟踪止损策略-Price-Action-Structural-Breakout-Strategy-with-Trailing-Stop.md,non_alpha_utility_or_execution_example,utility,
多项式追踪止损策略Polynomial-Trailing-Stop-Strategy.md,non_alpha_utility_or_execution_example,utility,
多指标融合期权销售策略趋势确认与ATR动态止损优化Multi-Indicator-Fusion-Options-Selling-Strategy-Trend-Confirmation-with-ATR-Dynamic-Stop-Loss-Optimization.md,non_alpha_utility_or_execution_example,utility,
RSI动态回撤止损策略-RSI-Dynamic-Drawdown-Stop-Loss-Strategy.md,non_alpha_utility_or_execution_example,utility,
双止盈双止损移动止损量化策略Dual-Take-Profit-Dual-Stop-Loss-Trailing-Stop-Loss-Bitcoin-Quantitative-Strategy.md,non_alpha_utility_or_execution_example,utility,
动态支撑阻力回测策略Dynamic-Pivot-Point-Backtest-Strategy.md,non_alpha_utility_or_execution_example,utility,
MACD交叉动量策略与动态止盈止损优化-MACD-Crossover-Momentum-Strategy-with-Dynamic-Take-Profit-and-Stop-Loss-Optimization.md,non_alpha_utility_or_execution_example,utility,
EMA-交叉动态止盈止损交易策略-EMA-Crossover-Trading-Strategy-with-Dynamic-Take-Profit-and-Stop-Loss.md,non_alpha_utility_or_execution_example,utility,
动态仓位与入场K线止损的EMA交叉策略-Dynamic-Position-Sizing-and-Entry-Candle-Stop-Loss-EMA-Crossover-Strategy.md,non_alpha_utility_or_execution_example,utility,
基于ATR和斐波那契回撤止损的趋势跟踪策略ATR-Trailing-Stop-Strategy-with-Fibonacci-Retracement-Targets.md,non_alpha_utility_or_execution_example,utility,
超趋势跟踪止损策略Super-Trend-Tracking-Stop-Loss-Strategy.md,non_alpha_utility_or_execution_example,utility,
波林格带动态止盈策略-Dynamic-Take-Profit-Bollinger-Bands-Strategy.md,non_alpha_utility_or_execution_example,utility,
OkEX-高级API功能-V110-期货批量下单现货TBD-Python2-3.md,non_alpha_utility_or_execution_example,utility,
动态ATR追踪止损交易策略市场波动性自适应系统-Dynamic-ATR-Trailing-Stop-Trading-Strategy-Market-Volatility-Adaptive-System.md,non_alpha_utility_or_execution_example,utility,
反向唐肖通道承压交易策略Contrarian-Donchian-Channel-Touch-Entry-Strategy-with-Post-Stop-Loss-Pause-and-Trailing-Stop-Loss.md,non_alpha_utility_or_execution_example,utility,
超级趋势多时间框架回测策略SuperTrend-Multi-Timeframe-Backtest-Strategy.md,non_alpha_utility_or_execution_example,utility,
多重技术指标动态止损期货交易策略-Multi-Technical-Indicator-Dynamic-Stop-Loss-Futures-Trading-Strategy.md,non_alpha_utility_or_execution_example,utility,
高频均值回归策略利用固定止损和获利目标的波动区间交易系统-High-Frequency-Mean-Reversion-Trading-System-with-Fixed-Stop-Loss-and-Take-Profit-for-Volatility-Zone-Trading.md,non_alpha_utility_or_execution_example,utility,
增强型突破策略与目标和止损优化-Enhanced-Breakout-Strategy-with-Targets-and-Stop-Loss-Optimization.md,non_alpha_utility_or_execution_example,utility,
动态追踪止损策略Trailing-Stop-Loss-Strategy.md,non_alpha_utility_or_execution_example,utility,
动态移动止损长仓与季节性过滤的价格突破策略Dynamic-Trailing-Stop-Long-Only-Trend-Following-Strategy-with-Seasonality-Filter.md,non_alpha_utility_or_execution_example,utility,
自适应波动突破回撤交易策略-Adaptive-Volatility-Breakout-Retest-Trading-Strategy.md,non_alpha_utility_or_execution_example,utility,
多时间框架自适应追踪止损策略Multi-timeframe-Adaptive-Tracking-Stop-Loss-Strategy.md,non_alpha_utility_or_execution_example,utility,
追踪止损移动平均策略Moving-Average-Tracking-Stop-Loss-Strategy.md,non_alpha_utility_or_execution_example,utility,
基于ATR和追踪止损的超级趋势策略SuperTrend-Strategy-with-Trailing-Stop-Loss.md,non_alpha_utility_or_execution_example,utility,
积极通道EMA追踪止损策略Positive-Channel-EMA-Trailing-Stop-Strategy.md,non_alpha_utility_or_execution_example,utility,
动态止损布林带策略Dynamic-Stop-Loss-Bollinger-Bands-Strategy.md,non_alpha_utility_or_execution_example,utility,
多重时框趋势追踪与ATR止盈止损策略-Multi-Timeframe-Trend-Following-Strategy-with-ATR-Based-Take-Profit-and-Stop-Loss.md,non_alpha_utility_or_execution_example,utility,
趋势追踪止损策略Trend-Following-Stop-Loss-Strategy-Based-on-Trend-Alert-Indicator.md,non_alpha_utility_or_execution_example,utility,
基于EMA马德里带和唐奇安通道的多模式止盈止损趋势跟踪策略-Multi-Mode-Take-Profit-Stop-Loss-Trend-Following-Strategy-Based-on-EMA-Madrid-Ribbon-and-Donchian-Channel.md,non_alpha_utility_or_execution_example,utility,
动态止盈止损的双均线交叉交易策略-Dynamic-Take-Profit-and-Stop-Loss-Dual-Moving-Average-Crossover-Trading-Strategy.md,non_alpha_utility_or_execution_example,utility,
ATR可调节跟踪止损策略ATR-Adjustable-Trailing-Stop-Loss-Strategy.md,non_alpha_utility_or_execution_example,utility,
多时间周期枢轴反转策略与百分比动态止盈止损系统-Multi-Timeframe-Pivot-Reversal-Strategy-with-Dynamic-Percentage-Based-Take-Profit-and-Stop-Loss-System.md,non_alpha_utility_or_execution_example,utility,
Backtesting-Indicator.md,non_alpha_utility_or_execution_example,utility,
多重均线趋势跟踪与动态止损策略-Multi-EMA-Trend-Following-Strategy-with-Dynamic-Stop-Loss.md,non_alpha_utility_or_execution_example,utility,
SMA交叉与成交量过滤的自适应动态止盈止损策略Adaptive-Dynamic-Stop-Loss-and-Take-Profit-Strategy-with-SMA-Crossover-and-Volume-Filter.md,non_alpha_utility_or_execution_example,utility,
基于自适应ATR止损的MACD交易策略MACD-Trading-Strategy-with-Adaptive-ATR-Stop-Loss.md,non_alpha_utility_or_execution_example,utility,
多指标确认动态追踪突破量化交易策略-Multi-Indicator-Confirmation-Dynamic-Trailing-Breakout-Quantitative-Trading-Strategy.md,non_alpha_utility_or_execution_example,utility,
动态趋势跟踪的EMA-ADX多级止盈策略-Dynamic-Trend-Following-EMA-ADX-Multi-Level-Take-Profit-Strategy.md,non_alpha_utility_or_execution_example,utility,
学习API与教程内代码学习文件.md,non_alpha_utility_or_execution_example,utility,
基于ATR和资金管理的SSL通道回测策略SSL-Channel-Backtester-Strategy-With-ATR-and-Money-Management.md,non_alpha_utility_or_execution_example,utility,
基于距离的移动止损量化策略Trend-Following-Strategy-Based-on-Distance-with-Trailing-Stop-Loss.md,non_alpha_utility_or_execution_example,utility,
动态仓位跟踪止损SMA交叉回撤策略-Dynamic-Position-Size-and-Trailing-Stop-SMA-Rebound-Strategy.md,non_alpha_utility_or_execution_example,utility,
HMA优化多周期量化交易策略与动态止损结合-Optimized-Multi-Timeframe-HMA-Quantitative-Trading-Strategy-with-Dynamic-Stop-Loss.md,non_alpha_utility_or_execution_example,utility,
5EMA趋势跟踪动态止盈止损策略5EMA-Trend-Following-Strategy-with-Dynamic-Stop-Loss-and-Take-Profit.md,non_alpha_utility_or_execution_example,utility,
多重均线趋势动量识别与止损交易系统-Multi-EMA-Trend-Momentum-Recognition-and-Stop-Loss-Trading-System.md,non_alpha_utility_or_execution_example,utility,
自适应移动平均交叉追踪止损策略-Adaptive-Moving-Average-Crossover-with-Trailing-Stop-Loss-Strategy.md,non_alpha_utility_or_execution_example,utility,
双均线RSI交叉动态止盈止损量化策略-Dual-EMA-RSI-Crossover-Strategy-with-Dynamic-Take-Profit-Stop-Loss.md,non_alpha_utility_or_execution_example,utility,
EMA-34-动态止损交叉策略趋势跟踪与风险管理的智能结合-EMA-34-Dynamic-Stop-Loss-Crossover-Strategy-Intelligent-Combination-of-Trend-Following-and-Risk-Management.md,non_alpha_utility_or_execution_example,utility,
RSI双向交易策略与初始止损RSI-Dual-Directional-Trading-Strategy-with-Initial-Stop-Loss.md,non_alpha_utility_or_execution_example,utility,
超越移动止损盈利策略Supertrend-Moving-Stop-Loss-Take-Profit-Strategy.md,non_alpha_utility_or_execution_example,utility,
多指标组合ATR追踪止损智能交易策略-Multi-Indicator-ATR-Trailing-Stop-Smart-Trading-Strategy.md,non_alpha_utility_or_execution_example,utility,
智能追踪止损策略Intelligent-Trailing-Stop-Loss-Strategy.md,non_alpha_utility_or_execution_example,utility,
多通道自适应海龟交易策略结合动态止损策略-Multi-Channel-Adaptive-Turtle-Trading-Strategy-with-Dynamic-Stop-Loss-System.md,non_alpha_utility_or_execution_example,utility,
一根均线-趋势-Demo.md,non_alpha_utility_or_execution_example,utility,
幽灵移动平均与动量结合的斐波那契目标价与止损策略-Ghost-Moving-Average-with-Momentum-Integration-and-Fibonacci-Target-Stop-Loss-Strategy.md,non_alpha_utility_or_execution_example,utility,
唐奇安通道带跟踪止损策略Donchian-Channel-With-Trailing-Stop-Loss-Strategy.md,non_alpha_utility_or_execution_example,utility,
超趋势追踪止盈策略Supertrend-Take-Profit-Strategy.md,non_alpha_utility_or_execution_example,utility,
基于时间和ATR止损定时买入策略Time-based-ATR-Stop-Loss-Buy-Strategy.md,non_alpha_utility_or_execution_example,utility,
渐变追踪止损策略Gradient-Trailing-Stop-Loss-Strategy.md,non_alpha_utility_or_execution_example,utility,
RSI趋势追踪止损策略RSI-Trend-Following-Strategy-with-Trailing-Stop-Loss.md,non_alpha_utility_or_execution_example,utility,
双重MACD价格行为突破追踪策略-Dual-MACD-Price-Action-Breakout-Trailing-Strategy.md,non_alpha_utility_or_execution_example,utility,
枢轴点预测震荡指标回测策略Pivot-Point-Forecast-Oscillator-Backtesting-Strategy.md,non_alpha_utility_or_execution_example,utility,
两阶段止损策略Two-stage-Stop-Loss-Strategy.md,non_alpha_utility_or_execution_example,utility,
Angular-VWMA-Trend-Following-Strategy-with-Dynamic-Trailing-Stop-基于角度的VWMA趋势跟踪策略与动态追踪止损.md,non_alpha_utility_or_execution_example,utility,
Utility-Ticker.md,non_alpha_utility_or_execution_example,utility,
相对波动指数回测策略Relative-Volatility-Index-Backtesting-Strategy.md,non_alpha_utility_or_execution_example,utility,
基于随机入场的复合止损止盈策略Compound-Stop-Loss-and-Take-Profit-Strategy-Based-on-Random-Entry.md,non_alpha_utility_or_execution_example,utility,
双重超强趋势跟踪止损策略Dual-Strong-Trend-Tracking-Stop-Loss-Strategy.md,non_alpha_utility_or_execution_example,utility,
开高低止损追踪策略Open-High-Low-Stop-Loss-Tracking-Strategy.md,non_alpha_utility_or_execution_example,utility,
高级动态追踪止损与目标盈利策略-Advanced-Dynamic-Trailing-Stop-with-Risk-Reward-Targeting-Strategy.md,non_alpha_utility_or_execution_example,utility,
基于EMA200的移动止盈移动止损策略EMA-200-Based-Trailing-Take-Profit-and-Trailing-Stop-Loss-Strategy.md,non_alpha_utility_or_execution_example,utility,
双移动均线止损策略Dual-Moving-Average-Stop-Loss-Strategy.md,non_alpha_utility_or_execution_example,utility,
动态移动止损双目标价均线交叉策略-Dynamic-Trailing-Stop-Dual-Target-Moving-Average-Crossover-Strategy.md,non_alpha_utility_or_execution_example,utility,
回弹趋势双均线交易系统结合ATR动态止损优化策略-Dual-EMA-Pullback-Trading-System-with-ATR-Based-Dynamic-Stop-Loss-Optimization.md,non_alpha_utility_or_execution_example,utility,
玻尔布带ATR尾随止损策略Bollinger-Bands-ATR-Trailing-Stop-Strategy.md,non_alpha_utility_or_execution_example,utility,
双均线动态交叉策略之指数移动均线交叉执行单次交易系统-Dynamic-Dual-Moving-Average-Crossover-Strategy-with-Single-Trade-Execution-System-using-Exponential-Moving-Averages.md,non_alpha_utility_or_execution_example,utility,
多时间尺度SMA趋势跟踪与动态止损策略-Multi-Timeframe-SMA-Trend-Following-Strategy-with-Dynamic-Stop-Loss.md,non_alpha_utility_or_execution_example,utility,
基于点数止损止盈的移动止损策略Moving-Stop-Loss-Strategy-Based-on-Points-Take-Profit-and-Stop-Loss.md,non_alpha_utility_or_execution_example,utility,
高低突破回测策略High-Low-Breaker-Backtest-Strategy.md,non_alpha_utility_or_execution_example,utility,
可持续追踪止损交易策略Sustainable-Trailing-Stop-Loss-Trading-Strategy.md,non_alpha_utility_or_execution_example,utility,
趋势跟踪平均真实波幅止损策略-Trend-Following-Average-True-Range-Trailing-Stop-Strategy.md,non_alpha_utility_or_execution_example,utility,
基于时间和ATR指标的止损止盈策略Time-based-Strategy-with-ATR-Take-Profit.md,non_alpha_utility_or_execution_example,utility,
布林带动态止损止盈策略-Dynamic-Stop-Loss-and-Take-Profit-Bollinger-Bands-Strategy.md,non_alpha_utility_or_execution_example,utility,
趋势跟踪止盈追踪止损策略Trailing-Take-Profit-Trailing-Stop-Loss-Strategy.md,non_alpha_utility_or_execution_example,utility,
动态跟踪止损的三分之一K线量化交易策略-Dynamic-Third-Bar-Analysis-Strategy-with-Adaptive-Trailing-Stop.md,non_alpha_utility_or_execution_example,utility,
纳达拉亚-沃森带状图多重确认动态止损策略-Nadaraya-Watson-Envelope-Multi-Confirmation-Dynamic-Stop-Loss-Strategy.md,non_alpha_utility_or_execution_example,utility,
Dual-Candle-Rapid-Swing-Strategy.md,non_alpha_utility_or_execution_example,utility,
基于弹性停损的追踪止损策略PB-SAR-Backtest-Strategy-with-Elastic-Stop-Loss.md,non_alpha_utility_or_execution_example,utility,
基于渔网策略的动态移动止损优化策略Dynamic-Trailing-Stop-Optimization-Strategy-Based-on-Ichimoku-Cloud.md,non_alpha_utility_or_execution_example,utility,
首个蜡烛突破-止损或收盘自动平仓策略-First-Candle-Breakout-with-Stop-Loss-or-End-of-Day-Closing-Strategy.md,non_alpha_utility_or_execution_example,utility,
移动平均线交叉多层获利策略-Moving-Average-Crossover-with-Multiple-Take-Profits-Strategy.md,non_alpha_utility_or_execution_example,utility,
相对强度指数止损策略Relative-Strength-Index-Stop-Loss-Strategy.md,non_alpha_utility_or_execution_example,utility,
EMA交叉指示双重止盈止损策略-EMA-Crossover-with-Dual-Take-Profit-and-Stop-Loss-Strategy.md,non_alpha_utility_or_execution_example,utility,
对数价格均值回归动态止损策略-Logarithmic-Price-Mean-Reversion-Dynamic-Stop-Loss-Strategy.md,non_alpha_utility_or_execution_example,utility,
彩虹震荡器回测策略Rainbow-Oscillator-Backtesting-Strategy.md,non_alpha_utility_or_execution_example,utility,
SuperTrend动态止盈与时间过滤器策略波动适应型量化交易系统-SuperTrend-Dynamic-Take-Profit-with-Time-Filter-Strategy-Volatility-Adaptive-Quantitative-Trading-System.md,non_alpha_utility_or_execution_example,utility,
多时间框架跟踪止损策略Multi-Timeframe-Trailing-Stop-Loss-Strategy.md,non_alpha_utility_or_execution_example,utility,
基于趋势确认的多重指标动态止损策略-Trend-Confirmation-Multi-Indicator-Dynamic-Stop-Loss-Strategy.md,non_alpha_utility_or_execution_example,utility,
基于EMA平均线双向动态止损的跨行情趋势追踪策略Trend-Following-Strategy-Based-on-Dynamic-Stop-Loss-of-Dual-EMA-Crossover.md,non_alpha_utility_or_execution_example,utility,
基于供需区域与EMA滑动止损的交易策略Trading-Strategy-Based-on-Supply-and-Demand-Zones-with-EMA-and-Trailing-Stop.md,non_alpha_utility_or_execution_example,utility,
多重EMA交叉趋势跟踪与动态止盈止损优化策略-Multi-EMA-Crossover-Trend-Following-Strategy-with-Dynamic-Stop-Loss-and-Take-Profit-Optimization.md,non_alpha_utility_or_execution_example,utility,
基于EMA交叉与RSI过滤的自适应动态止盈止损策略-Adaptive-Dynamic-Stop-Loss-and-Take-Profit-Strategy-Based-on-EMA-Crossover-and-RSI-Filter.md,non_alpha_utility_or_execution_example,utility,
比特币动量跟踪止损策略Bitcoin-Momentum-Trailing-Stop-Strategy.md,non_alpha_utility_or_execution_example,utility,
基于动态追踪止损策略Dynamic-Trailing-Stop-Strategy.md,non_alpha_utility_or_execution_example,utility,
Price-Action-Pyramiding-5-Profit-Target-3-Stop-Loss-价格行为-金字塔加仓-5止盈-3止损.md,non_alpha_utility_or_execution_example,utility,
基于均线和超越的跟踪止损策略Moving-Average-and-Super-Trend-Tracking-Stop-Loss-Strategy.md,non_alpha_utility_or_execution_example,utility,
基于突破止损反转策略Breakout-Reversal-Strategy-with-Stop-Loss.md,non_alpha_utility_or_execution_example,utility,
Stochastic-Supertrend跟踪止损交易策略Stochastic-Supertrend-Tracking-Stop-Loss-Trading-Strategy.md,non_alpha_utility_or_execution_example,utility,
MACD均线交叉趋势追踪止损策略MACD-Moving-Average-Crossover-Trend-Following-Strategy-with-Trailing-Stop-Loss.md,non_alpha_utility_or_execution_example,utility,
基于EMA均线交叉的移动止损策略EMA-Crossover-Strategy-with-Trailing-Stop-Loss.md,non_alpha_utility_or_execution_example,utility,
RSI策略的回测与优化Backtesting-and-Optimization-of-RSI-Strategy.md,non_alpha_utility_or_execution_example,utility,
时间延迟与止损保护的自适应波动率趋势跟踪空头策略-Adaptive-Volatility-Based-Trend-Following-Short-Strategy-with-Time-Delay-and-Stop-Loss-Protection.md,non_alpha_utility_or_execution_example,utility,
CK动量反转止损策略CK-Momentum-Reversal-Stop-Loss-Strategy.md,non_alpha_utility_or_execution_example,utility,
Joker移动止盈策略Joker-Trailing-Take-Profit-Strategy.md,non_alpha_utility_or_execution_example,utility,
Bitmex仓位变化推送微信wss协议需要bitmex-api-IDBitmex-position-change-pushwebsocket.md,non_alpha_utility_or_execution_example,utility,
基于布莱克-舒尔斯理论的突破交易量化策略与追踪止损优化系统-Black-Scholes-Volatility-Breakout-Trading-Strategy-with-Dynamic-Trailing-Stop-Optimization.md,non_alpha_utility_or_execution_example,utility,
EMA-RSI-MACD动态止盈止损交易策略-EMA-RSI-MACD-Dynamic-Take-Profit-and-Stop-Loss-Trading-Strategy.md,non_alpha_utility_or_execution_example,utility,
多均线趋势突破回踩交易系统与ATR动态止损-Multi-MA-Trend-Breakout-Pullback-System-with-ATR-Dynamic-Stop-Loss.md,non_alpha_utility_or_execution_example,utility,
基于跟踪止损和追踪买入的简单策略Simple-Trailing-Stop-Buy-Strategy-Based-on-Percentage.md,non_alpha_utility_or_execution_example,utility,
高级EMA交叉策略基于动态止损和获利目标的自适应交易系统Advanced-EMA-Crossover-Strategy-Adaptive-Trading-System-with-Dynamic-Stop-Loss-and-Take-Profit-Targets.md,non_alpha_utility_or_execution_example,utility,
多指标交叉动量趋势跟踪策略结合止盈止损优化系统-Multi-Indicator-Crossover-Momentum-Trend-Following-Strategy-with-Optimized-Take-Profit-and-Stop-Loss-System.md,non_alpha_utility_or_execution_example,utility,
RSI动态止损止盈策略RSI-Dynamic-Stop-Loss-and-Take-Profit-Strategy.md,non_alpha_utility_or_execution_example,utility,
EMA双均线交叉动态止盈止损量化交易策略-Dynamic-Take-Profit-Stop-Loss-EMA-Crossover-Quantitative-Trading-Strategy.md,non_alpha_utility_or_execution_example,utility,
多指标交叉动态止盈止损趋势跟踪策略-Multi-Indicator-Crossover-Dynamic-Stop-Loss-Trend-Following-Strategy.md,non_alpha_utility_or_execution_example,utility,
基于极值法的统计波动率回测策略Statistical-Volatility-Backtest-Strategy-Based-on-Extreme-Value-Method.md,non_alpha_utility_or_execution_example,utility,
基于ATR和RSI的自适应移动止损趋势跟踪策略Adaptive-ATR-and-RSI-Trend-Following-Strategy-with-Trailing-Stop-Loss.md,non_alpha_utility_or_execution_example,utility,
追踪趋势获利策略Take-Profit-on-Trend-Strategy.md,non_alpha_utility_or_execution_example,utility,
单指数平滑移动平均线附带尾随止损的趋势跟踪策略Single-Exponential-Smoothed-Moving-Average-with-Trailing-Stop-Loss-Trend-Following-Strategy.md,non_alpha_utility_or_execution_example,utility,
基于随机停损盈利的双向开仓量化策略Quant-Strategy-with-Stochastic-Signal-SMA-Filter-and-Random-Stop-loss-take-profit.md,non_alpha_utility_or_execution_example,utility,
Dual-Direction-SMMA-Crossover-Strategy-with-ATR-Based-Risk-Management-and-Fixed-Take-Profit-双向SMMA交叉ATR风控定向获利策略.md,non_alpha_utility_or_execution_example,utility,
指数平滑移动平均值结合尾随止损与百分比止损的股票量化交易策略Stock-Quant-Trading-Strategy-Combining-Exponential-Moving-Average-with-Trailing-Stop-Loss-and-Percentage-Stop-Loss.md,non_alpha_utility_or_execution_example,utility,
五分钟开盘突破ATR动态止盈止损量化交易策略-Five-Minute-Opening-Breakout-Strategy-with-Dynamic-ATR-Based-Stop-Loss-and-Take-Profit.md,non_alpha_utility_or_execution_example,utility,
最佳滑点追踪止损策略Best-Trailing-Stop-Strategy.md,non_alpha_utility_or_execution_example,utility,
基于均线交叉的止损止盈策略Moving-Average-Crossover-Strategy-with-Stop-Loss-and-Take-Profit.md,non_alpha_utility_or_execution_example,utility,
分阶梯式止盈滑点策略Stepped-Trailing-Stop-with-Partial-Profit-Taking-Strategy.md,non_alpha_utility_or_execution_example,utility,
MACD多区间动态止盈止损交易系统-MACD-Multi-Interval-Dynamic-Stop-Loss-and-Take-Profit-Trading-System.md,non_alpha_utility_or_execution_example,utility,
周一买入周二止损止盈策略Buy-Monday-Sell-Tuesday-with-Stop-Loss-Take-Profit-Strategy.md,non_alpha_utility_or_execution_example,utility,
Python-API-测试.md,non_alpha_utility_or_execution_example,utility,
RSI基于百分比止盈止损的交易策略-RSI-based-Trading-Strategy-with-Percentage-based-Take-Profit-and-Stop-Loss.md,non_alpha_utility_or_execution_example,utility,
MA-SMA-MA-Slope-Trailing-Stop-Loss-Re-Entry-均线简单移动平均线均线斜率追踪止损重新进场.md,non_alpha_utility_or_execution_example,utility,
动量指标与随机指标联合策略A-DMI-Stochastic-Trading-Strategy-with-Dynamic-Stop-loss.md,non_alpha_utility_or_execution_example,utility,
熊市反转哈拉米回测策略Bearish-Harami-Reversal-Backtest-Strategy.md,non_alpha_utility_or_execution_example,utility,
低波动定向买入止盈止损策略Low-Volatility-Directional-Buy-with-Profit-Taking-and-Stop-Loss.md,non_alpha_utility_or_execution_example,utility,
动态RSI超卖反弹交易策略结合止损优化模型-Dynamic-RSI-Oversold-Rebound-Trading-Strategy-with-Stop-Loss-Optimization-Model.md,non_alpha_utility_or_execution_example,utility,
动态止损交易视图策略Dynamic-Stop-Loss-Alert-TradingView-Strategy.md,non_alpha_utility_or_execution_example,utility,
Z分数动量ATR止损策略结合风险收益比优化交易系统-Z-Score-Momentum-Trading-System-with-ATR-Stop-Loss-and-Risk-Reward-Optimization.md,non_alpha_utility_or_execution_example,utility,
多层级目标和尾随止损策略-Multi-Tiered-Target-and-Trailing-Stop-Strategy.md,non_alpha_utility_or_execution_example,utility,
平均范围趋势过滤器回测策略Vertical-Horizontal-Filter-Backtest-Strategy.md,non_alpha_utility_or_execution_example,utility,
跟踪止损移动均线交易策略Tracking-Stop-Loss-Moving-Average-Trading-Strategy.md,non_alpha_utility_or_execution_example,utility,
一目均衡移动平均趋势追踪策略Ichimoku-Backtester-with-TP-SL-and-Cloud-Confirmation.md,non_alpha_utility_or_execution_example,utility,
威廉指标的精妙震荡器AC回测策略AC-Backtest-Strategy-of-Williams-Indicator.md,non_alpha_utility_or_execution_example,utility,
多维度趋势跟踪与波动率自适应止损策略-Multi-Dimensional-Trend-Following-Strategy-with-Volatility-Adaptive-Stop-Loss.md,non_alpha_utility_or_execution_example,utility,
波浪趋势多止损多止盈策略Multi-Take-Profit-and-Stop-Loss-WaveTrend-Trend-Following-Strategy.md,non_alpha_utility_or_execution_example,utility,
趋势反转跟踪止损策略Trend-Reversal-Tracking-Stop-Loss-Strategy.md,non_alpha_utility_or_execution_example,utility,
凯斯动态止损策略Kase-Dynamic-Stop-Loss-Strategy.md,non_alpha_utility_or_execution_example,utility,
STARC通道回测策略STARC-Channel-Backtest-Strategy.md,non_alpha_utility_or_execution_example,utility,
基于趋势跟踪止损的动量交易策略Momentum-Trading-Strategy-Based-on-Trend-Tracking-Stop-Loss.md,non_alpha_utility_or_execution_example,utility,
基于ATR指标的自适应跟踪止损策略ATR-Trailing-Stop-Bands-Strategy.md,non_alpha_utility_or_execution_example,utility,
多时间框架随机指标波段交易策略与动态止盈止损系统-Multi-Timeframe-Stochastic-Oscillator-Swing-Trading-Strategy-with-Dynamic-Take-Profit-and-Stop-Loss.md,non_alpha_utility_or_execution_example,utility,
混沌交易规则止损策略Chaotic-Trading-Rules-Stop-Loss-Strategy.md,non_alpha_utility_or_execution_example,utility,
基于移动平均线的固定百分比止损止盈策略Fixed-Percentage-Stop-Loss-and-Take-Profit-Strategy-Based-on-Moving-Averages.md,non_alpha_utility_or_execution_example,utility,
阻力突破环形停损策略Reversal-Closing-Price-Breakout-Strategy-with-Oscillating-Stop-Loss.md,non_alpha_utility_or_execution_example,utility,
固定范围成交量分布与锚定加权成交量平均价结合的趋势判断与动态止损策略-Fixed-Range-Volume-Profile-And-Anchored-VWAP-Trend-Identification-Strategy-With-Dynamic-Stop-Loss.md,non_alpha_utility_or_execution_example,utility,
基于EMA交叉结合RSIADX和成交量确认的动态止盈止损系统-Dynamic-Stop-Loss-and-Take-Profit-System-Based-on-EMA-Crossover-with-RSI-ADX-and-Volume-Confirmation.md,non_alpha_utility_or_execution_example,utility,
基于RSI动量和ADX趋势强度的资金管理系统-RSI-Momentum-and-ADX-Trend-Strength-Based-Capital-Management-System.md,non_alpha_utility_or_execution_example,utility,
定制化回测启动时间策略Customizable-Backtest-Start-Time-Strategy.md,non_alpha_utility_or_execution_example,utility,
各大平台API可用率统计.md,non_alpha_utility_or_execution_example,utility,
基于内部涨幅止损的多空动量突破策略Momentum-Breakout-Strategy-Based-on-Internal-Amplitude-Stop-Loss.md,non_alpha_utility_or_execution_example,utility,
跨周期动量均线交叉策略结合RSI与ATR动态止损-Cross-Period-Momentum-EMA-Strategy-with-RSI-and-Dynamic-ATR-Stop-Loss.md,non_alpha_utility_or_execution_example,utility,
基于EMA平滑RSI和ATR动态止盈止损的多时序量化交易策略-Multi-Timeframe-Quantitative-Trading-Strategy-Based-on-EMA-Smoothed-RSI-and-ATR-Dynamic-Stop-Loss-Take-Profit.md,non_alpha_utility_or_execution_example,utility,
三均线交叉结合风险收益比的智能移动止损交易系统-Triple-EMA-Crossover-Trading-System-with-Smart-R2R-based-Stop-Loss-Management.md,non_alpha_utility_or_execution_example,utility,
动态止损追踪策略Moving-Stop-Loss-Tracking-Strategy.md,non_alpha_utility_or_execution_example,utility,
动态止损倍数多周期RSI趋势跟踪策略-Dynamic-Stop-Loss-Multi-Period-RSI-Trend-Following-Strategy.md,non_alpha_utility_or_execution_example,utility,
基于布林带和ATR的多级智能动态跟踪止损策略-Multi-Level-Intelligent-Dynamic-Trailing-Stop-Strategy-Based-on-Bollinger-Bands-and-ATR.md,non_alpha_utility_or_execution_example,utility,
多指标组合动态止损趋势跟踪策略-Multi-Indicator-Dynamic-Stop-Loss-Trend-Following-Strategy.md,non_alpha_utility_or_execution_example,utility,
自适应跟踪回撤均衡交易的止盈止损策略-Adaptive-Trailing-Drawdown-Balanced-Trading-Strategy-with-Take-Profit-and-Stop-Loss.md,non_alpha_utility_or_execution_example,utility,
超短期动量突破交易策略SSL-Channel-Breakout-Strategy-with-Trailing-Stop-Loss.md,non_alpha_utility_or_execution_example,utility,
使用RSI和MACD双重过滤的动态止损趋势跟踪策略-Dynamic-Stop-Loss-Trend-Following-Strategy-with-RSI-and-MACD-Dual-Filtering.md,non_alpha_utility_or_execution_example,utility,
基于双MA叠加的自适应回测时间范围选择策略Adaptive-Backtest-Date-Range-Selection-Strategy-Based-on-Double-MA.md,non_alpha_utility_or_execution_example,utility,
智能资金指数策略回测Smart-Money-Index-SMI-Strategy-Backtest.md,non_alpha_utility_or_execution_example,utility,
通用回测策略模板Universal-Strategy-Backtest-Template.md,non_alpha_utility_or_execution_example,utility,
克特纳通道止盈止损策略Keltner-Channel-Stop-Loss-Take-Profit-Strategy.md,non_alpha_utility_or_execution_example,utility,
双移动均线追踪止损策略Dual-Moving-Average-Tracking-Stop-Loss-Strategy.md,non_alpha_utility_or_execution_example,utility,
动量震荡追踪止损策略DYNAMIC-MOMENTUM-OSCILLATOR-TRAILING-STOP-STRATEGY.md,non_alpha_utility_or_execution_example,utility,
奥克量化-JS对接FMZ扩展API-Demo.md,non_alpha_utility_or_execution_example,utility,
基于百分比变化的价值棒图回测策略Percent-Change-Bar-Chart-Backtest-Strategy.md,non_alpha_utility_or_execution_example,utility,
双均线交叉与随机指标结合的自适应追踪止损策略-Dual-Moving-Average-Crossover-with-Stochastic-Filter-and-Adaptive-Trailing-Stop-Strategy.md,non_alpha_utility_or_execution_example,utility,
基于多因子模型的自适应趋势追踪策略Trend-Tracking-Strategy-Based-on-Multi-factor-Model-with-Adaptive-Trailing-Stoploss.md,non_alpha_utility_or_execution_example,utility,
Noro平移均线止损策略Noro-Shifted-Moving-Average-Stop-Loss-Strategy.md,non_alpha_utility_or_execution_example,utility,
基于支撑阻力与均量突破的跟踪止损策略Support-and-Resistance-Strategy-with-Volume-Breakout-and-Trailing-Stop-Loss.md,non_alpha_utility_or_execution_example,utility,
动态止损追涨策略Dynamic-Stop-Loss-Trail-Strategy.md,non_alpha_utility_or_execution_example,utility,
EMA交叉趋势追踪与ATR动态止损优化策略-EMA-Cross-Over-Trend-Following-Strategy-with-ATR-Dynamic-Stop-Loss-Optimization.md,non_alpha_utility_or_execution_example,utility,
动态风险管理的快速均线交叉动量捕捉策略-Dynamic-Risk-Managed-Rapid-SMA-Crossover-Momentum-Capture-Strategy.md,non_alpha_utility_or_execution_example,utility,
双指数均线交叉与尾随止损结合的量化交易策略-Dual-EMA-Crossover-Strategy-with-Dynamic-Trailing-Stop-Mechanism.md,non_alpha_utility_or_execution_example,utility,
重心回测交易策略Center-of-Gravity-Backtesting-Trading-Strategy.md,non_alpha_utility_or_execution_example,utility,
T3均线趋势跟踪与移动止损量化交易策略-T3-Moving-Average-Trend-Following-Strategy-with-Trailing-Stop-Loss.md,non_alpha_utility_or_execution_example,utility,
多指标趋势追踪止盈止损策略Multi-indicator-Trend-Following-Strategy-with-Stop-Loss-and-Take-Profit.md,non_alpha_utility_or_execution_example,utility,
高效震荡突破双安全盈亏策略Efficient-Oscillation-Breakthrough-Dual-Stop-Profit-and-Stop-Loss-Strategy.md,non_alpha_utility_or_execution_example,utility,
EMA-Cross-JC-Intraday-with-Trailing-SL.md,non_alpha_utility_or_execution_example,utility,
基于双时间框架和动量指标的自适应止盈止损策略Adaptive-Take-Profit-and-Stop-Loss-Strategy-Based-on-Dual-Time-Frames-and-Momentum-Indicators.md,non_alpha_utility_or_execution_example,utility,
指数移动平均线交叉动态跟踪止损策略-EMA-Crossover-Dynamic-Trailing-Stop-Loss-Strategy.md,non_alpha_utility_or_execution_example,utility,
基于ATR的动态跟踪止损交易策略-Dynamic-ATR-based-Trailing-Stop-Trading-Strategy.md,non_alpha_utility_or_execution_example,utility,
双均线金叉死叉止盈止损策略Dual-Moving-Average-Crossover-Strategy-with-Stop-Loss-and-Take-Profit.md,non_alpha_utility_or_execution_example,utility,
Hedge_BTC-ETH-Demo.md,non_alpha_utility_or_execution_example,utility,
基于相对强弱指数RSI与止损的多头量化交易策略RSI-based-Long-Strategy-with-Trailing-Stop-for-Quantitative-Trading.md,non_alpha_utility_or_execution_example,utility,
多时间框架动态回溯策略Multi-Timeframe-Dynamic-Backtesting-Strategy.md,non_alpha_utility_or_execution_example,utility,
基于趋势交易者平均线的布林带回测策略Trend-Trader-Bands-Backtest-Strategy-Based-on-Trend-Trader-Moving-Average.md,non_alpha_utility_or_execution_example,utility,
动量突破回测支持阻力策略Momentum-Breakout-Backtesting-Support-Resistance-Strategy.md,non_alpha_utility_or_execution_example,utility,
RSI趋势跟踪移动止损策略RSI-Trend-Following-Strategy-with-Trailing-Stop-Loss.md,non_alpha_utility_or_execution_example,utility,
多重均线交叉与RSI动态追踪止损量化交易策略-Multi-MA-Crossover-with-RSI-Dynamic-Trailing-Stop-Loss-Quantitative-Trading-Strategy.md,non_alpha_utility_or_execution_example,utility,
三均线交叉均线跟踪交易策略结合动态止盈止损-Triple-EMA-Crossover-Trading-Strategy-with-Dynamic-Stop-Loss-and-Take-Profit.md,non_alpha_utility_or_execution_example,utility,
多指标协同动态风险管理短线交易策略EMAMACDRSI结合ATR自适应止损止盈技术-Multi-Indicator-Synergistic-Dynamic-Risk-Management-Scalping-Strategy-EMAMACDRSI-with-ATR-Adaptive-Stop-Loss-Take-Profit-Technique.md,non_alpha_utility_or_execution_example,utility,
BitMEX-高级API功能-V110-期货批量下单编辑订单冰山订单一键撤单定时撤单-Python2-3.md,non_alpha_utility_or_execution_example,utility,
Demo速度测试-websocket-vs-rest.md,non_alpha_utility_or_execution_example,utility,
适应性趋势跟踪止损策略Adaptive-Trend-Tracking-Stop-Loss-Strategy.md,non_alpha_utility_or_execution_example,utility,
动态ATR止损中心线策略Dynamic-ATR-Stop-Loss-Center-Line-Strategy.md,non_alpha_utility_or_execution_example,utility,
多重均线黄金交叉分批止盈策略-Multi-EMA-Golden-Cross-Strategy-with-Tiered-Take-Profit.md,non_alpha_utility_or_execution_example,utility,
双均线反转与ATR-trailing-stop组合策略Combination-Strategy-of-Dual-Moving-Average-Reversal-and-ATR-Trailing-Stop.md,non_alpha_utility_or_execution_example,utility,
基于多重指标筛选与动态止损的自动交易策略Auto-Trading-Strategy-Based-on-Multiple-Indicators-and-Dynamic-Stop-Loss.md,non_alpha_utility_or_execution_example,utility,
渔夫转身EMA多重止损多重止盈策略Fisher-Turnaround-EMA-Multi-Take-Profit-and-Multi-Stop-Strategy.md,non_alpha_utility_or_execution_example,utility,
简单固定价格止损机器人Stop-Loss-Below-Fixed-Price.md,non_alpha_utility_or_execution_example,utility,
动态止盈追趋策略Dynamic-Take-Profit-Following-Trend-Strategy.md,non_alpha_utility_or_execution_example,utility,
基于TFO和ATR的趋势跟踪止损策略TFO-and-ATR-Based-Trend-Tracking-Stop-Loss-Strategy.md,non_alpha_utility_or_execution_example,utility,
基于大量级蜡烛线与RSI背离的高级止损动态追踪策略-Advanced-Dynamic-Stop-Loss-Strategy-Based-on-Large-Candles-and-RSI-Divergence.md,non_alpha_utility_or_execution_example,utility,
RSI指标跨周期交叉的止盈止损策略RSI-Indicator-Cross-Cycle-Profit-and-Stop-Loss-Strategy.md,non_alpha_utility_or_execution_example,utility,
趋势过滤与异常退出的平滑移动平均止损止盈策略-Smooth-Moving-Average-Stop-Loss-Take-Profit-Strategy-with-Trend-Filter-and-Exception-Exit.md,non_alpha_utility_or_execution_example,utility,
早盘高低点突破动态追踪策略-Opening-Bell-High-Low-Breakout-Dynamic-Trailing-Strategy.md,non_alpha_utility_or_execution_example,utility,
价值突破追踪止损策略基于局部极值的自动交易机器人-Value-Breakthrough-Trailing-Stop-Strategy-Automated-Trading-Robot-Based-on-Local-Extremes.md,non_alpha_utility_or_execution_example,utility,
融合多重止损的趋势追踪型Intraday策略Intraday-Trend-Following-Strategy-with-Multiple-Stop-Loss.md,non_alpha_utility_or_execution_example,utility,
基于ATR双重跟踪止损的动态止盈止损策略Dynamic-Stop-Loss-and-Take-Profit-Strategy-Based-on-Dual-ATR-Trailing-Stop.md,non_alpha_utility_or_execution_example,utility,
动态波动率跟踪均线趋势交易策略与智能止损系统-Dynamic-Volatility-Adjusted-EMA-Trend-Trading-Strategy-with-Smart-Stop-Loss-System.md,non_alpha_utility_or_execution_example,utility,
趋势跟踪移动止损均线策略Trend-Following-Moving-Stop-Loss-MA-Strategy.md,non_alpha_utility_or_execution_example,utility,
高效趋势捕捉型指数移动平均线交叉与动态追踪止损策略-Advanced-Trend-Capture-EMA-Crossover-Strategy-with-Dynamic-Trailing-Stop.md,non_alpha_utility_or_execution_example,utility,
反转趋势捕捉与动态止损双重策略Reversal-Trend-Catching-and-Dynamic-Stop-Loss-Combo-Strategy.md,non_alpha_utility_or_execution_example,utility,
平滑移动平均止损策略Smooth-Moving-Average-Stop-Loss-Strategy.md,non_alpha_utility_or_execution_example,utility,
基于突破追踪止损的趋势策略Trend-Following-Strategy-Based-on-Breakout-and-Trailing-Stop-Loss.md,non_alpha_utility_or_execution_example,utility,
基于CDC行动区的ATR止盈止损交易机器人策略-CDC-Action-Zone-Trading-Bot-Strategy-with-ATR-for-Take-Profit-and-Stop-Loss.md,non_alpha_utility_or_execution_example,utility,
自适应止损跟踪策略Adaptive-Trailing-Stop-Strategy.md,non_alpha_utility_or_execution_example,utility,
高级量化交易策略基于日内动量与风险管理的自动化执行系统-Advanced-Quantitative-Trading-Strategy-Automated-Execution-System-Based-on-Intraday-Momentum-and-Risk-Management.md,non_alpha_utility_or_execution_example,utility,
双顺势破坏均线止损策略Dual-SSL-Strategy-with-EMA-Stop-Loss.md,non_alpha_utility_or_execution_example,utility,
动量指标交叉动态停损策略Momentum-Crossover-Strategy-with-Dynamic-Trailing-Stop-Loss.md,non_alpha_utility_or_execution_example,utility,
多重指数均线交叉战略结合交易量ATR动态止损优化策略-Multi-Exponential-Moving-Average-Crossover-Strategy-with-Volume-Based-ATR-Dynamic-Stop-Loss-Optimization.md,non_alpha_utility_or_execution_example,utility,
基于ATR的跟踪止损策略仅做多ATR-Trailing-Stop-Strategy-Long-Only.md,non_alpha_utility_or_execution_example,utility,
多重技术指标趋势跟踪策略结合云图突破与止损系统-Multi-Technical-Indicator-Trend-Following-Strategy-with-Ichimoku-Cloud-Breakout-and-Stop-Loss-System.md,non_alpha_utility_or_execution_example,utility,
跟踪买入策略Trailing-Buy-Strategy.md,non_alpha_utility_or_execution_example,utility,
动态ATR止盈止损移动均线交叉策略-Dynamic-ATR-Stop-Loss-and-Take-Profit-Moving-Average-Crossover-Strategy.md,non_alpha_utility_or_execution_example,utility,
Backtest-Engine.md,non_alpha_utility_or_execution_example,utility,
基于趋势的止损追利策略Trend-Following-Strategy-with-Stop-Loss-and-Take-Profit.md,non_alpha_utility_or_execution_example,utility,
双均线追踪止损策略Trailing-Stop-Loss-Dual-Moving-Average-Strategy.md,non_alpha_utility_or_execution_example,utility,
FMZ扩展API类库.md,non_alpha_utility_or_execution_example,utility,
C-API调用例子.md,non_alpha_utility_or_execution_example,utility,
多时间周期动态止损EMA-Squeeze交易策略-Multi-Timeframe-Dynamic-Stop-Loss-EMA-Squeeze-Trading-Strategy.md,non_alpha_utility_or_execution_example,utility,
坐标滑动止损策略Coordinate-Sliding-Stop-Loss-Strategy.md,non_alpha_utility_or_execution_example,utility,
基于RSI指标的趋势跟踪止损策略Scalping-Strategy-based-on-RSI-Indicator-with-Trailing-Stop-Loss.md,non_alpha_utility_or_execution_example,utility,
动量ADX与RSI结合可调尾随停止策略Momentum-ADX-with-RSI-Trailing-Stop-Strategy.md,non_alpha_utility_or_execution_example,utility,
基于ATR和EMA的动态止盈止损自适应策略-ATR-and-EMA-based-Dynamic-Take-Profit-and-Stop-Loss-Adaptive-Strategy.md,non_alpha_utility_or_execution_example,utility,
基于RSI指标的移动止损买卖策略RSI-Indicator-Based-Moving-Stop-Loss-Buy-Sell-Strategy.md,non_alpha_utility_or_execution_example,utility,
MACD与RR比率日内限制收敛策略-MACD-Convergence-Strategy-with-RR-Daily-Limits-and-Tighter-Stop-Loss.md,non_alpha_utility_or_execution_example,utility,
动态平仓止损均线策略Dynamic-Stop-Loss-Moving-Average-Strategy.md,non_alpha_utility_or_execution_example,utility,
多级利润目标与动态止损增强型量化策略-Multi-Level-Take-Profit-and-Dynamic-Stop-Loss-Enhanced-Quantitative-Strategy.md,non_alpha_utility_or_execution_example,utility,
基于RSI的止损止盈策略RSI-based-Stop-Loss-and-Take-Profit-Strategy.md,non_alpha_utility_or_execution_example,utility,
基于量价回落与多重止盈的先进交易策略Advanced-Strategy-with-Volume-and-Price-Pullback-Multiple-Take-Profit.md,non_alpha_utility_or_execution_example,utility,
偏反指标回测策略Key-Reversal-Backtest-Strategy.md,non_alpha_utility_or_execution_example,utility,
指数移动平均线交叉策略与止损止盈优化系统-EMA-Crossover-Strategy-with-Stop-Loss-and-Take-Profit-Optimization-System.md,non_alpha_utility_or_execution_example,utility,
渐进止损上移策略Gradual-Stop-Loss-Movement-Strategy.md,non_alpha_utility_or_execution_example,utility,
移动平均线交叉与动态波动率止损量化策略-Moving-Average-Crossover-with-Dynamic-Volatility-Based-Stop-Loss-Strategy.md,non_alpha_utility_or_execution_example,utility,
RSI2策略之日内反转胜率回测-RSI2-Strategy-Intraday-Reversal-Win-Rate-Backtest.md,non_alpha_utility_or_execution_example,utility,
基于ATR与SMA的动态止损追踪策略Dynamic-Trailing-Stop-Strategy-Based-on-ATR-and-SMA.md,non_alpha_utility_or_execution_example,utility,
基于Stochastic指标的弹性止损短期交易策略Short-term-Trading-Strategy-Based-on-Stochastic-Indicator-with-Elastic-Stop-Loss.md,non_alpha_utility_or_execution_example,utility,
分型突破动量交易策略结合止盈优化法-Fractal-Breakout-Momentum-Trading-Strategy-with-Take-Profit-Optimization.md,non_alpha_utility_or_execution_example,utility,
架构突破回测策略Architecture-Breakthrough-Backtesting-Strategy.md,non_alpha_utility_or_execution_example,utility,
多重指标动态追踪止损交易策略-Multi-Indicator-Dynamic-Trailing-Stop-Trading-Strategy.md,non_alpha_utility_or_execution_example,utility,
多层级多周期指数均线交叉动态盈利优化策略-Multi-Level-Multi-Period-EMA-Crossover-Dynamic-Take-Profit-Optimization-Strategy.md,non_alpha_utility_or_execution_example,utility,
双均线交叉趋势追踪策略结合动态止盈止损系统-Dual-Moving-Average-Crossover-Trend-Following-Strategy-with-Dynamic-Stop-Loss-and-Take-Profit-System.md,non_alpha_utility_or_execution_example,utility,
ATR动态追踪止损的趋势跟踪交易系统-ATR-Dynamic-Trailing-Stop-Trend-Following-Trading-System.md,non_alpha_utility_or_execution_example,utility,
多指标趋势追踪策略结合布林带和-ATR-动态止损-Multi-Indicator-Trend-Following-Strategy-with-Bollinger-Bands-and-ATR-Dynamic-Stop-Loss.md,non_alpha_utility_or_execution_example,utility,
EMA动态止损交易策略-EMA-Dynamic-Stop-Loss-Trading-Strategy.md,non_alpha_utility_or_execution_example,utility,
多指标趋势突破动态止损量化交易策略-Multi-Indicator-Trend-Breakout-Strategy-with-Dynamic-Stop-Loss.md,non_alpha_utility_or_execution_example,utility,
指标驱动型止损止盈策略An-Indicator-Driven-Stop-Loss-and-Take-Profit-Strategy.md,non_alpha_utility_or_execution_example,utility,
多时间框架止盈策略Multi-Timeframe-Take-Profit-Strategy.md,non_alpha_utility_or_execution_example,utility,
双均线交叉止盈止损自适应策略-Dual-Moving-Average-Crossover-Strategy-with-Adaptive-Stop-Loss-and-Take-Profit.md,non_alpha_utility_or_execution_example,utility,
通道突破均线跟踪策略Trend-Following-Channel-Breakout-Strategy-with-Moving-Average-and-Trailing-Stop.md,non_alpha_utility_or_execution_example,utility,
动态ATR追踪止损与均线交叉组合策略-Dynamic-ATR-Trailing-Stop-with-EMA-Cross-Combination-Strategy.md,non_alpha_utility_or_execution_example,utility,
EMA双重交叉动态止损量化策略-EMA-Dual-Crossover-Dynamic-Stop-Loss-Quantitative-Strategy.md,non_alpha_utility_or_execution_example,utility,
基于ATR的ES尾随停止策略ATR-based-Trailing-Stop-Strategy-for-ES.md,non_alpha_utility_or_execution_example,utility,
基于多空通道的回测交易策略Backtest-Channel-Breakout-Trading-Strategy.md,non_alpha_utility_or_execution_example,utility,
量化交易突破策略首时段ATR止损与EMA斜率优化策略-Quantitative-Breakout-Strategy-First-Hour-ATR-Stop-Loss-with-EMA-Slope-Optimization.md,non_alpha_utility_or_execution_example,utility,
ATR-动态止盈止损策略ATR-Dynamic-Profit-Target-and-Stop-Loss-Strategy.md,non_alpha_utility_or_execution_example,utility,
趋势跟踪止损反转策略-Parabolic-SAR-Trend-Tracking-Stop-Loss-Reversal-Strategy.md,non_alpha_utility_or_execution_example,utility,
RSI超买超卖交叉结合布林带动态止盈止损策略-RSI-Overbought-Oversold-Crossover-with-Bollinger-Bands-Dynamic-Stop-Loss-Strategy.md,non_alpha_utility_or_execution_example,utility,
多指标协同趋势跟踪策略与动态止损系统-Multi-Indicator-Synergistic-Trend-Following-Strategy-with-Dynamic-Stop-Loss-System.md,non_alpha_utility_or_execution_example,utility,
MA-MACD-BB多指标交易策略回测工具-MA-MACD-BB-Multi-Indicator-Trading-Strategy-Backtesting-Tool.md,non_alpha_utility_or_execution_example,utility,
追踪止损百分比策略Percentage-Trailing-Stop-Loss-Strategy.md,non_alpha_utility_or_execution_example,utility,
双向交叉零轴Qstick指标回测策略Bi-directional-Crossing-Zero-Axis-Qstick-Indicator-Backtest-Strategy.md,non_alpha_utility_or_execution_example,utility,
基于一目均衡表的趋势追踪策略Ichimoku-Balance-Line-Trend-Tracking-Strategy.md,normalized_candidate,ichimoku,ichimoku-2026-08-31.md
一目均衡移势叠加量化策略Ichimoku-Kinko-Hyo-Cloud-QQE-Quantitative-Strategy.md,variant_or_duplicate,ichimoku,ichimoku-2026-08-31.md
Ichimoku云图量化交易策略A-Quantitative-Ichimoku-Cloud-Trading-Strategy.md,variant_or_duplicate,ichimoku,ichimoku-2026-08-31.md
基于云图的交易策略Ichimoku-Cloud-Trading-Strategy.md,variant_or_duplicate,ichimoku,ichimoku-2026-08-31.md
基于对数空间一目均衡指标的跨品种策略Log-Ichimoku-Cross-Variety-Strategy.md,variant_or_duplicate,ichimoku,ichimoku-2026-08-31.md
一目均衡交易策略Ichimoku-Trading-Strategy-With-Money-Management.md,variant_or_duplicate,ichimoku,ichimoku-2026-08-31.md
Ichimoku-Kinko-Hyo交易策略Ichimoku-Kinko-Hyo-Trading-Strategy.md,variant_or_duplicate,ichimoku,ichimoku-2026-08-31.md
一云穿月双星吸金策略Ichimoku-Kumo-Twist-Gold-Absorbing-Strategy.md,variant_or_duplicate,ichimoku,ichimoku-2026-08-31.md
Ichimoku-Oscillator-ChartPrime-指标.md,variant_or_duplicate,ichimoku,ichimoku-2026-08-31.md
基于一目均衡表和平均方向性指数的量化交易策略Quantitative-Trading-Strategy-Based-on-Ichimoku-and-ADX-Indicators.md,variant_or_duplicate,ichimoku,ichimoku-2026-08-31.md
基于一目均衡的日内交易策略Ichimoku-Cloud-Day-Trading-Strategy.md,variant_or_duplicate,ichimoku,ichimoku-2026-08-31.md
基于一目均线系统的BTC交易策略Ichimoku-Kinko-Hyo-Based-BTC-Trading-Strategy.md,variant_or_duplicate,ichimoku,ichimoku-2026-08-31.md
Ichimoku云量化短线策略Ichimoku-Cloud-Quant-Scalping-Strategy.md,variant_or_duplicate,ichimoku,ichimoku-2026-08-31.md
基于Ichimoku云图的量化交易策略Quant-Trading-Strategy-Based-on-Ichimoku-Cloud.md,variant_or_duplicate,ichimoku,ichimoku-2026-08-31.md
自定义一目均衡表交易策略Customizable-Ichimoku-Cloud-Trading-Strategy.md,variant_or_duplicate,ichimoku,ichimoku-2026-08-31.md
Ichimoku云图量化策略Ichimoku-Clouds-Quant-Strategy.md,variant_or_duplicate,ichimoku,ichimoku-2026-08-31.md
一目均衡多空策略Ichimoku-Short-Long-Strategy-with-Money-Management.md,variant_or_duplicate,ichimoku,ichimoku-2026-08-31.md
基于Ichimoku的多信号量化交易策略Quantitative-Trading-Strategy-Based-on-Ichimoku-with-Multiple-Signals.md,variant_or_duplicate,ichimoku,ichimoku-2026-08-31.md
延迟交叉双线交易策略Ichimoku-Lagging-Cross-Dual-Line-Trading-Strategy.md,variant_or_duplicate,ichimoku,ichimoku-2026-08-31.md
一目均衡动力指数策略Ichimoku-Oscillator-with-Stochastic-Momentum-Index-Strategy.md,variant_or_duplicate,ichimoku,ichimoku-2026-08-31.md
Ichimoku-Leading-Span-B-突破策略-Ichimoku-Leading-Span-B-Breakout-Strategy.md,variant_or_duplicate,ichimoku,ichimoku-2026-08-31.md
Ichimoku-Kumo交易策略Ichimoku-Kumo-Trading-Strategy.md,variant_or_duplicate,ichimoku,ichimoku-2026-08-31.md
一目均衡策略Ichimoku-Breakout-Strategy.md,variant_or_duplicate,ichimoku,ichimoku-2026-08-31.md
一目均衡图趋势跟踪与支撑阻力策略-Ichimoku-Kinko-Hyo-Trend-Following-and-Support-Resistance-Strategy.md,variant_or_duplicate,ichimoku,ichimoku-2026-08-31.md
ICH云带扭转策略ICHIMOKU-KUMO-TWIST-STRATEGY.md,variant_or_duplicate,ichimoku,ichimoku-2026-08-31.md
Ichimoku-Early-Cloud-Trend-Following-Strategy-一云双提前知机会均线趋势跟踪策略.md,variant_or_duplicate,ichimoku,ichimoku-2026-08-31.md
面向交易的-Ichimoku-云九策略Trading-oriented-Ichimoku-Cloud-Nine-Strategy.md,variant_or_duplicate,ichimoku,ichimoku-2026-08-31.md
基于一云突破和ADX指标的量化交易策略Quantitative-Trading-Strategy-Based-on-Ichimoku-Cloud-Breakout-and-ADX-Index.md,variant_or_duplicate,ichimoku,ichimoku-2026-08-31.md
基于一目均衡表的比特币交易策略Bitcoin-Trading-Strategy-Based-on-Ichimoku-Cloud.md,variant_or_duplicate,ichimoku,ichimoku-2026-08-31.md
一目均衡表震荡指标交易策略Ichimoku-Cloud-Oscillator-Trading-Strategy.md,variant_or_duplicate,ichimoku,ichimoku-2026-08-31.md
Ichimoku云带量化交易策略Ichimoku-Cloud-Quantitative-Trading-Strategy.md,variant_or_duplicate,ichimoku,ichimoku-2026-08-31.md
基于市场多空力量的Ichimoku云突破策略Market-Sentiment-Based-Ichimoku-Breakout-Strategy.md,variant_or_duplicate,ichimoku,ichimoku-2026-08-31.md
Ichimoku-Cloud-and-ATR-Strategy-一目云和ATR策略.md,variant_or_duplicate,ichimoku,ichimoku-2026-08-31.md
基于Ichimoku-Kinko-Hyo指标的突破策略Ichimoku-Kinko-Hyo-Breakout-Strategy.md,variant_or_duplicate,ichimoku,ichimoku-2026-08-31.md
均衡尺云图趋势跟踪策略Ichimoku-Cloud-Trend-Following-Strategy.md,variant_or_duplicate,ichimoku,ichimoku-2026-08-31.md
一目均衡图趋势追踪策略Ichimoku-Cloud-Trend-Following-Strategy.md,variant_or_duplicate,ichimoku,ichimoku-2026-08-31.md
一目均衡趋势跟踪策略Ichimoku-Balance-Line-trend-following-Strategy.md,variant_or_duplicate,ichimoku,ichimoku-2026-08-31.md
多维度云图价格突破趋势确认量化交易策略-Multi-Dimensional-Ichimoku-Cloud-Price-Breakthrough-Trend-Confirmation-Trading-Strategy.md,variant_or_duplicate,ichimoku,ichimoku-2026-08-31.md
Ichimoku-Kinko-Hyo趋势跟踪策略Ichimoku-Kinko-Hyo-indicator-Balancing-Trend-Strategy.md,variant_or_duplicate,ichimoku,ichimoku-2026-08-31.md
一目均衡趋势跟踪策略Ichimoku-Balance-Line-Strategy.md,variant_or_duplicate,ichimoku,ichimoku-2026-08-31.md
市场潜力量Ichimoku多头云策略Market-Potential-Ichimoku-Bullish-Cloud-Strategy.md,variant_or_duplicate,ichimoku,ichimoku-2026-08-31.md
基于一目均衡表的5分钟快速突破策略Ichimoku-Scalping-Strategy-for-5-Minute-Timeframe.md,variant_or_duplicate,ichimoku,ichimoku-2026-08-31.md
海空和一目均衡表交易策略Heiken-Ashi-and-Ichimoku-Kinko-Hyo-Trading-Strategy.md,variant_or_duplicate,ichimoku,ichimoku-2026-08-31.md
BVs-ICHIMOKU-CLOUD-All-Signals.md,variant_or_duplicate,ichimoku,ichimoku-2026-08-31.md
Ichimoku-Cloud-Smooth-Oscillator.md,variant_or_duplicate,ichimoku,ichimoku-2026-08-31.md
基于一目均衡的趋势追踪策略Trend-Following-Strategy-Based-on-Ichimoku-Cloud.md,variant_or_duplicate,ichimoku,ichimoku-2026-08-31.md
动量型一目均衡交易策略Momentum-Ichimoku-Cloud-Trading-Strategy.md,variant_or_duplicate,ichimoku,ichimoku-2026-08-31.md
基于一目均衡表的趋势追踪策略Ichimoku-Trend-Following-Strategy.md,variant_or_duplicate,ichimoku,ichimoku-2026-08-31.md
动量分析式Ichimoku云雾闪电交易策略Momentum-Analysis-Ichimoku-Cloud-Fog-Lightning-Trading-Strategy.md,variant_or_duplicate,ichimoku,ichimoku-2026-08-31.md
基于ICHIMOKU形态和STOCH指标的趋势跟踪策略ICHIMOKU-Cloud-and-STOCH-Indicator-Based-Trend-Tracking-Strategy.md,variant_or_duplicate,ichimoku,ichimoku-2026-08-31.md
一目均衡表交易策略Ichimoku-Trading-Strategy.md,variant_or_duplicate,ichimoku,ichimoku-2026-08-31.md
基于一目均衡表的趋势追踪策略A-Strict-Trend-Following-Strategy-Based-on-Ichimoku-Kinko-Hyo.md,variant_or_duplicate,ichimoku,ichimoku-2026-08-31.md
基于多维度动态云图的Ichimoku高级多周期交易策略-Advanced-Multi-Timeframe-Ichimoku-Cloud-Trading-Strategy-with-Dynamic-Multidimensional-Analysis.md,variant_or_duplicate,ichimoku,ichimoku-2026-08-31.md
Ichimoku云带策略优化A-Trend-Strategy-Optimization-Based-On-Ichimoku-Cloud-Chart.md,variant_or_duplicate,ichimoku,ichimoku-2026-08-31.md
一目均衡异同交叉交易策略Ichimoku-Kinko-Hyo-Cross-Strategy.md,variant_or_duplicate,ichimoku,ichimoku-2026-08-31.md
Ichimoku-Entries策略Ichimoku-Entries-Strategy.md,variant_or_duplicate,ichimoku,ichimoku-2026-08-31.md
Ichimoku云图量化策略Ichimoku-Cloud-Quant-Strategy.md,variant_or_duplicate,ichimoku,ichimoku-2026-08-31.md
一文中局部震荡趋势识别策略Ichimoku-Cloud-Local-Trend-Identification-Strategy.md,variant_or_duplicate,ichimoku,ichimoku-2026-08-31.md
八角云霄-Ichimoku-趋势追踪策略The-Octagon-Cloud-Tracing-Strategy.md,variant_or_duplicate,ichimoku,ichimoku-2026-08-31.md
Ichimoku阴阳烛线突破策略Ichimoku-Yin-Yang-Candlestick-Breakout-Strategy.md,variant_or_duplicate,ichimoku,ichimoku-2026-08-31.md
动量趋势交叉云图交易策略-Momentum-Trend-Ichimoku-Cloud-Trading-Strategy.md,variant_or_duplicate,ichimoku,ichimoku-2026-08-31.md
基于一目均衡表的云内涨跌趋势策略Cloud-based-Trend-Strategy-Using-Ichimoku-Cloud.md,variant_or_duplicate,ichimoku,ichimoku-2026-08-31.md
易经模古市场分析策略Ichimoku-Cloud-Market-Analysis-Strategy.md,variant_or_duplicate,ichimoku,ichimoku-2026-08-31.md
基于一目均衡表的趋势追踪策略-Momentum-Tracking-Strategy-Based-on-Ichimoku-Cloud.md,variant_or_duplicate,ichimoku,ichimoku-2026-08-31.md
一目均衡策略Ichimoku-Equilibrium-Strategy.md,variant_or_duplicate,ichimoku,ichimoku-2026-08-31.md
双时间轴波动率价差交易策略Dual-Timeframe-Volatility-Spread-Trading-Strategy.md,normalized_candidate,arbitrage_hedging,arbitrage-hedging-2026-08-31.md
Bit-Maker-30-套利-智能学习-USDT-本位-Binance-单平台-Arbitrage-USDT-Standard.md,variant_or_duplicate,arbitrage_hedging,arbitrage-hedging-2026-08-31.md
期货一键对冲插件Hedge-on-two-contracts.md,variant_or_duplicate,arbitrage_hedging,arbitrage-hedging-2026-08-31.md
模拟三角套利的多时间框架量化交易策略Cross-Cycle-Arbitrage-Strategy-Based-on-Multiple-Indicators.md,variant_or_duplicate,arbitrage_hedging,arbitrage-hedging-2026-08-31.md
基于两个市场价格关系的套利交易策略-Price-Relationship-based-Arbitrage-Trading-Strategy-Between-Two-Markets.md,variant_or_duplicate,arbitrage_hedging,arbitrage-hedging-2026-08-31.md
Graph-Spread-Cross-BitcoinTrade.md,variant_or_duplicate,arbitrage_hedging,arbitrage-hedging-2026-08-31.md
动态价差市场做市策略-Dynamic-Spread-Market-Making-Strategy.md,variant_or_duplicate,arbitrage_hedging,arbitrage-hedging-2026-08-31.md
K线Stochastic-RSI交易策略Renko-Stochastic-RSI-Trading-Strategy.md,normalized_candidate,rsi_mean_reversion,rsi-mean-reversion-2026-08-31.md
RSI趋势追踪型多头策略RSI-Trend-Following-Bull-Strategy.md,variant_or_duplicate,rsi_mean_reversion,rsi-mean-reversion-2026-08-31.md
基于高斯通道和随机RSI的市场趋势捕捉策略-Gaussian-Channel-and-Stochastic-RSI-Based-Market-Trend-Capture-Strategy.md,variant_or_duplicate,rsi_mean_reversion,rsi-mean-reversion-2026-08-31.md
RSI离散分歧策略RSI-Divergence-Strategy.md,variant_or_duplicate,rsi_mean_reversion,rsi-mean-reversion-2026-08-31.md
基于相对强弱与RSI的动态趋势跟踪套利策略-Dynamic-Trend-Following-Strategy-Based-on-Relative-Strength-and-RSI.md,variant_or_duplicate,rsi_mean_reversion,rsi-mean-reversion-2026-08-31.md
RSI鳄鱼交易策略Alligator-RSI-Trading-Strategy.md,variant_or_duplicate,rsi_mean_reversion,rsi-mean-reversion-2026-08-31.md
利用双向RSI突破策略Dual-RSI-Breakthrough-Strategy.md,variant_or_duplicate,rsi_mean_reversion,rsi-mean-reversion-2026-08-31.md
动态神经网络RSI趋势跟踪交易策略-Dynamic-Neural-RSI-Trend-Following-Trading-Strategy.md,variant_or_duplicate,rsi_mean_reversion,rsi-mean-reversion-2026-08-31.md
基于价格突破与回归的动量短线交易策略Momentum-Breakout-Trading-Strategy-Based-on-Price-Breakout-and-Mean-Reversion.md,variant_or_duplicate,rsi_mean_reversion,rsi-mean-reversion-2026-08-31.md
多指标动态趋势捕捉与均值回归策略-Multi-Indicator-Dynamic-Trend-Capture-and-Mean-Reversion-Strategy.md,variant_or_duplicate,rsi_mean_reversion,rsi-mean-reversion-2026-08-31.md
基于RSI均线的低买高卖短线量化交易策略RSI-Mean-Reversion-Quantitative-Trading-Strategy-Based-on-RSI-Average-Crossing.md,variant_or_duplicate,rsi_mean_reversion,rsi-mean-reversion-2026-08-31.md
基于多重技术指标的均值回归趋势跟踪策略-Multi-Technical-Indicator-Based-Mean-Reversion-and-Trend-Following-Strategy.md,variant_or_duplicate,rsi_mean_reversion,rsi-mean-reversion-2026-08-31.md
基于RSI和WMA的趋势追踪策略RSI-WMA-Trend-Tracking-Strategy.md,variant_or_duplicate,rsi_mean_reversion,rsi-mean-reversion-2026-08-31.md
RSI区间震荡交易策略RSI-Range-Trading-Strategy.md,variant_or_duplicate,rsi_mean_reversion,rsi-mean-reversion-2026-08-31.md
双时间周期超级趋势与RSI策略优化系统-Dual-Timeframe-Supertrend-with-RSI-Optimization-System.md,variant_or_duplicate,rsi_mean_reversion,rsi-mean-reversion-2026-08-31.md
多时间框架RSI交易策略Multi-Timeframe-RSI-Trading-Strategy.md,variant_or_duplicate,rsi_mean_reversion,rsi-mean-reversion-2026-08-31.md
市场结构突破与成交量峰值RSI多重指标交叉策略-Market-Structure-Breakthrough-with-Volume-Spike-and-RSI-Confluence-Strategy.md,variant_or_duplicate,rsi_mean_reversion,rsi-mean-reversion-2026-08-31.md
基于较平滑RSI指标的交易策略Smoothed-RSI-Trading-Strategy-Based-on-Improved-RSI-Indicator.md,variant_or_duplicate,rsi_mean_reversion,rsi-mean-reversion-2026-08-31.md
双时间周期超趋势RSI智能交易策略-Dual-Timeframe-Supertrend-RSI-Intelligent-Trading-Strategy.md,variant_or_duplicate,rsi_mean_reversion,rsi-mean-reversion-2026-08-31.md
RSI趋势突破与动量增强交易策略-RSI-Trend-Breakthrough-and-Momentum-Enhancement-Trading-Strategy.md,variant_or_duplicate,rsi_mean_reversion,rsi-mean-reversion-2026-08-31.md
RSI-by-zdmre.md,variant_or_duplicate,rsi_mean_reversion,rsi-mean-reversion-2026-08-31.md
RSI动态区间反转量化策略与波动率优化模型-RSI-Dynamic-Range-Reversal-Quantitative-Strategy-with-Volatility-Optimization-Model.md,variant_or_duplicate,rsi_mean_reversion,rsi-mean-reversion-2026-08-31.md
高级均值回归交易策略基于标准差的动态区间突破系统-Advanced-Mean-Reversion-Trading-Strategy-Dynamic-Range-Breakout-System-Based-on-Standard-Deviation.md,variant_or_duplicate,rsi_mean_reversion,rsi-mean-reversion-2026-08-31.md
基于RSI和斐波那契的交易策略RSI-Fibonacci-5-Minute-Trading-Strategy.md,variant_or_duplicate,rsi_mean_reversion,rsi-mean-reversion-2026-08-31.md
价格异常波动反转策略Price-Volatility-Mean-Reversion-Strategy.md,variant_or_duplicate,rsi_mean_reversion,rsi-mean-reversion-2026-08-31.md
价格反转RSI组合策略Price-Reversal-RSI-Combo-Strategy.md,variant_or_duplicate,rsi_mean_reversion,rsi-mean-reversion-2026-08-31.md
基于Stochastic-RSI的数字货币交易策略Stochastic-RSI-Strategy-for-Cryptocurrency-Trading.md,variant_or_duplicate,rsi_mean_reversion,rsi-mean-reversion-2026-08-31.md
stochRSI策略-指标框架.md,variant_or_duplicate,rsi_mean_reversion,rsi-mean-reversion-2026-08-31.md
TAM日内RSI交易策略TAM-Intraday-RSI-Trading-Strategy.md,variant_or_duplicate,rsi_mean_reversion,rsi-mean-reversion-2026-08-31.md
ATR-RSI组合策略.md,variant_or_duplicate,rsi_mean_reversion,rsi-mean-reversion-2026-08-31.md
RSI上升的加密趋势策略RSI-Rising-Crypto-Trending-Strategy.md,variant_or_duplicate,rsi_mean_reversion,rsi-mean-reversion-2026-08-31.md
RSI趋势策略-RSI-Trend-Strategy.md,variant_or_duplicate,rsi_mean_reversion,rsi-mean-reversion-2026-08-31.md
双移动平均线与StochRSI交叉的趋势追踪策略BlackBit-Trader-XO-Macro-Trend-Scanner-Strategy.md,variant_or_duplicate,rsi_mean_reversion,rsi-mean-reversion-2026-08-31.md
RSI指标多空策略RSI-Indicator-Dual-Strategy.md,variant_or_duplicate,rsi_mean_reversion,rsi-mean-reversion-2026-08-31.md
渦轮指标结合RSI的股票多头交易策略Vortex-and-RSI-Stock-Long-only-Trading-Strategy.md,variant_or_duplicate,rsi_mean_reversion,rsi-mean-reversion-2026-08-31.md
基于高斯通道与随机RSI的量化交易策略优化系统-Gaussian-Channel-with-Stochastic-RSI-Quantitative-Trading-Strategy-Optimization-System.md,variant_or_duplicate,rsi_mean_reversion,rsi-mean-reversion-2026-08-31.md
动量突破均线策略Momentum-Breakout-Mean-Reversion-Strategy.md,variant_or_duplicate,rsi_mean_reversion,rsi-mean-reversion-2026-08-31.md
RSI动态平仓位动量交易策略-RSI-Dynamic-Exit-Level-Momentum-Trading-Strategy.md,variant_or_duplicate,rsi_mean_reversion,rsi-mean-reversion-2026-08-31.md
动量震荡Stochastic-RSI交易策略Stochastic-RSI-Momentum-Oscillation-Trading-Strategy.md,variant_or_duplicate,rsi_mean_reversion,rsi-mean-reversion-2026-08-31.md
基于RSI指标的双向交易策略RSI-based-Dual-Trading-Strategy.md,variant_or_duplicate,rsi_mean_reversion,rsi-mean-reversion-2026-08-31.md
相对强弱RSI反转策略RSI-Reversal-Trading-Strategy.md,variant_or_duplicate,rsi_mean_reversion,rsi-mean-reversion-2026-08-31.md
多周期斐波那契RSI黄金交叉趋势跟踪量化交易策略-Multi-Timeframe-Fibonacci-RSI-Golden-Cross-Trend-Following-Quantitative-Trading-Strategy.md,variant_or_duplicate,rsi_mean_reversion,rsi-mean-reversion-2026-08-31.md
动态RSI突破趋势跟踪交易策略结合风险收益比优化系统-Dynamic-RSI-Breakout-Trend-Following-Trading-Strategy-with-Risk-Reward-Ratio-Optimization-System.md,variant_or_duplicate,rsi_mean_reversion,rsi-mean-reversion-2026-08-31.md
动态趋势判定RSI指标交叉策略-Dynamic-Trend-RSI-Indicator-Crossing-Strategy.md,variant_or_duplicate,rsi_mean_reversion,rsi-mean-reversion-2026-08-31.md
结合均值回归和趋势跟踪的量化策略Quantitative-Strategy-Combining-Mean-Reversion-and-Trend-Following.md,variant_or_duplicate,rsi_mean_reversion,rsi-mean-reversion-2026-08-31.md
RSI-VWAP量价策略RSI-VWAP-Price-Volume-Strategy.md,variant_or_duplicate,rsi_mean_reversion,rsi-mean-reversion-2026-08-31.md
SPY-RSI-Stochastics-交叉值反转趋势策略SPY-RSI-Stochastics-Crossover-Reversal-Trend-Strategy.md,variant_or_duplicate,rsi_mean_reversion,rsi-mean-reversion-2026-08-31.md
VWAP标准差回归均值交易策略-VWAP-Standard-Deviation-Mean-Reversion-Trading-Strategy.md,variant_or_duplicate,rsi_mean_reversion,rsi-mean-reversion-2026-08-31.md
双周期RSI趋势动量强度策略结合金字塔式仓位管理系统-Dual-Period-RSI-Trend-Momentum-Strategy-with-Pyramiding-Position-Management-System.md,variant_or_duplicate,rsi_mean_reversion,rsi-mean-reversion-2026-08-31.md
计算RSI指标和平滑移动平均线反转策略RSI-Reversal-Strategy.md,variant_or_duplicate,rsi_mean_reversion,rsi-mean-reversion-2026-08-31.md
基于RSI指标和ZigZag指标趋势追踪策略Trend-Tracking-Strategy-Based-on-RSI-and-ZigZag-Indicators.md,variant_or_duplicate,rsi_mean_reversion,rsi-mean-reversion-2026-08-31.md
RSI低点反转策略-RSI-Low-Point-Reversal-Strategy.md,variant_or_duplicate,rsi_mean_reversion,rsi-mean-reversion-2026-08-31.md
RSI和WMA交叉策略RSI-and-WMA-Crossover-Strategy.md,variant_or_duplicate,rsi_mean_reversion,rsi-mean-reversion-2026-08-31.md
基于转折点的RSI背离策略Pivot-based-RSI-Divergence-Strategy.md,variant_or_duplicate,rsi_mean_reversion,rsi-mean-reversion-2026-08-31.md
一目均衡表与RSI组合策略Ichimoku-Cloud-and-RSI-Combination-Strategy.md,variant_or_duplicate,rsi_mean_reversion,rsi-mean-reversion-2026-08-31.md
AK双RSI突破策略AK-Dual-RSI-Breakout-Strategy.md,variant_or_duplicate,rsi_mean_reversion,rsi-mean-reversion-2026-08-31.md
双重反转RSI动量策略Double-Reversal-RSI-Momentum-Strategy.md,variant_or_duplicate,rsi_mean_reversion,rsi-mean-reversion-2026-08-31.md
RSI变动方向改变策略-RSI-Direction-Change-Strategy.md,variant_or_duplicate,rsi_mean_reversion,rsi-mean-reversion-2026-08-31.md
基于RSI超买超卖的自适应市场交易策略-Adaptive-Market-Trading-Strategy-Based-on-RSI-Overbought-Oversold.md,variant_or_duplicate,rsi_mean_reversion,rsi-mean-reversion-2026-08-31.md
RSI指标多空分离交易策略RSI-Indicator-Long-Short-Separation-Trading-Strategy.md,variant_or_duplicate,rsi_mean_reversion,rsi-mean-reversion-2026-08-31.md
BB-RSI-ADX-Entry-Points.md,variant_or_duplicate,rsi_mean_reversion,rsi-mean-reversion-2026-08-31.md
Stochastic-RSI-Trading-Strategy.md,variant_or_duplicate,rsi_mean_reversion,rsi-mean-reversion-2026-08-31.md
Laguerre-RSI与ADX滤波交易信号策略-Laguerre-RSI-with-ADX-Filtered-Trading-Signals-Strategy.md,variant_or_duplicate,rsi_mean_reversion,rsi-mean-reversion-2026-08-31.md
相对强弱指标RSI超买超卖量化交易策略-Relative-Strength-Index-RSI-Overbought-Oversold-Quantitative-Trading-Strategy.md,variant_or_duplicate,rsi_mean_reversion,rsi-mean-reversion-2026-08-31.md
StochRSI反转交易策略StochRSI-Reversal-Trading-Strategy.md,variant_or_duplicate,rsi_mean_reversion,rsi-mean-reversion-2026-08-31.md
RSI长线交易策略RSI-Long-Term-Trading-Strategy.md,variant_or_duplicate,rsi_mean_reversion,rsi-mean-reversion-2026-08-31.md
海龟交易RSI指标短线策略RSI-Oscillator-Turtle-Trading-Short-term-Strategy.md,variant_or_duplicate,rsi_mean_reversion,rsi-mean-reversion-2026-08-31.md
基于高斯通道和随机RSI的趋势反转量化交易策略-Trend-Reversal-Quantitative-Trading-Strategy-Based-on-Gaussian-Channel-and-Stochastic-RSI.md,variant_or_duplicate,rsi_mean_reversion,rsi-mean-reversion-2026-08-31.md
RSI超卖定期投资策略与冷却期优化RSI-Oversold-Periodic-Investment-Strategy-with-Cooldown-Optimization.md,variant_or_duplicate,rsi_mean_reversion,rsi-mean-reversion-2026-08-31.md
RSI-ATR动量波动组合交易策略-RSI-ATR-Momentum-Volatility-Combined-Trading-Strategy.md,variant_or_duplicate,rsi_mean_reversion,rsi-mean-reversion-2026-08-31.md
KRK-aDa-Stochastic-Slow-Mean-Reversion-Strategy-with-AI-Enhancements-KRK-aDa-随机慢速均值回归策略与人工智能增强.md,variant_or_duplicate,rsi_mean_reversion,rsi-mean-reversion-2026-08-31.md
RSI统计套利策略.md,variant_or_duplicate,rsi_mean_reversion,rsi-mean-reversion-2026-08-31.md
Supertrend结合RSI的量化交易策略Supertrend-Combined-with-RSI-Quantitative-Trading-Strategy.md,variant_or_duplicate,rsi_mean_reversion,rsi-mean-reversion-2026-08-31.md
RSI指标背离交易策略RSI-Divergence-Trading-Strategy.md,variant_or_duplicate,rsi_mean_reversion,rsi-mean-reversion-2026-08-31.md
动态RSI指标交易策略Dynamic-RSI-Trading-Strategy.md,variant_or_duplicate,rsi_mean_reversion,rsi-mean-reversion-2026-08-31.md
基于RSI指标的短线交易策略RSI-Indicator-Based-Short-term-Trading-Strategy.md,variant_or_duplicate,rsi_mean_reversion,rsi-mean-reversion-2026-08-31.md
双RSI突破量化交易策略Dual-RSI-Breakthrough-Strategy.md,variant_or_duplicate,rsi_mean_reversion,rsi-mean-reversion-2026-08-31.md
RSI-异常背离交易策略RSI-Divergence-Trading-Strategy.md,variant_or_duplicate,rsi_mean_reversion,rsi-mean-reversion-2026-08-31.md
基于RSI和ATR通道的超级scalping策略.md,variant_or_duplicate,rsi_mean_reversion,rsi-mean-reversion-2026-08-31.md
双RSI指标突破策略Dual-RSI-Indicator-Breakout-Strategy.md,variant_or_duplicate,rsi_mean_reversion,rsi-mean-reversion-2026-08-31.md
基于DMI和RSI的趋势跟随策略Trend-Following-Strategy-Based-on-DMI-and-RSI.md,variant_or_duplicate,rsi_mean_reversion,rsi-mean-reversion-2026-08-31.md
基于StochRSI的量化交易策略StochRSI-Based-Quantitative-Trading-Strategy.md,variant_or_duplicate,rsi_mean_reversion,rsi-mean-reversion-2026-08-31.md
RSI指标改进交易策略RSI-Indicator-Improvement-Trading-Strategy.md,variant_or_duplicate,rsi_mean_reversion,rsi-mean-reversion-2026-08-31.md
相对强弱指标RSI策略Relative-Strength-Index-RSI-Strategy.md,variant_or_duplicate,rsi_mean_reversion,rsi-mean-reversion-2026-08-31.md
RSI多空分歧指标交易策略RSI-Bullish-and-Bearish-Divergence-Trading-Strategy.md,variant_or_duplicate,rsi_mean_reversion,rsi-mean-reversion-2026-08-31.md
多重指标动态反转交易系统RSI与VWAP协同反转策略-Multi-Indicator-Dynamic-Reversal-Trading-System-RSI-and-VWAP-Synergistic-Reversal-Strategy.md,variant_or_duplicate,rsi_mean_reversion,rsi-mean-reversion-2026-08-31.md
基于RSI-V形态的短线盈利策略-RSI-V-shaped-Pattern-Swing-Trading-Strategy.md,variant_or_duplicate,rsi_mean_reversion,rsi-mean-reversion-2026-08-31.md
基于RSI的追踪趋势策略Trend-Following-RSI-Scalping-Strategy.md,variant_or_duplicate,rsi_mean_reversion,rsi-mean-reversion-2026-08-31.md
RSI量化交易策略-RSI-Quantitative-Trading-Strategy.md,variant_or_duplicate,rsi_mean_reversion,rsi-mean-reversion-2026-08-31.md
一目均衡云无偏移RSI过滤策略No-Offset-Ichimoku-Cloud-with-RSI-Filter-Strategy.md,variant_or_duplicate,rsi_mean_reversion,rsi-mean-reversion-2026-08-31.md
基于VWAP和OBV-RSI指标的BabyShark交易策略BabyShark-VWAP-Trading-Strategy-Based-on-VWAP-and-OBV-RSI-Indicators.md,variant_or_duplicate,rsi_mean_reversion,rsi-mean-reversion-2026-08-31.md
Cryptocurrency-RSI-Curve-Tracking-Strategy.md,variant_or_duplicate,rsi_mean_reversion,rsi-mean-reversion-2026-08-31.md
基于RSI指标信号的量化交易策略Quantitative-Trading-Strategy-Based-on-RSI-Indicator-Signals.md,variant_or_duplicate,rsi_mean_reversion,rsi-mean-reversion-2026-08-31.md
RSI追踪ADX策略RSI-Tracking-ADX-Strategy.md,variant_or_duplicate,rsi_mean_reversion,rsi-mean-reversion-2026-08-31.md
基于RSI和交易量的阴阳双轨趋势交易策略YinYang-RSI-Volume-Trend-Trading-Strategy.md,variant_or_duplicate,rsi_mean_reversion,rsi-mean-reversion-2026-08-31.md
基于动量RSI指标的高频反转交易策略-High-Frequency-Reversal-Trading-Strategy-Based-on-Momentum-RSI-Indicator.md,variant_or_duplicate,rsi_mean_reversion,rsi-mean-reversion-2026-08-31.md
基于态势的Karobein均值回归策略Scaled-Normalized-Vector-Strategy-with-Karobein-Mean-Reversion.md,variant_or_duplicate,rsi_mean_reversion,rsi-mean-reversion-2026-08-31.md
多时间框架对角层叠RSI策略Multi-Timeframe-Diagonally-Layered-RSI-Strategy.md,variant_or_duplicate,rsi_mean_reversion,rsi-mean-reversion-2026-08-31.md
python版-画线类库-兼容2-3-Python-Version-Drawing-Class-Library-Compatible-2-3.md,variant_or_duplicate,rsi_mean_reversion,rsi-mean-reversion-2026-08-31.md
RSI双叉反转策略RSI-Dual-Cross-Reversal-Strategy.md,variant_or_duplicate,rsi_mean_reversion,rsi-mean-reversion-2026-08-31.md
高级RSI指标交易策略Advanced-RSI-Indicator-Trading-Strategy.md,variant_or_duplicate,rsi_mean_reversion,rsi-mean-reversion-2026-08-31.md
Noro的快速RSI切换策略v17Fast-Scalping-RSI-Switching-Strategy-v17.md,variant_or_duplicate,rsi_mean_reversion,rsi-mean-reversion-2026-08-31.md
多元指标聚合策略Diversified-Indicators-Aggregation-Strategy.md,variant_or_duplicate,rsi_mean_reversion,rsi-mean-reversion-2026-08-31.md
基于RSI指标的短线反转交易策略RSI-Mean-Reversion-Trading-Strategy.md,variant_or_duplicate,rsi_mean_reversion,rsi-mean-reversion-2026-08-31.md
RSI多区间交易策略-Multi-Zone-RSI-Trading-Strategy.md,variant_or_duplicate,rsi_mean_reversion,rsi-mean-reversion-2026-08-31.md
动态仓位管理RSI超买反转策略-Dynamic-Position-Management-RSI-Overbought-Reversal-Strategy.md,variant_or_duplicate,rsi_mean_reversion,rsi-mean-reversion-2026-08-31.md
快速震荡RSI交易策略Fast-Oscillating-RSI-Trading-Strategy.md,variant_or_duplicate,rsi_mean_reversion,rsi-mean-reversion-2026-08-31.md
VAWSI和趋势持续性反转策略结合动态长度计算的多指标综合分析系统-VAWSI-and-Trend-Persistence-Reversal-Strategy-with-Dynamic-Length-Calculation-Multi-Indicator-Analysis-System.md,variant_or_duplicate,rsi_mean_reversion,rsi-mean-reversion-2026-08-31.md
海龟交易三日反转策略Turtle-Trading-3-Day-Reversion-Strategy.md,variant_or_duplicate,rsi_mean_reversion,rsi-mean-reversion-2026-08-31.md
python版现货数字货币交易类库Python-Version-Spot-Cryptocurrency-Trading-Class-Library.md,variant_or_duplicate,rsi_mean_reversion,rsi-mean-reversion-2026-08-31.md
随机超买超卖区间RSI策略Stochastic-Oversold-and-Overbought-Range-RSI-Strategy.md,variant_or_duplicate,rsi_mean_reversion,rsi-mean-reversion-2026-08-31.md
RSI趋势反转策略RSI-Trend-Reversal-Strategy.md,variant_or_duplicate,rsi_mean_reversion,rsi-mean-reversion-2026-08-31.md
快速RSI策略分析Fast-RSI-Strategy-Analysis.md,variant_or_duplicate,rsi_mean_reversion,rsi-mean-reversion-2026-08-31.md
基于相对强弱指标RSI交易策略RSI-Trading-Strategy.md,variant_or_duplicate,rsi_mean_reversion,rsi-mean-reversion-2026-08-31.md
双RSI量化交易策略Growth-Producer-Dual-RSI-Trend-Following-Strategy.md,variant_or_duplicate,rsi_mean_reversion,rsi-mean-reversion-2026-08-31.md
基于相对强弱指标动量轮回策略RSI-Crossover-Momentum-Cyclical-Strategy.md,variant_or_duplicate,rsi_mean_reversion,rsi-mean-reversion-2026-08-31.md
多周期高斯通道结合StochRSI趋势跟踪策略-Multi-Period-Gaussian-Channel-with-StochRSI-Trend-Following-Strategy.md,variant_or_duplicate,rsi_mean_reversion,rsi-mean-reversion-2026-08-31.md
ADXRSI动量指标策略ADXRSI-Momentum-Indicators-Strategy.md,variant_or_duplicate,rsi_mean_reversion,rsi-mean-reversion-2026-08-31.md
RSI-反转交叉动量盈利目标量化交易策略-RSI-Reversal-Cross-Momentum-Profit-Target-Quantitative-Trading-Strategy.md,variant_or_duplicate,rsi_mean_reversion,rsi-mean-reversion-2026-08-31.md
基于反转RSI的错过信号追踪交易策略RSI-Signal-Tracking-Reversal-Trading-Strategy.md,variant_or_duplicate,rsi_mean_reversion,rsi-mean-reversion-2026-08-31.md
基于RSI的多头趋势追踪策略RSI-Trend-Tracking-Long-Only-Strategy.md,variant_or_duplicate,rsi_mean_reversion,rsi-mean-reversion-2026-08-31.md
动量相关RSI策略Dynamic-Momentum-RSI-Strategy.md,variant_or_duplicate,rsi_mean_reversion,rsi-mean-reversion-2026-08-31.md
基于RSI指标和包容涨跌形态的量化交易策略Quantitative-Trading-Strategy-Based-on-RSI-Indicator-and-Engulfing-Pattern.md,variant_or_duplicate,rsi_mean_reversion,rsi-mean-reversion-2026-08-31.md
RSI敢死队融合策略RSI-Daredevil-Squadron-Fusion-Strategy.md,variant_or_duplicate,rsi_mean_reversion,rsi-mean-reversion-2026-08-31.md
基于ATR波动性与HMA趋势偏差的双均线突破策略Baseline-Cross-Qualifier-ATR-Volatility-HMA-Trend-Bias-Mean-Reversion-Strategy.md,variant_or_duplicate,rsi_mean_reversion,rsi-mean-reversion-2026-08-31.md
RSI趋势追踪型加密货币策略RSI-Trend-Following-Crypto-Strategy.md,variant_or_duplicate,rsi_mean_reversion,rsi-mean-reversion-2026-08-31.md
RSI动量背离突破策略-RSI-Momentum-Divergence-Breakout-Strategy.md,variant_or_duplicate,rsi_mean_reversion,rsi-mean-reversion-2026-08-31.md
超跌RSI追涨策略Oversold-RSI-Breakout-Strategy.md,variant_or_duplicate,rsi_mean_reversion,rsi-mean-reversion-2026-08-31.md
VRSI与MARSI策略VRSI-and-MARSI-Strategy.md,variant_or_duplicate,rsi_mean_reversion,rsi-mean-reversion-2026-08-31.md
基于RSI和随机RSI的双重动量趋势反转策略-Dual-Momentum-Trend-Reversal-Strategy-Based-on-RSI-and-Stochastic-RSI.md,variant_or_duplicate,rsi_mean_reversion,rsi-mean-reversion-2026-08-31.md
拉盖尔RSI交易策略Laguerre-RSI-Trading-Strategy.md,variant_or_duplicate,rsi_mean_reversion,rsi-mean-reversion-2026-08-31.md
RSI与斐波那契回转交易策略RSI-and-Fibonacci-Retracement-Trading-Strategy.md,variant_or_duplicate,rsi_mean_reversion,rsi-mean-reversion-2026-08-31.md
RSI和随机RSI组合策略RSI-and-Stochastic-RSI-Combination-Strategy.md,variant_or_duplicate,rsi_mean_reversion,rsi-mean-reversion-2026-08-31.md
快速RSI指标突破交易策略Fast-RSI-Breakout-Trading-Strategy.md,variant_or_duplicate,rsi_mean_reversion,rsi-mean-reversion-2026-08-31.md
基于RSI指标的量化交易策略Quantitative-Trading-Strategy-Based-on-RSI-Indicator.md,variant_or_duplicate,rsi_mean_reversion,rsi-mean-reversion-2026-08-31.md
基于RSI指标的多空自动交易策略RSI-based-Auto-Trading-Strategy.md,variant_or_duplicate,rsi_mean_reversion,rsi-mean-reversion-2026-08-31.md
基于RSI指标的多头趋势追踪策略RSI-Based-Bullish-Trend-Following-Strategy.md,variant_or_duplicate,rsi_mean_reversion,rsi-mean-reversion-2026-08-31.md
鲍威尔指数快速突破策略Fast-RSI-Breakthrough-Strategy.md,variant_or_duplicate,rsi_mean_reversion,rsi-mean-reversion-2026-08-31.md
RSI指标结合CCI指标的量化交易策略RSI-amp-CCI-Combination-Quantitative-Trading-Strategy.md,variant_or_duplicate,rsi_mean_reversion,rsi-mean-reversion-2026-08-31.md
双重策略RSI与随机指标组合策略Dual-Strategy-Combining-RSI-and-Stochastic-Oscillator.md,variant_or_duplicate,rsi_mean_reversion,rsi-mean-reversion-2026-08-31.md
RSI价格背离量化策略指标动态监测与自适应优化系统-Dynamic-RSI-Price-Divergence-Detection-and-Adaptive-Trading-Strategy-System.md,variant_or_duplicate,rsi_mean_reversion,rsi-mean-reversion-2026-08-31.md
RSI进退市双向交易策略RSI-Reversal-Trading-Strategy.md,variant_or_duplicate,rsi_mean_reversion,rsi-mean-reversion-2026-08-31.md
Composite-Entry-Signal-RSI-Trading-Strategy.md,variant_or_duplicate,rsi_mean_reversion,rsi-mean-reversion-2026-08-31.md
CMARSI交易策略CMARSI-Trading-Strategy.md,variant_or_duplicate,rsi_mean_reversion,rsi-mean-reversion-2026-08-31.md
RSI_now_sb_ok.md,variant_or_duplicate,rsi_mean_reversion,rsi-mean-reversion-2026-08-31.md
SSL-CHANNEL-STOCH-RSI.md,variant_or_duplicate,rsi_mean_reversion,rsi-mean-reversion-2026-08-31.md
极值反转追踪策略Extremum-Reversion-Tracking-Strategy.md,variant_or_duplicate,rsi_mean_reversion,rsi-mean-reversion-2026-08-31.md
MTF-RSI-STOCH-Strategy.md,variant_or_duplicate,rsi_mean_reversion,rsi-mean-reversion-2026-08-31.md
CCIRSIKC趋势滤波多空双向交易策略-CCIRSIKC-Trend-Filter-Bi-Directional-Trading-Strategy.md,variant_or_duplicate,rsi_mean_reversion,rsi-mean-reversion-2026-08-31.md
基于快速RSI和K线颜色的反转策略Reversal-Strategy-Based-on-Fast-RSI-and-Candlestick-Colors.md,variant_or_duplicate,rsi_mean_reversion,rsi-mean-reversion-2026-08-31.md
BuySell-Strategy-depends-on-AOStochRSIATR-by-SerdarYILMAZ-SerdarYILMAZ.md,variant_or_duplicate,rsi_mean_reversion,rsi-mean-reversion-2026-08-31.md
RSI与随机指标融合交叉策略-RSI-and-Stochastic-Fusion-Cross-Strategy.md,variant_or_duplicate,rsi_mean_reversion,rsi-mean-reversion-2026-08-31.md
基于KDJ和RSI的买卖点策略KDJ-RSI-Crossover-Buy-Sell-Signals-Strategy.md,variant_or_duplicate,rsi_mean_reversion,rsi-mean-reversion-2026-08-31.md
趋势跟踪与均值回归双重优化交易系统Double-Seven-Strategy-Trend-Following-and-Mean-Reversion-Dual-Optimization-Trading-SystemDouble-Seven-Strategy.md,variant_or_duplicate,rsi_mean_reversion,rsi-mean-reversion-2026-08-31.md
基于RSI布林带和支撑阻力策略Rational-Trading-Robot-Powered-by-RSI-Strategy.md,variant_or_duplicate,rsi_mean_reversion,rsi-mean-reversion-2026-08-31.md
加密货币大幅波动随机RSI策略-Crypto-Big-Move-Stochastic-RSI-Strategy.md,variant_or_duplicate,rsi_mean_reversion,rsi-mean-reversion-2026-08-31.md
RSI通道价差跟踪策略RSI-Channel-Price-Difference-Tracking-Strategy.md,variant_or_duplicate,rsi_mean_reversion,rsi-mean-reversion-2026-08-31.md
基于相对强弱指数RSI指标的量化交易策略The-RSI-breakout-strategy-is-a-quantitative-trading-strategy.md,variant_or_duplicate,rsi_mean_reversion,rsi-mean-reversion-2026-08-31.md
多时间框架RSI与随机指标策略Multi-Timeframe-RSI-and-Stochastics-Strategy.md,variant_or_duplicate,rsi_mean_reversion,rsi-mean-reversion-2026-08-31.md
基于RSI和Estocastic指标的TSLA交易策略TSLA-Quantitative-Trading-System-Across-Multiple-Timeframes.md,variant_or_duplicate,rsi_mean_reversion,rsi-mean-reversion-2026-08-31.md
三重SuperTrend和Stoch-RSI策略Triple-SuperTrend-and-Stoch-RSI-Strategy.md,variant_or_duplicate,rsi_mean_reversion,rsi-mean-reversion-2026-08-31.md
RSI跨周期交易策略RSI-Cross-Cycle-Trading-Strategy.md,variant_or_duplicate,rsi_mean_reversion,rsi-mean-reversion-2026-08-31.md
双重反转RSI历史警报策略Dual-Reversion-RSI-HistoAlert-Strategy.md,variant_or_duplicate,rsi_mean_reversion,rsi-mean-reversion-2026-08-31.md
RSI趋势跟踪策略RSI-Trend-Following-Strategy.md,variant_or_duplicate,rsi_mean_reversion,rsi-mean-reversion-2026-08-31.md
延迟-RSI-交易策略Delayed-RSI-Trading-Strategy.md,variant_or_duplicate,rsi_mean_reversion,rsi-mean-reversion-2026-08-31.md
在Pine脚本中设置杠杆策略Leveraged-RSI-Strategy-in-Pine-Script.md,variant_or_duplicate,rsi_mean_reversion,rsi-mean-reversion-2026-08-31.md
基于内部强度指标的高位做空均值回归策略-High-Position-Internal-Bar-Strength-Based-Mean-Reversion-Short-Strategy.md,variant_or_duplicate,rsi_mean_reversion,rsi-mean-reversion-2026-08-31.md
基于相对强弱指标RSI策略Momentum-Reversal-RSI-Strategy.md,variant_or_duplicate,rsi_mean_reversion,rsi-mean-reversion-2026-08-31.md
趋势跟踪均值回归通道策略CCI-Mean-Reversion-Channel-Strategy.md,variant_or_duplicate,rsi_mean_reversion,rsi-mean-reversion-2026-08-31.md
RSI回调突破策略RSI-Pullback-Breakout-Strategy.md,variant_or_duplicate,rsi_mean_reversion,rsi-mean-reversion-2026-08-31.md
基于RSI指标的趋势回调交易策略Trend-Retracement-Trading-Strategy-Based-on-RSI-Indicator.md,variant_or_duplicate,rsi_mean_reversion,rsi-mean-reversion-2026-08-31.md
基于RSI背离的趋势反转交易策略-Trend-Reversal-Trading-Strategy-Based-on-RSI-Divergence.md,variant_or_duplicate,rsi_mean_reversion,rsi-mean-reversion-2026-08-31.md
RSISupertrend趋势跟踪交易策略-RSISupertrend-Trend-Following-Trading-Strategy.md,variant_or_duplicate,rsi_mean_reversion,rsi-mean-reversion-2026-08-31.md
突破新低回归均线策略Mean-Reversion-Breakout-Low-Strategy.md,variant_or_duplicate,rsi_mean_reversion,rsi-mean-reversion-2026-08-31.md
RSI与SuperTrend过滤策略组合系统趋势确认下的动量反转交易框架-RSI-and-SuperTrend-Filter-Combination-System-Momentum-Reversal-Trading-Framework-with-Trend-Confirmation.md,variant_or_duplicate,rsi_mean_reversion,rsi-mean-reversion-2026-08-31.md
RSI-MTF-ObOs.md,variant_or_duplicate,rsi_mean_reversion,rsi-mean-reversion-2026-08-31.md
基于Stochastic-RSI指标的反转交易策略Reversal-Trading-Strategy-Based-on-Stochastic-RSI.md,variant_or_duplicate,rsi_mean_reversion,rsi-mean-reversion-2026-08-31.md
动态RSI低高点背离趋势策略-Dynamic-RSI-Low-High-Point-Divergence-Trend-Strategy.md,variant_or_duplicate,rsi_mean_reversion,rsi-mean-reversion-2026-08-31.md
SonicR均线通道突破策略SonicR-Mean-Reversion-Channel-Breakout-Strategy.md,variant_or_duplicate,rsi_mean_reversion,rsi-mean-reversion-2026-08-31.md
多级指标叠加式相对强弱指数交易策略-Multi-level-Indicator-Overlapping-RSI-Trading-Strategy.md,variant_or_duplicate,rsi_mean_reversion,rsi-mean-reversion-2026-08-31.md
应用贝叶斯条件判断的RSI交易策略Bayesian-Condition-RSI-Trading-Strategy.md,variant_or_duplicate,rsi_mean_reversion,rsi-mean-reversion-2026-08-31.md
多层级RSI回归交易策略与动态波动率调整-Multi-Level-RSI-Mean-Reversion-Strategy-with-Dynamic-Volatility-Adjustment.md,variant_or_duplicate,rsi_mean_reversion,rsi-mean-reversion-2026-08-31.md
RSI均值回归突破策略-RSI-Mean-Reversion-Breakout-Strategy.md,variant_or_duplicate,rsi_mean_reversion,rsi-mean-reversion-2026-08-31.md
震荡多空RSI换币策略Oscillating-Long-Short-RSI-Crypto-Switching-Strategy.md,variant_or_duplicate,rsi_mean_reversion,rsi-mean-reversion-2026-08-31.md
SSL-Hybrid-STOCH-RSI.md,variant_or_duplicate,rsi_mean_reversion,rsi-mean-reversion-2026-08-31.md
RSI双轨震荡线长短双向交易策略RSI-Dual-rail-Oscillation-Line-Long-and-Short-Bi-directional-Trading-Strategy.md,variant_or_duplicate,rsi_mean_reversion,rsi-mean-reversion-2026-08-31.md
基于RSI的量化交易策略RSI-Based-Quantitative-Trading-Strategy.md,variant_or_duplicate,rsi_mean_reversion,rsi-mean-reversion-2026-08-31.md
RSI-CCI-WilliamsR-量化交易策略RSI-CCI-WilliamsR-Quantitative-Trading-Strategy.md,variant_or_duplicate,rsi_mean_reversion,rsi-mean-reversion-2026-08-31.md
RSI指标分歧交易策略RSI-Divergence-Trading-Strategy.md,variant_or_duplicate,rsi_mean_reversion,rsi-mean-reversion-2026-08-31.md
RSI-ZIGZAG22.md,variant_or_duplicate,rsi_mean_reversion,rsi-mean-reversion-2026-08-31.md
多重RSI指标交易策略Multi-RSI-Indicators-Trading-Strategy.md,variant_or_duplicate,rsi_mean_reversion,rsi-mean-reversion-2026-08-31.md
RSI多空动量策略RSI-Momentum-Long-Short-Strategy.md,variant_or_duplicate,rsi_mean_reversion,rsi-mean-reversion-2026-08-31.md
基于卡尔曼滤波和均值回归的量化交易策略Transitive-Ratio-Trading-Strategy-Based-on-Kalman-Filter-and-Mean-Reversion.md,variant_or_duplicate,rsi_mean_reversion,rsi-mean-reversion-2026-08-31.md
多重RSI指标聚合策略Strategy-of-Synthesis-between-Multiple-Relative-Strength-Indicators.md,variant_or_duplicate,rsi_mean_reversion,rsi-mean-reversion-2026-08-31.md
基于价格反转的TTM银隼震荡策略TTM-Falcon-Oscillator-Reversal-Strategy-Based-on-Price-Reversion.md,variant_or_duplicate,rsi_mean_reversion,rsi-mean-reversion-2026-08-31.md
动态RSI震荡操作策略Dynamic-RSI-Oscillation-Trading-Strategy.md,variant_or_duplicate,rsi_mean_reversion,rsi-mean-reversion-2026-08-31.md
多指标融合自动化交易系统SuperTrend-ATR-RSI动态风控策略-Multi-Indicator-Fusion-Automated-Trading-System-SuperTrend-ATR-RSI-Dynamic-Risk-Control-Strategy.md,variant_or_duplicate,rsi_mean_reversion,rsi-mean-reversion-2026-08-31.md
基于RSI指标的趋势跟随策略RSI-Trend-Following-Strategy.md,variant_or_duplicate,rsi_mean_reversion,rsi-mean-reversion-2026-08-31.md
基于RSI指标的双重超买超卖策略Dual-Overbought-Oversold-Strategy-Based-on-RSI-Indicator.md,variant_or_duplicate,rsi_mean_reversion,rsi-mean-reversion-2026-08-31.md
基于RSI和SuperTrend的双向交易策略RSI-and-SuperTrend-Based-Dual-Direction-Trading-Strategy.md,variant_or_duplicate,rsi_mean_reversion,rsi-mean-reversion-2026-08-31.md
递归移动趋势均线结合123形态反转的组合策略Recursive-Moving-Trend-Average-Combined-with-123-Reversal-Pattern-Strategy.md,variant_or_duplicate,rsi_mean_reversion,rsi-mean-reversion-2026-08-31.md
通道回归交易策略分析Channel-Reversion-Trading-Strategy-Analysis.md,variant_or_duplicate,rsi_mean_reversion,rsi-mean-reversion-2026-08-31.md
结合123反转与平滑RSI的交易策略Combo-Strategy-of-123-Reversal-and-Smoothed-RSI.md,variant_or_duplicate,rsi_mean_reversion,rsi-mean-reversion-2026-08-31.md
基于概率增强的RSI策略Probability-Enhanced-RSI-Strategy.md,variant_or_duplicate,rsi_mean_reversion,rsi-mean-reversion-2026-08-31.md
基于RSI指标的短线交易策略RSI-5-Momentum-Trading-Strategy.md,variant_or_duplicate,rsi_mean_reversion,rsi-mean-reversion-2026-08-31.md
多时间框架适应性均值回归与交易量分析策略-Multi-Timeframe-Adaptive-Mean-Reversion-with-Volume-Analysis-Strategy.md,variant_or_duplicate,rsi_mean_reversion,rsi-mean-reversion-2026-08-31.md
VWAP和RSI组合策略VWAP-and-RSI-Combination-Strategy.md,variant_or_duplicate,rsi_mean_reversion,rsi-mean-reversion-2026-08-31.md
快速RSI反转交易策略Fast-RSI-Reversal-Trading-Strategy.md,variant_or_duplicate,rsi_mean_reversion,rsi-mean-reversion-2026-08-31.md
RSI动态突破回调交易策略-RSI-Dynamic-Breakout-Retracement-Trading-Strategy.md,variant_or_duplicate,rsi_mean_reversion,rsi-mean-reversion-2026-08-31.md
动态趋势RSI交叉动量增强策略-Dynamic-Trend-RSI-Crossover-Momentum-Enhancement-Strategy.md,variant_or_duplicate,rsi_mean_reversion,rsi-mean-reversion-2026-08-31.md
基于RSI和AI自定义条件进行交易的高级策略Improved-RSI-Scalping-Strategy-based-on-Relative-Strength-Index.md,variant_or_duplicate,rsi_mean_reversion,rsi-mean-reversion-2026-08-31.md
BuySell-Strategy-depends-on-AOStochRSIATR-by-SerdarYILMAZ.md,variant_or_duplicate,rsi_mean_reversion,rsi-mean-reversion-2026-08-31.md
基于多周期RSI指标的反转策略Reversal-Trading-Strategy-Based-on-Multi-Period-RSI.md,variant_or_duplicate,rsi_mean_reversion,rsi-mean-reversion-2026-08-31.md
基于RSI信号线交叉的多周期趋势跟踪交易策略-Multi-Period-RSI-Signal-Line-Crossover-Trend-Following-Strategy.md,variant_or_duplicate,rsi_mean_reversion,rsi-mean-reversion-2026-08-31.md
基于RSI的纯多头交易策略RSI-Trend-Following-Strategy.md,variant_or_duplicate,rsi_mean_reversion,rsi-mean-reversion-2026-08-31.md
快速响应型加密货币RSI趋势跟踪策略Crypto-RSI-Mini-Sniper-Quick-Response-Trend-Following-Strategy.md,variant_or_duplicate,rsi_mean_reversion,rsi-mean-reversion-2026-08-31.md
成交量加权平均价与相对强弱指数交叉策略-VWAP-and-RSI-Crossover-Strategy.md,variant_or_duplicate,rsi_mean_reversion,rsi-mean-reversion-2026-08-31.md
多层级RSI交叉回归增仓策略-Multi-Level-RSI-Cross-Under-Regression-Pyramiding-Strategy.md,variant_or_duplicate,rsi_mean_reversion,rsi-mean-reversion-2026-08-31.md
多周期RSI背离与支撑阻力组合量化策略-Multi-Period-RSI-Divergence-with-Support-Resistance-Quantitative-Trading-Strategy.md,variant_or_duplicate,rsi_mean_reversion,rsi-mean-reversion-2026-08-31.md
基于RSI和T3指标的PMax自适应突破策略PMax-Breakout-Strategy-Based-on-RSI-and-T3-Indicators.md,variant_or_duplicate,rsi_mean_reversion,rsi-mean-reversion-2026-08-31.md
趋势顺势RSI波动捕捉策略Trend-Riding-RSI-Swing-Capture-Strategy.md,variant_or_duplicate,rsi_mean_reversion,rsi-mean-reversion-2026-08-31.md
RSI-Divergence-Indicator.md,variant_or_duplicate,rsi_mean_reversion,rsi-mean-reversion-2026-08-31.md
相对强弱指数均值回归策略Relative-Strength-Index-Mean-Reversion-Strategy.md,variant_or_duplicate,rsi_mean_reversion,rsi-mean-reversion-2026-08-31.md
基于RSI指标的股票交易双向金字塔策略RSI-Indicator-Based-Stock-Trading-Pyramiding-Strategy.md,variant_or_duplicate,rsi_mean_reversion,rsi-mean-reversion-2026-08-31.md
相对强弱指数发散策略RSI-Divergence-Strategy.md,variant_or_duplicate,rsi_mean_reversion,rsi-mean-reversion-2026-08-31.md
Big-Snapper-Alerts-R30-Chaiking-Volatility-condition-TP-RSI.md,variant_or_duplicate,rsi_mean_reversion,rsi-mean-reversion-2026-08-31.md
基于ROC的RSI交易策略RSI-Based-on-ROC-Trading-Strategy.md,variant_or_duplicate,rsi_mean_reversion,rsi-mean-reversion-2026-08-31.md
基于相对强弱指数和平均真实波幅的多层次动态成本均摊波段交易策略-Multi-Level-Dynamic-Cost-Averaging-Swing-Trading-Strategy-Based-on-RSI-and-ATR.md,variant_or_duplicate,rsi_mean_reversion,rsi-mean-reversion-2026-08-31.md
趋势增强型RSI-ADX线性回归预测交易策略-Enhanced-Trend-RSI-ADX-Linear-Regression-Prediction-Trading-Strategy.md,variant_or_duplicate,rsi_mean_reversion,rsi-mean-reversion-2026-08-31.md
反转追踪策略Parabolic-SAR-RSI-Reversal-Strategy.md,variant_or_duplicate,rsi_mean_reversion,rsi-mean-reversion-2026-08-31.md
基于TRSI和SUPER趋势指标的量化交易策略Quantitative-Trading-Strategy-Based-on-TRSI-and-SUPER-Trend-Indicators.md,variant_or_duplicate,rsi_mean_reversion,rsi-mean-reversion-2026-08-31.md
快速RSI反转策略Fast-RSI-Reversal-Strategy.md,variant_or_duplicate,rsi_mean_reversion,rsi-mean-reversion-2026-08-31.md
多时间框架趋势突破策略与RSI过滤及ATR风险管理-Multi-Timeframe-Trend-Breakout-Strategy-with-RSI-Filter-and-ATR-Based-Risk-Management.md,variant_or_duplicate,rsi_mean_reversion,rsi-mean-reversion-2026-08-31.md
基于RSI均值回归的交易策略RSI-Average-Reversion-Trading-Strategy.md,variant_or_duplicate,rsi_mean_reversion,rsi-mean-reversion-2026-08-31.md
黄金分割式均值回归趋势交易策略Golden-Ratio-Mean-Reversion-Trend-Trading-Strategy.md,variant_or_duplicate,rsi_mean_reversion,rsi-mean-reversion-2026-08-31.md
抛物线转向系统动能拐点追踪策略Momentum-Inversion-Tracking-Strategy.md,variant_or_duplicate,rsi_mean_reversion,rsi-mean-reversion-2026-08-31.md
黄金复合移动平均线交叉RSI混入策略Gold-Trading-with-Simons-Strategy.md,variant_or_duplicate,rsi_mean_reversion,rsi-mean-reversion-2026-08-31.md
基于RSI指标的跨时间框架策略VWAP-RSI-Oversold-Crossunder-BTC-Short-Strategy.md,variant_or_duplicate,rsi_mean_reversion,rsi-mean-reversion-2026-08-31.md
基于RSI和K线形态的交易策略RSI-Candlestick-Trading-Strategy.md,variant_or_duplicate,rsi_mean_reversion,rsi-mean-reversion-2026-08-31.md
结合RSI指标与价格突破的短线策略A-Short-term-Strategy-Combining-RSI-Indicator-and-Price-Breakthrough.md,variant_or_duplicate,rsi_mean_reversion,rsi-mean-reversion-2026-08-31.md
双重反转均衡策略Dual-Reversion-Balance-Strategy.md,variant_or_duplicate,rsi_mean_reversion,rsi-mean-reversion-2026-08-31.md
多重技术指标交叉趋势跟踪策略RSI与随机RSI协同交易系统-Multi-Technical-Indicator-Cross-Trend-Tracking-Strategy-RSI-and-Stochastic-RSI-Synergy-Trading-System.md,variant_or_duplicate,rsi_mean_reversion,rsi-mean-reversion-2026-08-31.md
双均线叠加RSI指标的量化交易策略Stochastic-Overlap-with-RSI-Index-Quant-Trading-Strategy.md,variant_or_duplicate,rsi_mean_reversion,rsi-mean-reversion-2026-08-31.md
RSI-W形态突破策略RSI-W-Pattern-Breakout-Strategy.md,variant_or_duplicate,rsi_mean_reversion,rsi-mean-reversion-2026-08-31.md
三四K线突破反转策略Three-Bar-and-Four-Bar-Breakout-Reversion-Strategy.md,variant_or_duplicate,rsi_mean_reversion,rsi-mean-reversion-2026-08-31.md
Dual-Thrust-麦语言版Dual-Thrust-MyLanguage-version.md,variant_or_duplicate,rsi_mean_reversion,rsi-mean-reversion-2026-08-31.md
RSI-Breakout-VWAP-Strategy.md,variant_or_duplicate,rsi_mean_reversion,rsi-mean-reversion-2026-08-31.md
RSI-多空自动交易策略RSI-Long-Short-Automated-Trading-Strategy.md,variant_or_duplicate,rsi_mean_reversion,rsi-mean-reversion-2026-08-31.md
动态RSI与PSAR交叉策略结合风险管理系统-Dynamic-RSI-and-PSAR-Crossover-Strategy-with-Risk-Management-System.md,variant_or_duplicate,rsi_mean_reversion,rsi-mean-reversion-2026-08-31.md
蜡烛包裹RSI交易策略Engulfing-Candle-RSI-Trading-Strategy.md,variant_or_duplicate,rsi_mean_reversion,rsi-mean-reversion-2026-08-31.md
基于中值线的Gandalf量化交易策略Gandalf-Mean-Reversion-Quantitative-Trading-Strategy.md,variant_or_duplicate,rsi_mean_reversion,rsi-mean-reversion-2026-08-31.md
基于ATR的均值回复策略Mean-Reversion-Strategy-Based-on-ATR.md,variant_or_duplicate,rsi_mean_reversion,rsi-mean-reversion-2026-08-31.md
RSI双向突破策略RSI-Reversal-Breakout-Strategy.md,variant_or_duplicate,rsi_mean_reversion,rsi-mean-reversion-2026-08-31.md
基于RSI的阈值交易策略RSI-Threshold-Trading-Strategy.md,variant_or_duplicate,rsi_mean_reversion,rsi-mean-reversion-2026-08-31.md
Stochastic-RSI交易策略Stochastic-RSI-Trading-Strategy.md,variant_or_duplicate,rsi_mean_reversion,rsi-mean-reversion-2026-08-31.md
RSI-Buy-Sell-Signals.md,variant_or_duplicate,rsi_mean_reversion,rsi-mean-reversion-2026-08-31.md
快速RSI指标二次突破策略Double-Fast-RSI-Breakthrough-Strategy.md,variant_or_duplicate,rsi_mean_reversion,rsi-mean-reversion-2026-08-31.md
成交量异常与相对强弱指数优化交易策略-Volume-Spike-and-RSI-Enhanced-Trading-Strategy.md,variant_or_duplicate,rsi_mean_reversion,rsi-mean-reversion-2026-08-31.md
RSI菲波那契回调策略RSI-Fibonacci-Retracement-Strategy.md,variant_or_duplicate,rsi_mean_reversion,rsi-mean-reversion-2026-08-31.md
基于道氏理论的RSI-MFI动量指标策略Dow-Theory-based-RSI-MFI-Momentum-Indicator-Strategy.md,variant_or_duplicate,rsi_mean_reversion,rsi-mean-reversion-2026-08-31.md
分享RSI超买超卖策略.md,variant_or_duplicate,rsi_mean_reversion,rsi-mean-reversion-2026-08-31.md
动态均值回归与动量策略-Dynamic-Mean-Reversion-and-Momentum-Strategy.md,variant_or_duplicate,rsi_mean_reversion,rsi-mean-reversion-2026-08-31.md
基于RSI指标的多空反转策略RSI-Indicator-Based-Reversal-Strategy.md,variant_or_duplicate,rsi_mean_reversion,rsi-mean-reversion-2026-08-31.md
RSI和OTT波带策略分析RSI-and-OTT-Bands-Strategy-Analysis.md,variant_or_duplicate,rsi_mean_reversion,rsi-mean-reversion-2026-08-31.md
多指标融合均值回归趋势跟踪策略-Multi-Indicator-Fusion-Mean-Reversion-Trend-Following-Strategy.md,variant_or_duplicate,rsi_mean_reversion,rsi-mean-reversion-2026-08-31.md
双指标反转趋势追踪策略Dual-Indicator-Mean-Reversion-Trend-Following-Strategy.md,variant_or_duplicate,rsi_mean_reversion,rsi-mean-reversion-2026-08-31.md
方差反转交易策略Variance-Reversion-Trading-Strategy.md,variant_or_duplicate,rsi_mean_reversion,rsi-mean-reversion-2026-08-31.md
基于RSI和VWAP的短线量化策略RSI-VWAP-Short-term-Quant-Strategy.md,variant_or_duplicate,rsi_mean_reversion,rsi-mean-reversion-2026-08-31.md
基于均线和HA动量突破的趋势跟踪策略Mean-Reversion-Trend-Following-Strategy-Based-on-HA-Momentum-Breakout.md,variant_or_duplicate,rsi_mean_reversion,rsi-mean-reversion-2026-08-31.md
RSI与平滑RSI策略多头分型RSI-and-smoothed-RSI-bullish-divergence-strategy.md,variant_or_duplicate,rsi_mean_reversion,rsi-mean-reversion-2026-08-31.md
RSI真实区域突破策略RSI-True-Level-Breakout-Strategy.md,variant_or_duplicate,rsi_mean_reversion,rsi-mean-reversion-2026-08-31.md
基于RSI动态加仓策略RSI-Dynamic-Position-Averaging-Strategy.md,variant_or_duplicate,rsi_mean_reversion,rsi-mean-reversion-2026-08-31.md
基于高斯通道与随机相对强弱指数过滤的趋势判断策略-Trend-Detection-Strategy-Based-on-Gaussian-Channel-and-Stochastic-RSI-Filter.md,variant_or_duplicate,rsi_mean_reversion,rsi-mean-reversion-2026-08-31.md
三重RSI极值交易策略Triple-RSI-Extremum-Trading-Strategy.md,variant_or_duplicate,rsi_mean_reversion,rsi-mean-reversion-2026-08-31.md
练习01RSI.md,variant_or_duplicate,rsi_mean_reversion,rsi-mean-reversion-2026-08-31.md
RSI均线回归交易策略RSI-Mean-Reversion-Trading-Strategy.md,variant_or_duplicate,rsi_mean_reversion,rsi-mean-reversion-2026-08-31.md
RSI-相对强弱指数策略-RSI-Relative-Strength-Index-Strategy.md,variant_or_duplicate,rsi_mean_reversion,rsi-mean-reversion-2026-08-31.md
RSI动量反转策略RSI-Momentum-Reversal-Strategy.md,variant_or_duplicate,rsi_mean_reversion,rsi-mean-reversion-2026-08-31.md
RSI差异反转策略RSI-Divergence-Reversal-Strategy.md,variant_or_duplicate,rsi_mean_reversion,rsi-mean-reversion-2026-08-31.md
RSI与Supertrend趋势跟踪型自适应波动策略-RSI-and-Supertrend-Trend-Following-Adaptive-Volatility-Strategy.md,variant_or_duplicate,rsi_mean_reversion,rsi-mean-reversion-2026-08-31.md
累积RSI突破策略Cumulative-RSI-Breakout-Strategy.md,variant_or_duplicate,rsi_mean_reversion,rsi-mean-reversion-2026-08-31.md
基于RSI的长线量化策略Relative-Strength-Index-Long-term-Quant-Strategy.md,variant_or_duplicate,rsi_mean_reversion,rsi-mean-reversion-2026-08-31.md
基于相对强弱指数的超买超卖自动化交易策略-Automated-Trading-Strategy-Based-on-RSI-Overbought-and-Oversold-Levels.md,variant_or_duplicate,rsi_mean_reversion,rsi-mean-reversion-2026-08-31.md
Stochastic-RSI-Double-Strategy.md,variant_or_duplicate,rsi_mean_reversion,rsi-mean-reversion-2026-08-31.md
RSI-and-BBand-simultaneously-OverSold.md,variant_or_duplicate,rsi_mean_reversion,rsi-mean-reversion-2026-08-31.md
基于平滑RSI的股票交易策略Smoothed-RSI-Based-Stock-Trading-Strategy.md,variant_or_duplicate,rsi_mean_reversion,rsi-mean-reversion-2026-08-31.md
基于RSI-穿越交易策略The-RSI-Crossover-Trading-Strategy.md,variant_or_duplicate,rsi_mean_reversion,rsi-mean-reversion-2026-08-31.md
动量跟踪均线反转策略A-Momentum-Tracking-Mean-Reversion-Strategy.md,variant_or_duplicate,rsi_mean_reversion,rsi-mean-reversion-2026-08-31.md
RSI跳空反转策略RSI-Gap-Reversal-Strategy.md,variant_or_duplicate,rsi_mean_reversion,rsi-mean-reversion-2026-08-31.md
动态RSI与CCI结合的多因子量化交易策略Dynamic-RSI-and-CCI-Combined-Multi-factor-Quantitative-Trading-Strategy.md,variant_or_duplicate,rsi_mean_reversion,rsi-mean-reversion-2026-08-31.md
基于RSI金叉超级做空策略RSI-Golden-Cross-Short-Strategy.md,variant_or_duplicate,rsi_mean_reversion,rsi-mean-reversion-2026-08-31.md
RSI趋势反转策略-RSI-Trend-Reversal-Strategy.md,variant_or_duplicate,rsi_mean_reversion,rsi-mean-reversion-2026-08-31.md
基于高斯通道与随机RSI的多重指标自适应交易策略-Multi-Indicator-Adaptive-Trading-Strategy-Based-on-Gaussian-Channel-and-Stochastic-RSI.md,variant_or_duplicate,rsi_mean_reversion,rsi-mean-reversion-2026-08-31.md
顺势而为RSI策略Go-With-The-Trend-RSI-Strategy.md,variant_or_duplicate,rsi_mean_reversion,rsi-mean-reversion-2026-08-31.md
组合式动量与均值回归高频量化策略-Combined-Momentum-and-Mean-Reversion-High-Frequency-Quantitative-Strategy.md,variant_or_duplicate,rsi_mean_reversion,rsi-mean-reversion-2026-08-31.md
埃尔斯-平滑化随机相对强弱指数策略Ehlers-Smoothed-Stochastic-RSI-Strategy.md,variant_or_duplicate,rsi_mean_reversion,rsi-mean-reversion-2026-08-31.md
逆向工程RSI策略Reverse-Engineering-RSI-Strategy.md,variant_or_duplicate,rsi_mean_reversion,rsi-mean-reversion-2026-08-31.md
基于双RSI指标的自适应波段交易系统-Adaptive-Range-Trading-System-Based-on-Dual-RSI-Indicators.md,variant_or_duplicate,rsi_mean_reversion,rsi-mean-reversion-2026-08-31.md
RSI多空平衡交易策略RSI-Long-Short-Balance-Trading-Strategy.md,variant_or_duplicate,rsi_mean_reversion,rsi-mean-reversion-2026-08-31.md
JMA指标交叉RSI指标交易策略JMA-Crossing-RSI-Trading-Strategy.md,variant_or_duplicate,rsi_mean_reversion,rsi-mean-reversion-2026-08-31.md
RSI区间突破策略RSI-Range-Breakout-Strategy.md,variant_or_duplicate,rsi_mean_reversion,rsi-mean-reversion-2026-08-31.md
基于Stoch-RSI和MFI的量化交易策略Quantitative-Trading-Strategy-Based-on-Stoch-RSI-and-MFI.md,variant_or_duplicate,rsi_mean_reversion,rsi-mean-reversion-2026-08-31.md
基于年内调整的RSI震荡交易策略Bitlinc-MARSI-Trading-Strategy.md,variant_or_duplicate,rsi_mean_reversion,rsi-mean-reversion-2026-08-31.md
反转向量RSI趋势跟踪ETF交易策略Reversal-RSI-Trend-Tracking-ETF-Trading-Strategy.md,variant_or_duplicate,rsi_mean_reversion,rsi-mean-reversion-2026-08-31.md
RSI金叉死叉策略RSI-Crossover-Strategy.md,variant_or_duplicate,rsi_mean_reversion,rsi-mean-reversion-2026-08-31.md
比特币波动带反转策略Bitcoin-Volatility-Band-Reversion-Strategy.md,variant_or_duplicate,rsi_mean_reversion,rsi-mean-reversion-2026-08-31.md
自适应动量均值回归交叉策略Adaptive-Momentum-Mean-Reversion-Crossover-Strategy.md,variant_or_duplicate,rsi_mean_reversion,rsi-mean-reversion-2026-08-31.md
RSI-动量策略-RSI-Momentum-Strategy-with-Manual-TP-and-SL.md,variant_or_duplicate,rsi_mean_reversion,rsi-mean-reversion-2026-08-31.md
ATR-RSI增强型趋势追踪交易系统-ATR-RSI-Enhanced-Trend-Following-Trading-System.md,variant_or_duplicate,rsi_mean_reversion,rsi-mean-reversion-2026-08-31.md
Gooners-BTC-Weekly-RSI-Hack-Strategy.md,variant_or_duplicate,rsi_mean_reversion,rsi-mean-reversion-2026-08-31.md
RSI双重差分策略-Dual-RSI-Differential-Strategy.md,variant_or_duplicate,rsi_mean_reversion,rsi-mean-reversion-2026-08-31.md
多周期RSI超卖反转策略-Multi-Timeframe-RSI-Oversold-Reversal-Strategy.md,variant_or_duplicate,rsi_mean_reversion,rsi-mean-reversion-2026-08-31.md
Python版-TableTemplet-测试版Python-Version-TableTemplet-Beta-Version.md,variant_or_duplicate,rsi_mean_reversion,rsi-mean-reversion-2026-08-31.md
RSI与线性回归通道交易策略-RSI-and-Linear-Regression-Channel-Trading-Strategy.md,variant_or_duplicate,rsi_mean_reversion,rsi-mean-reversion-2026-08-31.md
多因子RSI反转策略multiple-auxiliary-RSI-indicator-strategy.md,variant_or_duplicate,rsi_mean_reversion,rsi-mean-reversion-2026-08-31.md
基于RSI的简单密码货币交易策略Simple-Cryptocurrency-Trading-Strategy-Based-on-RSI.md,variant_or_duplicate,rsi_mean_reversion,rsi-mean-reversion-2026-08-31.md
动量策略的RSI指标聚合RSI-Momentum-Aggregation-Strategy.md,variant_or_duplicate,rsi_mean_reversion,rsi-mean-reversion-2026-08-31.md
基于Stoch-RSI的趋势追踪策略Stoch-RSI-Based-Trend-Following-Strategy.md,variant_or_duplicate,rsi_mean_reversion,rsi-mean-reversion-2026-08-31.md
RSI指标突破交易策略Alpha-RSI-Breakout-Trading-Strategy.md,variant_or_duplicate,rsi_mean_reversion,rsi-mean-reversion-2026-08-31.md
均值回归动量策略Mean-Reversion-Momentum-Strategy.md,variant_or_duplicate,rsi_mean_reversion,rsi-mean-reversion-2026-08-31.md
Ultra-Long-Period-RSI-Reversal-Strategy.md,variant_or_duplicate,rsi_mean_reversion,rsi-mean-reversion-2026-08-31.md
基于RSIADX和一目均衡图的多因子趋势跟踪量化交易策略-Multi-factor-Trend-Following-Quantitative-Trading-Strategy-Based-on-RSI-ADX-and-Ichimoku-Cloud.md,variant_or_duplicate,rsi_mean_reversion,rsi-mean-reversion-2026-08-31.md
Algorithm-RSI区间突破策略Algorithm-RSI-Range-Breakout-Strategy.md,variant_or_duplicate,rsi_mean_reversion,rsi-mean-reversion-2026-08-31.md
牛市强劲趋势跟踪策略Bull-Trend-Riding-Strategy-Based-on-Stochastic-RSI-with-Special-Rules-for-Heavy-Bullish-Bias.md,variant_or_duplicate,rsi_mean_reversion,rsi-mean-reversion-2026-08-31.md
开盘价势动量反转-RSI-交易策略-Market-Open-Momentum-Reversal-RSI-Trading-Strategy.md,variant_or_duplicate,rsi_mean_reversion,rsi-mean-reversion-2026-08-31.md
随机相对强弱指数与蜡烛图确认的动态交易系统-Dynamic-Trading-System-with-Stochastic-RSI-and-Candlestick-Confirmation.md,variant_or_duplicate,rsi_mean_reversion,rsi-mean-reversion-2026-08-31.md
双重反转CMO量子策略Dual-Reversion-CMO-Quantum-Strategy.md,variant_or_duplicate,rsi_mean_reversion,rsi-mean-reversion-2026-08-31.md
RSI-Trend.md,variant_or_duplicate,rsi_mean_reversion,rsi-mean-reversion-2026-08-31.md
RSI动态背离量化策略-RSI-Dynamic-Divergence-Quantitative-Strategy.md,variant_or_duplicate,rsi_mean_reversion,rsi-mean-reversion-2026-08-31.md
MORNING-CANDLE-BREAKOUT-AND-REVERSION-STRATEGY-早晨蜡烛突破与反转策略.md,variant_or_duplicate,rsi_mean_reversion,rsi-mean-reversion-2026-08-31.md
高胜率趋势均值回归交易策略-High-Win-Rate-Trend-Mean-Reversion-Trading-Strategy.md,variant_or_duplicate,rsi_mean_reversion,rsi-mean-reversion-2026-08-31.md
基于ATR和RSI的趋势跟踪交易策略ATR-and-RSI-Based-Trend-Following-Trading-Strategy.md,variant_or_duplicate,rsi_mean_reversion,rsi-mean-reversion-2026-08-31.md
RSI鳄鱼趋势策略RSI-Alligator-Trend-Strategy.md,variant_or_duplicate,rsi_mean_reversion,rsi-mean-reversion-2026-08-31.md
双因子反转追踪策略Dual-Factor-Mean-Reversion-Tracking-Strategy.md,variant_or_duplicate,rsi_mean_reversion,rsi-mean-reversion-2026-08-31.md
自适应RSI震荡阈值动态交易策略-Adaptive-RSI-Oscillator-Dynamic-Trading-Strategy-with-Threshold-Optimization.md,variant_or_duplicate,rsi_mean_reversion,rsi-mean-reversion-2026-08-31.md
基于RSI动量指标的自适应交易策略-Adaptive-Trading-Strategy-Based-on-RSI-Momentum-Indicator.md,variant_or_duplicate,rsi_mean_reversion,rsi-mean-reversion-2026-08-31.md
StochRSI和okcoin一致.md,variant_or_duplicate,rsi_mean_reversion,rsi-mean-reversion-2026-08-31.md
反转突破RSI超卖策略Reversal-Breakout-Oversold-RSI-Strategy.md,variant_or_duplicate,rsi_mean_reversion,rsi-mean-reversion-2026-08-31.md
基于ATR通道均线反转的量化交易策略ATR-Channel-Mean-Reversion-Quantitative-Trading-Strategy.md,variant_or_duplicate,rsi_mean_reversion,rsi-mean-reversion-2026-08-31.md
基于RSI指标的双轨突破策略RSI-Dual-track-Breakthrough-Strategy.md,variant_or_duplicate,rsi_mean_reversion,rsi-mean-reversion-2026-08-31.md
基于QQE指标和RSI指标的多空信号策略-QQE-and-RSI-based-Long-Short-Signal-Strategy.md,variant_or_duplicate,rsi_mean_reversion,rsi-mean-reversion-2026-08-31.md
基于Chande动量振荡器的自适应均值回归交易策略-Adaptive-Mean-Reversion-Trading-Strategy-Based-on-Chande-Momentum-Oscillator.md,variant_or_duplicate,rsi_mean_reversion,rsi-mean-reversion-2026-08-31.md
动态随机相对强弱指标双线交叉自适应交易策略-Adaptive-Trading-Strategy-Based-on-Stochastic-RSI-Dual-Line-Crossover.md,variant_or_duplicate,rsi_mean_reversion,rsi-mean-reversion-2026-08-31.md
基于多项式插值的RSI动量指标策略Polynomial-Interpolation-Based-RSI-Momentum-Strategy.md,variant_or_duplicate,rsi_mean_reversion,rsi-mean-reversion-2026-08-31.md
多时间框架RSI策略Multi-Timeframe-RSI-Strategy.md,variant_or_duplicate,rsi_mean_reversion,rsi-mean-reversion-2026-08-31.md
均值回归策略-Mean-Reversion-Strategy.md,variant_or_duplicate,rsi_mean_reversion,rsi-mean-reversion-2026-08-31.md
基于相对强弱指标和随机相对强弱指标的交易策略Multi-Timeframe-RSI-SRSI-Trading-Strategy.md,variant_or_duplicate,rsi_mean_reversion,rsi-mean-reversion-2026-08-31.md
多重指标趋势跟踪结合RSI超买超卖的量化交易策略-Multi-Indicator-Trend-Following-with-RSI-Overbought-Oversold-Quantitative-Trading-Strategy.md,variant_or_duplicate,rsi_mean_reversion,rsi-mean-reversion-2026-08-31.md
RSI多空分歧指标The-RSI-Divergence-Indicator-Strategy.md,variant_or_duplicate,rsi_mean_reversion,rsi-mean-reversion-2026-08-31.md
BuySell-Strategy-depends-on-AOStochRSIATR.md,variant_or_duplicate,rsi_mean_reversion,rsi-mean-reversion-2026-08-31.md
递归带动量交易策略Recursive-Momentum-Trading-Strategy.md,variant_or_duplicate,rsi_mean_reversion,rsi-mean-reversion-2026-08-31.md
RSI双边交易策略-RSI-Dual-Side-Trading-Strategy.md,variant_or_duplicate,rsi_mean_reversion,rsi-mean-reversion-2026-08-31.md
RSI-CCI融合策略RSI-CCI-Fusion-Strategy.md,variant_or_duplicate,rsi_mean_reversion,rsi-mean-reversion-2026-08-31.md
双重RSI策略结合背离与交叉的高级趋势捕捉系统-Dual-RSI-Strategy-Advanced-Trend-Capture-System-Combining-Divergence-and-Crossover.md,variant_or_duplicate,rsi_mean_reversion,rsi-mean-reversion-2026-08-31.md
基于StochRSI和交易量的多空策略Stochastic-RSI-and-Volume-Based-Trading-Strategy.md,variant_or_duplicate,rsi_mean_reversion,rsi-mean-reversion-2026-08-31.md
黄金分割与相对强弱RSI策略Fibonacci-Golden-Ratio-and-Relative-Strength-RSI-Strategy.md,variant_or_duplicate,rsi_mean_reversion,rsi-mean-reversion-2026-08-31.md
基于快速RSI的风控复合交易策略Fast-RSI-Risk-Control-Compound-Futures-Trading-Strategy.md,variant_or_duplicate,rsi_mean_reversion,rsi-mean-reversion-2026-08-31.md
基于均线反转的短线交易策略Mean-Reversion-Line-Strategy.md,variant_or_duplicate,rsi_mean_reversion,rsi-mean-reversion-2026-08-31.md
双层RSI交易策略Double-Decker-RSI-Trading-Strategy.md,variant_or_duplicate,rsi_mean_reversion,rsi-mean-reversion-2026-08-31.md
高斯通道趋势跟踪与随机相对强弱指标交易策略-Gaussian-Channel-Trend-Following-with-Stochastic-RSI-Trading-Strategy.md,variant_or_duplicate,rsi_mean_reversion,rsi-mean-reversion-2026-08-31.md
RSI均值回归价格波动策略RSI-Mean-Reversion-Price-Fluctuation-Strategy.md,variant_or_duplicate,rsi_mean_reversion,rsi-mean-reversion-2026-08-31.md
量化交易中基于RSI与成交量的高级反转策略-Advanced-RSI-and-Volume-Based-Contrarian-Trading-Strategy.md,variant_or_duplicate,rsi_mean_reversion,rsi-mean-reversion-2026-08-31.md
基于VSTOP和RSI的交易策略VSTOP-and-RSI-Trading-Strategy.md,variant_or_duplicate,rsi_mean_reversion,rsi-mean-reversion-2026-08-31.md
基于RSI指标的反转交易策略An-RSI-Reversal-Trading-Strategy.md,variant_or_duplicate,rsi_mean_reversion,rsi-mean-reversion-2026-08-31.md
相对强弱指数与125日高点突破及成交量过滤策略-RSI-with-125-Day-High-Breakout-and-Volume-Filter-Strategy.md,variant_or_duplicate,rsi_mean_reversion,rsi-mean-reversion-2026-08-31.md
RSI与AO协同趋势追踪型量化交易策略-RSI-and-AO-Synergistic-Trend-Following-Quantitative-Trading-Strategy.md,variant_or_duplicate,rsi_mean_reversion,rsi-mean-reversion-2026-08-31.md
RSI拉升突破策略RSI-Breakout-Strategy.md,variant_or_duplicate,rsi_mean_reversion,rsi-mean-reversion-2026-08-31.md
Noros-Fast-RSI-Breakthrough-Strategy.md,variant_or_duplicate,rsi_mean_reversion,rsi-mean-reversion-2026-08-31.md
动态RSI震荡多项式拟合指标趋势量化交易策略-Dynamic-RSI-Oscillator-Polynomial-Fitting-Indicator-Trend-Quantitative-Trading-Strategy.md,variant_or_duplicate,rsi_mean_reversion,rsi-mean-reversion-2026-08-31.md
均值回归渐进开仓策略Mean-Reversion-with-Incremental-Entry-Strategy.md,variant_or_duplicate,rsi_mean_reversion,rsi-mean-reversion-2026-08-31.md
基于RSI和STOCH-RSI的双向交易策略Dual-directional-Trading-Strategy-Based-on-RSI-and-STOCH-RSI.md,variant_or_duplicate,rsi_mean_reversion,rsi-mean-reversion-2026-08-31.md
三角形突破结合RSI动量策略-Triangle-Breakout-with-RSI-Momentum-Strategy.md,variant_or_duplicate,rsi_mean_reversion,rsi-mean-reversion-2026-08-31.md
慢速RSI超买超卖策略Slow-RSI-OB-OS-Strategy.md,variant_or_duplicate,rsi_mean_reversion,rsi-mean-reversion-2026-08-31.md
基于RSI指标的Nifty交易策略Nifty-Trading-Strategy-Based-on-RSI-Indicator.md,variant_or_duplicate,rsi_mean_reversion,rsi-mean-reversion-2026-08-31.md
均值回归型连续K线反转交易策略-Mean-Reversion-Consecutive-Candle-Reversal-Trading-Strategy.md,variant_or_duplicate,rsi_mean_reversion,rsi-mean-reversion-2026-08-31.md
基于线性回归RSI的量化交易策略Quantitative-Trading-Strategy-Based-on-Linear-Regression-RSI.md,variant_or_duplicate,rsi_mean_reversion,rsi-mean-reversion-2026-08-31.md
Delta-RSI-Oscillator-Strategy.md,variant_or_duplicate,rsi_mean_reversion,rsi-mean-reversion-2026-08-31.md
基于高斯平滑去趋势反转策略Gaussian-Detrended-Reversion-Trading-Strategy.md,variant_or_duplicate,rsi_mean_reversion,rsi-mean-reversion-2026-08-31.md
双向RSI均线回复策略The-Dual-RSI-Mean-Reversion-Strategy.md,variant_or_duplicate,rsi_mean_reversion,rsi-mean-reversion-2026-08-31.md
基于均值回归的多层级支撑阻力周线交易策略-Multi-Level-Support-Resistance-Weekly-Mean-Reversion-Trading-Strategy.md,variant_or_duplicate,rsi_mean_reversion,rsi-mean-reversion-2026-08-31.md
多重技术指标趋势跟踪与动量RSI过滤交易策略-Multi-Technical-Indicator-Trend-Following-Strategy-with-RSI-Momentum-Filter.md,variant_or_duplicate,rsi_mean_reversion,rsi-mean-reversion-2026-08-31.md
均值恢复ATR趋势策略Mean-Reversion-ATR-Trend-Strategy.md,variant_or_duplicate,rsi_mean_reversion,rsi-mean-reversion-2026-08-31.md
基于Stochastic-Momentum-Index和RSI的量化策略Stochastic-Momentum-Index-and-RSI-Based-Quant-Trading-Strategy.md,variant_or_duplicate,rsi_mean_reversion,rsi-mean-reversion-2026-08-31.md
动量指标RSI捕捉反转交易策略Momentum-Indicator-RSI-Reversal-Trading-Strategy.md,variant_or_duplicate,rsi_mean_reversion,rsi-mean-reversion-2026-08-31.md
ADX-RSI策略ADX-RSI-Strategy.md,variant_or_duplicate,rsi_mean_reversion,rsi-mean-reversion-2026-08-31.md
RSI反转突破策略RSI-Reversal-Breakout-Strategy.md,variant_or_duplicate,rsi_mean_reversion,rsi-mean-reversion-2026-08-31.md
Internal-Bar-Strength-Indicator-Reversion-system.md,variant_or_duplicate,rsi_mean_reversion,rsi-mean-reversion-2026-08-31.md
针对加密货币的快速RSI跳空策略Fast-RSI-Gap-Trading-Strategy-for-Cryptocurrencies.md,variant_or_duplicate,rsi_mean_reversion,rsi-mean-reversion-2026-08-31.md
VWAP偏差与OBV-RSI复合均值回归交易策略-VWAP-Deviation-and-OBV-RSI-Combined-Mean-Reversion-Trading-Strategy.md,variant_or_duplicate,rsi_mean_reversion,rsi-mean-reversion-2026-08-31.md
三分钟突破量化策略多周期结合RSI动能突破交易系统-Three-Minute-Breakthrough-Quantitative-Strategy-Multi-Timeframe-RSI-Momentum-Breakout-Trading-System.md,variant_or_duplicate,rsi_mean_reversion,rsi-mean-reversion-2026-08-31.md
基于RSI的趋势追踪策略RSI-Trend-Following-Strategy.md,variant_or_duplicate,rsi_mean_reversion,rsi-mean-reversion-2026-08-31.md
一目均衡策略Ichimoku-Kinko-Hyo-Mean-Reversion-Strategy.md,variant_or_duplicate,rsi_mean_reversion,rsi-mean-reversion-2026-08-31.md
基于二项分布的价格极值回归策略Price-Extreme-Reversion-Strategy-Based-on-Binomial-Distribution.md,variant_or_duplicate,rsi_mean_reversion,rsi-mean-reversion-2026-08-31.md
Larry-Connors-RSI2均值回归策略.md,variant_or_duplicate,rsi_mean_reversion,rsi-mean-reversion-2026-08-31.md
自适应价格区域反转交易策略Adaptive-Price-Zone-Reversal-Trading-Strategy.md,normalized_candidate,price_reversal,price-reversal-2026-08-31.md
动态Keltner通道动量反转策略-Dynamic-Keltner-Channel-Momentum-Reversal-Strategy.md,variant_or_duplicate,price_reversal,price-reversal-2026-08-31.md
基于峰峰形态的交易策略Peak-to-Peak-Pattern-Based-Trading-Strategy.md,variant_or_duplicate,price_reversal,price-reversal-2026-08-31.md
多模型组合蜡烛形态策略Multi-model-Candlestick-Pattern-Combination-Strategy.md,variant_or_duplicate,price_reversal,price-reversal-2026-08-31.md
基于双重反转动量策略Reversal-Momentum-Strategy-with-Double-Confirmation.md,variant_or_duplicate,price_reversal,price-reversal-2026-08-31.md
八日反转动量策略Eight-Days-Reversal-Momentum-Strategy.md,variant_or_duplicate,price_reversal,price-reversal-2026-08-31.md
Renko反转追踪策略Renko-Reversal-Tracking-Strategy.md,variant_or_duplicate,price_reversal,price-reversal-2026-08-31.md
多时间框架金反转跟踪策略Multi-Timeframe-Gold-Reversal-Tracking-Strategy.md,variant_or_duplicate,price_reversal,price-reversal-2026-08-31.md
双重技术指标动量反转交易策略结合风险管理系统-Dual-Technical-Indicator-Momentum-Reversal-Trading-Strategy-with-Risk-Management-System.md,variant_or_duplicate,price_reversal,price-reversal-2026-08-31.md
基于三重指标云形态的趋势跟踪策略Trend-Following-Strategy-Based-on-Triple-Indicator-Cloud-Pattern.md,variant_or_duplicate,price_reversal,price-reversal-2026-08-31.md
基于K线方向的趋势追踪策略Trend-Following-Strategy-Based-on-Candlestick-Direction.md,variant_or_duplicate,price_reversal,price-reversal-2026-08-31.md
基于ZigZag的多种形态识别短线交易策略ZigZag-Pattern-Recognition-Short-term-Trading-Strategy.md,variant_or_duplicate,price_reversal,price-reversal-2026-08-31.md
烛台形态趋势过滤策略Candlestick-Pattern-Trend-Filter-Strategy.md,variant_or_duplicate,price_reversal,price-reversal-2026-08-31.md
多因子动量反转组合策略Multi-factor-Momentum-Reversal-Combo-Strategy.md,variant_or_duplicate,price_reversal,price-reversal-2026-08-31.md
形态翻转策略Wick-Reversal-Pattern-Strategy.md,variant_or_duplicate,price_reversal,price-reversal-2026-08-31.md
历史走势诱变策略Vortex-Trend-Reversal-Strategy.md,variant_or_duplicate,price_reversal,price-reversal-2026-08-31.md
交易品种蜡烛线大小阈值交易策略-Futures-Candlestick-Size-Threshold-Trading-Strategy.md,variant_or_duplicate,price_reversal,price-reversal-2026-08-31.md
量化W形态高手之路Quant-W-Pattern-Master-Strategy.md,variant_or_duplicate,price_reversal,price-reversal-2026-08-31.md
基于ADX指标的趋势反转策略Trend-Reversal-Strategy-Based-on-ADX-Indicator.md,variant_or_duplicate,price_reversal,price-reversal-2026-08-31.md
反转与资金流动量组合策略-Reversal-and-Money-Flow-Combo-Strategy.md,variant_or_duplicate,price_reversal,price-reversal-2026-08-31.md
双轨跟踪震荡分型策略Dual-track-Oscillator-Pattern-Strategy.md,variant_or_duplicate,price_reversal,price-reversal-2026-08-31.md
多指标组合趋势反转策略Multi-Indicator-Trend-Reversal-Trading-Strategy.md,variant_or_duplicate,price_reversal,price-reversal-2026-08-31.md
多周期趋势线性吞没形态量化交易策略-Multi-Period-Trend-Linear-Engulfing-Pattern-Quantitative-Trading-Strategy.md,variant_or_duplicate,price_reversal,price-reversal-2026-08-31.md
跳空缺口反转策略Gap-Down-Reversal-Strategy.md,variant_or_duplicate,price_reversal,price-reversal-2026-08-31.md
双重震荡追踪反转交易策略Dual-Oscillation-Tracking-Reversal-Trading-Strategy.md,variant_or_duplicate,price_reversal,price-reversal-2026-08-31.md
双指标略逆反转交易策略Dual-Indicator-Slight-Reversal-Trading-Strategy.md,variant_or_duplicate,price_reversal,price-reversal-2026-08-31.md
多因子模型动量反转策略Moment-Reversal-Strategy-Based-on-Multi-factor-Model.md,variant_or_duplicate,price_reversal,price-reversal-2026-08-31.md
逆转型商品通道指数交易策略Commodity-Channel-Index-Reversal-Trading-Strategy.md,variant_or_duplicate,price_reversal,price-reversal-2026-08-31.md
多指标反转交易策略Dual-Indicator-Reversal-Trading-Strategy.md,variant_or_duplicate,price_reversal,price-reversal-2026-08-31.md
基于价格形态的双底双顶自动交易策略-Price-Pattern-Based-Double-Bottom-and-Top-Automated-Trading-Strategy.md,variant_or_duplicate,price_reversal,price-reversal-2026-08-31.md
增强型趋势反转多指标交叉智能策略-Enhanced-Multi-Indicator-Trend-Reversal-Intelligence-Strategy.md,variant_or_duplicate,price_reversal,price-reversal-2026-08-31.md
多重蜡烛图形识别与交易策略-Multi-Candlestick-Pattern-Recognition-and-Trading-Strategy.md,variant_or_duplicate,price_reversal,price-reversal-2026-08-31.md
反转预判与振荡器组合策略Reversal-Prediction-and-Oscillator-Combo-Strategy.md,variant_or_duplicate,price_reversal,price-reversal-2026-08-31.md
多指标联动反转点捕捉交易策略-Multi-Indicator-Reversal-Point-Capture-Trading-Strategy.md,variant_or_duplicate,price_reversal,price-reversal-2026-08-31.md
高级量化趋势追踪与云图反转复合交易策略-Advanced-Quantitative-Trend-Following-and-Cloud-Reversal-Composite-Trading-Strategy.md,variant_or_duplicate,price_reversal,price-reversal-2026-08-31.md
动量反转趋势跟踪策略Momentum-Reversal-Trend-Tracking-Strategy.md,variant_or_duplicate,price_reversal,price-reversal-2026-08-31.md
动量反转策略Momentum-Reversal-Strategy.md,variant_or_duplicate,price_reversal,price-reversal-2026-08-31.md
多种K线形态综合策略Comprehensive-Strategy-of-Multiple-Candlestick-Patterns.md,variant_or_duplicate,price_reversal,price-reversal-2026-08-31.md
双阴影形态反转策略Dual-Shadow-Reversal-Strategy.md,variant_or_duplicate,price_reversal,price-reversal-2026-08-31.md
多步骤非重绘Renko仿真趋势反转量化交易策略-Multi-Step-Non-Repainting-Renko-Emulation-Trend-Reversal-Quantitative-Trading-Strategy.md,variant_or_duplicate,price_reversal,price-reversal-2026-08-31.md
基于吞噬模型与量化指标的高级趋势跟踪策略Advanced-Trend-Tracking-Strategy-Based-on-Engulfing-Pattern-and-Quantitative-Indicators.md,variant_or_duplicate,price_reversal,price-reversal-2026-08-31.md
黄金趋势通道反转突破动量策略-Gold-Trend-Channel-Reversal-Momentum-Strategy.md,variant_or_duplicate,price_reversal,price-reversal-2026-08-31.md
基于K线实体的多空策略Candlestick-Body-Based-Dual-Thrust-Strategy.md,variant_or_duplicate,price_reversal,price-reversal-2026-08-31.md
多因子顶部旋转反转策略与风险收益优化系统-Multi-Factor-Spinning-Top-Reversal-Strategy-with-Risk-Reward-Optimization.md,variant_or_duplicate,price_reversal,price-reversal-2026-08-31.md
对冲震荡反转策略Hedging-Oscillation-Reversal-Strategy.md,variant_or_duplicate,price_reversal,price-reversal-2026-08-31.md
基于多重K线形态的三重打击量化交易策略-Multi-Candlestick-Pattern-Based-Triple-Strike-Quantitative-Trading-Strategy.md,variant_or_duplicate,price_reversal,price-reversal-2026-08-31.md
双管齐下量化反转追踪策略Dual-driver-Quantized-Reversal-Tracking-Strategy.md,variant_or_duplicate,price_reversal,price-reversal-2026-08-31.md
形态反转交易策略Doji-Candlestick-Reversal-Trading-Strategy.md,variant_or_duplicate,price_reversal,price-reversal-2026-08-31.md
日内锤子反转形态多头策略Intraday-Hammer-Reversal-Pattern-Long-Strategy.md,variant_or_duplicate,price_reversal,price-reversal-2026-08-31.md
主轴支撑反转指标交易策略Pivot-Support-Reversal-Indicator-Strategy.md,variant_or_duplicate,price_reversal,price-reversal-2026-08-31.md
连续阴跌-阳涨反转策略Consecutive-Downs-Ups-Reversal-Strategy.md,variant_or_duplicate,price_reversal,price-reversal-2026-08-31.md
双重黄金交叉反转交易策略Dual-Golden-Cross-Reversal-Trading-Strategy.md,variant_or_duplicate,price_reversal,price-reversal-2026-08-31.md
动量TD反转交易策略Momentum-TD-Reversal-Trading-Strategy.md,variant_or_duplicate,price_reversal,price-reversal-2026-08-31.md
双重震荡反转信噪比优化组合策略Dual-Oscillation-Reversal-Signal-to-Noise-Ratio-Optimization-Combo-Strategy.md,variant_or_duplicate,price_reversal,price-reversal-2026-08-31.md
动量反转均线组合策略Momentum-Reversal-Combo-Strategy.md,variant_or_duplicate,price_reversal,price-reversal-2026-08-31.md
多时间段动量反转策略Momentum-Reversal-Multi-Timeframe-Strategy.md,variant_or_duplicate,price_reversal,price-reversal-2026-08-31.md
基于SAR动量反转跟踪策略SAR-Momentum-Reversal-Tracking-Strategy.md,variant_or_duplicate,price_reversal,price-reversal-2026-08-31.md
多时间周期动量反转策略Momentum-Reversal-Strategy-Based-on-Multiple-Timeframes.md,variant_or_duplicate,price_reversal,price-reversal-2026-08-31.md
基于PIVOT高低点的加密货币趋势反转策略CRYPTO-TREND-REVERSAL-STRATEGY-BASED-ON-PIVOT-SWING-HIGH-AND-LOW-POINTS.md,variant_or_duplicate,price_reversal,price-reversal-2026-08-31.md
双向逆转重叠优选策略Dual-Reversal-Overlap-Selective-Strategy.md,variant_or_duplicate,price_reversal,price-reversal-2026-08-31.md
双均线回转与枢轴点组合策略Combination-Strategy-of-123-Reversal-and-Pivot-Point.md,variant_or_duplicate,price_reversal,price-reversal-2026-08-31.md
多因子动量和反转组合策略Momentum-Reversal-Combo-Strategy.md,variant_or_duplicate,price_reversal,price-reversal-2026-08-31.md
三内下反转策略Three-Inside-Down-Reversal-Strategy.md,variant_or_duplicate,price_reversal,price-reversal-2026-08-31.md
123反转与费希尔变换指标组合策略123-Reversal-and-Fisher-Transform-Indicator-Combo-Strategy.md,variant_or_duplicate,price_reversal,price-reversal-2026-08-31.md
三高K线反转策略Three-High-Candle-Reversal-Strategy.md,variant_or_duplicate,price_reversal,price-reversal-2026-08-31.md
高级压力反转与K线重叠策略Advanced-Pressure-Reversal-and-Candlestick-Overlap-Strategy.md,variant_or_duplicate,price_reversal,price-reversal-2026-08-31.md
斐波那契趋势反转策略-Fibonacci-Trend-Reversal-Strategy.md,variant_or_duplicate,price_reversal,price-reversal-2026-08-31.md
基于移动平均线和相对强弱指标的动量反转策略Momentum-Reversal-Strategy.md,variant_or_duplicate,price_reversal,price-reversal-2026-08-31.md
反转复活振荡指标组合策略Combo-Strategy-of-123-Reversal-and-Fractal-Chaos-Oscillator.md,variant_or_duplicate,price_reversal,price-reversal-2026-08-31.md
回调后周期反转趋势跟随策略Cycle-Reversal-Trend-Following-Strategy-after-Pullback.md,variant_or_duplicate,price_reversal,price-reversal-2026-08-31.md
动量张弛指标与123形态策略Momentum-Oscillator-123-Pattern-Strategy.md,variant_or_duplicate,price_reversal,price-reversal-2026-08-31.md
形态预测策略Hammer-and-Shooting-Star-Pattern-Trading-Strategy.md,variant_or_duplicate,price_reversal,price-reversal-2026-08-31.md
Fibonacci-Timing-Pattern.md,variant_or_duplicate,price_reversal,price-reversal-2026-08-31.md
反转捕捉策略Reversal-Catcher-Strategy.md,variant_or_duplicate,price_reversal,price-reversal-2026-08-31.md
谐波模式与威廉指标结合的多时间周期交易策略-Multi-Timeframe-Trading-Strategy-Combining-Harmonic-Patterns-and-Williams-R.md,variant_or_duplicate,price_reversal,price-reversal-2026-08-31.md
自适应趋势跟踪与反转识别策略基于ZigZag与Aroon指标的量化交易系统-Adaptive-Trend-Following-and-Reversal-Detection-Strategy-A-Quantitative-Trading-System-Based-on-ZigZag-and-Aroon-Indicators.md,variant_or_duplicate,price_reversal,price-reversal-2026-08-31.md
多指标融合反转交易策略Multi-indicator-Combined-Reversal-Trading-Strategy.md,variant_or_duplicate,price_reversal,price-reversal-2026-08-31.md
双因子量化反转追踪策略Dual-factor-Quantitative-Reversal-Tracking-Strategy.md,variant_or_duplicate,price_reversal,price-reversal-2026-08-31.md
blackcat-L2-Reversal-Labels-Strategy.md,variant_or_duplicate,price_reversal,price-reversal-2026-08-31.md
超级趋势日线反转策略Super-Trend-Daily-Reversal-Strategy.md,variant_or_duplicate,price_reversal,price-reversal-2026-08-31.md
多重均衡价格趋势跟踪与反转交易策略-Multi-Equilibrium-Price-Trend-Following-and-Reversal-Trading-Strategy.md,variant_or_duplicate,price_reversal,price-reversal-2026-08-31.md
双重反转动量指数策略A-Dual-Reversal-Momentum-Index-Trading-Strategy.md,variant_or_duplicate,price_reversal,price-reversal-2026-08-31.md
多重频次动量反转量化策略系统Multi-Frequency-Momentum-Reversal-Quantitative-Strategy-System-Multi-Frequency-Momentum-Reversal-Quantitative-Strategy-System.md,variant_or_duplicate,price_reversal,price-reversal-2026-08-31.md
多维图表模式量化策略融合头肩顶底与双顶底形态的技术分析交易系统-Multi-Dimensional-Chart-Pattern-Quantitative-Strategy-A-Technical-Analysis-Trading-System-Integrating-Head-and-Shoulders-and-Double-Top-Bottom-Formations.md,variant_or_duplicate,price_reversal,price-reversal-2026-08-31.md
连续阳线短期反转策略Consecutive-Candlestick-Reversal-Strategy.md,variant_or_duplicate,price_reversal,price-reversal-2026-08-31.md
长期趋势反转策略Long-Term-Trend-Reversal-Strategy.md,variant_or_duplicate,price_reversal,price-reversal-2026-08-31.md
动量反转缩量突破型低吸金叉策略Camarilla-Pivot-Points-Breakthrough-and-Momentum-Reversal-Low-Absorption-Golden-Cross-Strategy.md,variant_or_duplicate,price_reversal,price-reversal-2026-08-31.md
动量转向形态反转策略Momentum-Reversal-Trading-Strategy.md,variant_or_duplicate,price_reversal,price-reversal-2026-08-31.md
双重动量指数与反转复合策略Double-Momentum-Index-and-Reversal-Hybrid-Strategy.md,variant_or_duplicate,price_reversal,price-reversal-2026-08-31.md
动量ABCD形态策略Momentum-ABCD-Pattern-Strategy.md,variant_or_duplicate,price_reversal,price-reversal-2026-08-31.md
多重形态识别与SR分位交易策略-Multi-Pattern-Recognition-and-SR-Level-Trading-Strategy.md,variant_or_duplicate,price_reversal,price-reversal-2026-08-31.md
基于形态与蜡烛线的量化交易策略Fractal-and-Pattern-Based-Quantitative-Trading-Strategy.md,variant_or_duplicate,price_reversal,price-reversal-2026-08-31.md
P-信号反转策略P-Signal-Reversal-Strategy.md,variant_or_duplicate,price_reversal,price-reversal-2026-08-31.md
双重超跌翻转突破系统A-Powerful-System-Combining-Reversal-and-Trend-Following-Strategies.md,variant_or_duplicate,price_reversal,price-reversal-2026-08-31.md
趋势震荡转折点系统Trend-Reversal-System.md,variant_or_duplicate,price_reversal,price-reversal-2026-08-31.md
斐波那契模式统计分析策略-Fibonacci-Pattern-Statistical-Analysis-Strategy.md,variant_or_duplicate,price_reversal,price-reversal-2026-08-31.md
双重反转震荡带趋势跟踪策略Dual-Reversal-Oscillating-Band-Trend-Following-Strategy.md,variant_or_duplicate,price_reversal,price-reversal-2026-08-31.md
基于支点反转的交易策略Pivot-Point-Reversal-Trading-Strategy.md,variant_or_duplicate,price_reversal,price-reversal-2026-08-31.md
多重确认反转买入策略-Multi-Confirmation-Reversal-Buy-Strategy.md,variant_or_duplicate,price_reversal,price-reversal-2026-08-31.md
双重反转高-低策略Dual-Reversal-High-Low-Strategy.md,variant_or_duplicate,price_reversal,price-reversal-2026-08-31.md
多时间框架趋势识别与蜡烛图模式交易策略-Multi-Timeframe-Trend-Recognition-and-Candlestick-Pattern-Trading-Strategy.md,variant_or_duplicate,price_reversal,price-reversal-2026-08-31.md
动量反转短线交易策略-Momentum-Reversal-Trading-Strategy.md,variant_or_duplicate,price_reversal,price-reversal-2026-08-31.md
趋势反转波动率联合策略Trend-Reversal-Volatility-Combination-Strategy.md,variant_or_duplicate,price_reversal,price-reversal-2026-08-31.md
4小时CCI反转策略4-Hour-CCI-Reversal-Strategy.md,variant_or_duplicate,price_reversal,price-reversal-2026-08-31.md
双重转折追踪策略Double-Reversal-Tracking-Strategy.md,variant_or_duplicate,price_reversal,price-reversal-2026-08-31.md
高级斐波那契回撤趋势追踪与反转交易策略-Advanced-Fibonacci-Retracement-Trend-Following-and-Reversal-Trading-Strategy.md,variant_or_duplicate,price_reversal,price-reversal-2026-08-31.md
短期趋势追踪反转策略Trend-Tracking-Reversal-Strategy.md,variant_or_duplicate,price_reversal,price-reversal-2026-08-31.md
基于K线蜡烛图的看涨吞没和看跌吞没策略Bullish-and-Bearish-Engulfing-Strategy-Based-on-Candlestick-Patterns.md,variant_or_duplicate,price_reversal,price-reversal-2026-08-31.md
多重蜡烛形态识别与自动交易策略-Multi-Candlestick-Pattern-Recognition-and-Automated-Trading-Strategy.md,variant_or_duplicate,price_reversal,price-reversal-2026-08-31.md
动量反转双轨配对策略Combo-Momentum-Reversal-Dual-Rail-Matching-Strategy.md,variant_or_duplicate,price_reversal,price-reversal-2026-08-31.md
三内在上涨反转策略Three-Inside-Up-Reversal-Strategy.md,variant_or_duplicate,price_reversal,price-reversal-2026-08-31.md
基于支点反转的量化交易策略Pivot-Reversal-Based-Quantitative-Trading-Strategy.md,variant_or_duplicate,price_reversal,price-reversal-2026-08-31.md
趋势过滤Pin-Bar反转策略-Trend-Filtered-Pin-Bar-Reversal-Strategy.md,variant_or_duplicate,price_reversal,price-reversal-2026-08-31.md
重要支点反转策略Significant-Pivot-Points-Reversal-Strategy.md,variant_or_duplicate,price_reversal,price-reversal-2026-08-31.md
多指标联动SAR反转策略与过滤入场模型-Multi-Indicator-Synergistic-SAR-Reversal-Strategy-with-Filtered-Entry-Model.md,variant_or_duplicate,price_reversal,price-reversal-2026-08-31.md
黄金通道反转策略Fibonacci-Retracement-Reversal-Strategy.md,variant_or_duplicate,price_reversal,price-reversal-2026-08-31.md
趋势追踪反转策略Trend-Tracking-Reversal-Strategy.md,variant_or_duplicate,price_reversal,price-reversal-2026-08-31.md
最低点反转策略Bottom-Reversal-Strategy.md,variant_or_duplicate,price_reversal,price-reversal-2026-08-31.md
空间导向价格反转策略Price-Reversal-Strategy-Guided-by-Price-Channel.md,variant_or_duplicate,price_reversal,price-reversal-2026-08-31.md
穿刺短线反转策略Piercing-Pin-Bar-Reversal-Strategy.md,variant_or_duplicate,price_reversal,price-reversal-2026-08-31.md
简易枢轴反转量化交易策略Simple-Pivot-Reversal-Algorithmic-Trading-Strategy.md,variant_or_duplicate,price_reversal,price-reversal-2026-08-31.md
Squeeze-Momentum-on-Reversal-Strategy.md,variant_or_duplicate,price_reversal,price-reversal-2026-08-31.md
回转枢轴反转策略Pivot-Reversal-Strategy.md,variant_or_duplicate,price_reversal,price-reversal-2026-08-31.md
Ks-Reversal-Indicator-I.md,variant_or_duplicate,price_reversal,price-reversal-2026-08-31.md
三重模式震荡交易策略Triple-Pattern-Oscillation-Trading-Strategy.md,variant_or_duplicate,price_reversal,price-reversal-2026-08-31.md
多周期组合K线形态识别交易策略-Multi-Timeframe-Combined-Candlestick-Pattern-Recognition-Trading-Strategy.md,variant_or_duplicate,price_reversal,price-reversal-2026-08-31.md
Hulk回撤反转策略The-Hulk-Pullback-Reversal-Strategy.md,variant_or_duplicate,price_reversal,price-reversal-2026-08-31.md
基于支撑位和阻力位反转形态的量化交易策略-Quantitative-Trading-Strategy-Based-on-Reversal-Patterns-at-Support-and-Resistance-Levels.md,variant_or_duplicate,price_reversal,price-reversal-2026-08-31.md
双重因子组合反转与增量指标策略Dual-Factor-Combo-Reversal-and-Mass-Index-Strategy.md,variant_or_duplicate,price_reversal,price-reversal-2026-08-31.md
趋势反转动量复合策略Reversal-Momentum-Compound-Strategy.md,variant_or_duplicate,price_reversal,price-reversal-2026-08-31.md
双重反转趋势跟踪策略Dual-Reversal-Trend-Tracking-Strategy.md,variant_or_duplicate,price_reversal,price-reversal-2026-08-31.md
梯度反转交易策略Gradient-Reversal-Trading-Strategy.md,variant_or_duplicate,price_reversal,price-reversal-2026-08-31.md
基于K线形态的高频套利策略Up-Down-K-Line-Pattern-High-Frequency-Arbitrage-Strategy.md,variant_or_duplicate,price_reversal,price-reversal-2026-08-31.md
Renko-Reversal-Alert.md,variant_or_duplicate,price_reversal,price-reversal-2026-08-31.md
形态K线交易策略Candlestick-Patterns-Trading-Strategy.md,variant_or_duplicate,price_reversal,price-reversal-2026-08-31.md
1-3-1-红绿K线反转策略1-3-1-Red-Green-Candlestick-Reversal-Strategy.md,variant_or_duplicate,price_reversal,price-reversal-2026-08-31.md
双重反转百分比变化柱形图量化策略Double-Reversal-Percentage-Change-Bar-Quantitative-Strategy.md,variant_or_duplicate,price_reversal,price-reversal-2026-08-31.md
三根K线反转趋势策略Three-Candle-Reversal-Trend-Strategy.md,variant_or_duplicate,price_reversal,price-reversal-2026-08-31.md
动态意识形态趋势反转策略Dynamic-Pattern-Trend-Reversal-Strategy.md,variant_or_duplicate,price_reversal,price-reversal-2026-08-31.md
多指标协同趋势反转量化交易策略-Multi-Indicator-Synergistic-Trend-Reversal-Quantitative-Trading-Strategy.md,variant_or_duplicate,price_reversal,price-reversal-2026-08-31.md
多因子反转交易组合策略Multi-factor-Reversal-Trading-Combo-Strategy.md,variant_or_duplicate,price_reversal,price-reversal-2026-08-31.md
基于终极波动指标的反转做多策略Long-Reversal-Strategy-Based-on-Ultimate-Oscillator.md,variant_or_duplicate,price_reversal,price-reversal-2026-08-31.md
形态识别吊颈线交易策略Pattern-Recognition-Pinbar-Trading-Strategy.md,variant_or_duplicate,price_reversal,price-reversal-2026-08-31.md
融合双重趋势信号的反转指数量化策略Quantitative-Reversal-Index-Strategy-Integrating-Dual-Trend-Signals.md,variant_or_duplicate,price_reversal,price-reversal-2026-08-31.md
收益捕捉策略在趋势反转市的应用Scalping-Strategy-in-Trend-Reversal-Market.md,variant_or_duplicate,price_reversal,price-reversal-2026-08-31.md
Bullish-Harami-Reversal-Strategy.md,variant_or_duplicate,price_reversal,price-reversal-2026-08-31.md
基于互动模式的K线交易策略-Interactive-Model-Based-Candlestick-Trading-Strategy.md,variant_or_duplicate,price_reversal,price-reversal-2026-08-31.md
动量反转策略Momentum-Reversal-Trading-Strategy.md,variant_or_duplicate,price_reversal,price-reversal-2026-08-31.md
多因子融合反转追踪策略Multi-factor-Reversal-Tracking-Strategy.md,variant_or_duplicate,price_reversal,price-reversal-2026-08-31.md
双峰回转交易策略的量化交易策略called-the-Dual-Peak-Reversal-Trading-Strategy.md,variant_or_duplicate,price_reversal,price-reversal-2026-08-31.md
动态自适应多时间周期趋势跟踪与震荡反转复合策略-Dynamic-Adaptive-Multi-Timeframe-Trend-Following-and-Range-Reversal-Hybrid-Strategy.md,variant_or_duplicate,price_reversal,price-reversal-2026-08-31.md
多时间框架底部反转策略The-Multi-Timeframe-Bottom-Reversal-Strategy.md,variant_or_duplicate,price_reversal,price-reversal-2026-08-31.md
朗格安德逆转策略Langande-Reversal-Strategy.md,variant_or_duplicate,price_reversal,price-reversal-2026-08-31.md
日内开仓反转策略-Daily-Open-Reversal-Strategy.md,variant_or_duplicate,price_reversal,price-reversal-2026-08-31.md
基于枢轴点和最小二乘移动平均线的多空平衡策略Pivot-Reversal-Upgraded-Long-Only-A-Dual-Momentum-Strategy.md,variant_or_duplicate,price_reversal,price-reversal-2026-08-31.md
双重反转追踪策略Dual-Reversal-Tracking-Strategy.md,variant_or_duplicate,price_reversal,price-reversal-2026-08-31.md
动量强度反转交易策略Momentum-Reversal-Trading-Strategy.md,variant_or_duplicate,price_reversal,price-reversal-2026-08-31.md
基于K线蜡烛图吸收形态的双向交易量化策略-Bidirectional-Trading-Strategy-Based-on-Candlestick-Absorption-Pattern-Analysis.md,variant_or_duplicate,price_reversal,price-reversal-2026-08-31.md
休眠范围反转策略Dormant-Range-Reversal-Strategy.md,variant_or_duplicate,price_reversal,price-reversal-2026-08-31.md
基于底部反转量化交易策略Quantitative-Trading-Strategy-for-Bottom-Reversal.md,variant_or_duplicate,price_reversal,price-reversal-2026-08-31.md
基于多策略集成的反转与重心线交易策略Reversal-and-Center-of-Gravity-Integrated-Trading-Strategy-Based-on-Multi-strategy.md,variant_or_duplicate,price_reversal,price-reversal-2026-08-31.md
波浪买卖反转5分钟时间框架策略Wave-Buying-and-Selling-Reversal-5-Minutes-Timeframe-Strategy.md,variant_or_duplicate,price_reversal,price-reversal-2026-08-31.md
动量追踪抛物线停损反转策略Parabolic-SAR-Momentum-Reversal-Strategy.md,variant_or_duplicate,price_reversal,price-reversal-2026-08-31.md
基于双重反转策略The-Dual-Reversal-Strategy.md,variant_or_duplicate,price_reversal,price-reversal-2026-08-31.md
基于逆转与相对强度的组合量化策略Quantitative-Strategy-Based-on-Reversal-and-Comparative-Relative-Strength.md,variant_or_duplicate,price_reversal,price-reversal-2026-08-31.md
量化交易蜡烛形态与趋势追踪策略Quantitative-Candlestick-Pattern-and-Trend-Following-Strategy.md,variant_or_duplicate,price_reversal,price-reversal-2026-08-31.md
双向反转策略Bi-directional-Reversal-Strategy.md,variant_or_duplicate,price_reversal,price-reversal-2026-08-31.md
三标准差动量反转交易策略-Triple-Standard-Deviation-Momentum-Reversal-Trading-Strategy.md,variant_or_duplicate,price_reversal,price-reversal-2026-08-31.md
双向追踪反转量化交易策略Bi-directional-Reversal-Quantitative-Trading-Strategy.md,variant_or_duplicate,price_reversal,price-reversal-2026-08-31.md
轴心支撑压力反转策略Pivot-Reversal-Strategy.md,variant_or_duplicate,price_reversal,price-reversal-2026-08-31.md
动态K线大阳线交易策略Dynamic-Candlestick-Big-Yang-Line-Trading-Strategy.md,variant_or_duplicate,price_reversal,price-reversal-2026-08-31.md
Pivot-Reversal-Strategy-with-Pivot-Exit-基于枢轴点反转和退出的交易策略.md,variant_or_duplicate,price_reversal,price-reversal-2026-08-31.md
多时间框架逆转确认交易策略Multi-Timeframe-Reversal-Confirmation-Trading-Strategy.md,variant_or_duplicate,price_reversal,price-reversal-2026-08-31.md
双轨跟踪反转策略Dual-Channel-Tracking-Reversal-Strategy.md,variant_or_duplicate,price_reversal,price-reversal-2026-08-31.md
基于广义支撑-阻力的反转交易策略Reversal-Trading-Strategy-Based-on-Generalized-Support-Resistance.md,variant_or_duplicate,price_reversal,price-reversal-2026-08-31.md
熊转魔法蜡烛反转策略Bearish-Engulfing-Reversal-Strategy.md,variant_or_duplicate,price_reversal,price-reversal-2026-08-31.md
增强型双重枢轴点反转交易策略-Enhanced-Dual-Pivot-Point-Reversal-Trading-Strategy.md,variant_or_duplicate,price_reversal,price-reversal-2026-08-31.md
双重确认反转趋势追踪策略Dual-Confirmation-Reversal-Trend-Tracking-Strategy.md,variant_or_duplicate,price_reversal,price-reversal-2026-08-31.md
双时间框架趋势反转K线形态量化交易策略-Dual-Timeframe-Trend-Reversal-Candlestick-Pattern-Quantitative-Trading-Strategy.md,variant_or_duplicate,price_reversal,price-reversal-2026-08-31.md
跨趋势反转结合三十振荡器双策略Cross-Trend-Reversal-Combined-with-Three-Ten-Oscillator-Dual-Strategies.md,variant_or_duplicate,price_reversal,price-reversal-2026-08-31.md
基于波动带震荡器的反转跟踪策略CCTBBO-Reversal-Tracking-Strategy.md,variant_or_duplicate,price_reversal,price-reversal-2026-08-31.md
基于双重反转套利策略Dual-Reversal-Arbitrage-Strategy.md,variant_or_duplicate,price_reversal,price-reversal-2026-08-31.md
综合K线图形态与趋势线技术分析策略-Comprehensive-Candlestick-and-Trendline-Pattern-Analysis-Strategy.md,variant_or_duplicate,price_reversal,price-reversal-2026-08-31.md
日内反转趋势追踪策略Monday-Reversal-Intraday-Trend-Following-Strategy.md,variant_or_duplicate,price_reversal,price-reversal-2026-08-31.md
蜡烛形态策略-Candlestick-Pattern-Strategy.md,variant_or_duplicate,price_reversal,price-reversal-2026-08-31.md
四重指标均线回转策略Four-Indicator-Momentum-Reversal-Strategy.md,variant_or_duplicate,price_reversal,price-reversal-2026-08-31.md
K线形态策略Candlestick-Patterns-Strategy.md,variant_or_duplicate,price_reversal,price-reversal-2026-08-31.md
技术图形确认型多周期动量策略-Technical-Chart-Pattern-Confirmation-Momentum-Strategy.md,variant_or_duplicate,price_reversal,price-reversal-2026-08-31.md
多因子反转交易策略Multi-factor-Reversal-Trading-Strategy.md,variant_or_duplicate,price_reversal,price-reversal-2026-08-31.md
基于加速振荡器的趋势反转策略Trend-Reversal-Strategy-Based-on-Accelerator-Oscillator.md,variant_or_duplicate,price_reversal,price-reversal-2026-08-31.md
多重指标碰撞反转策略Multi-indicator-Collision-Reversal-Strategy.md,variant_or_duplicate,price_reversal,price-reversal-2026-08-31.md
市场逆转双重动量策略Market-Reversal-Momentum-Strategy.md,variant_or_duplicate,price_reversal,price-reversal-2026-08-31.md
动量指标反向交易策略Momentum-Reversal-Trading-Strategy.md,variant_or_duplicate,price_reversal,price-reversal-2026-08-31.md
Swing-Highs-Lows-Candle-Patterns.md,variant_or_duplicate,price_reversal,price-reversal-2026-08-31.md
量化交易反转趋势串并T3-CCI策略Quantitative-Trading-Reversal-Trend-Combo-T3-CCI-Strategy.md,variant_or_duplicate,price_reversal,price-reversal-2026-08-31.md
支撑阻力增强型动量反转策略-Support-and-Resistance-Enhanced-Momentum-Reversal-Strategy.md,variant_or_duplicate,price_reversal,price-reversal-2026-08-31.md
双轨快速量化反转交易策略Dual-Track-Fast-Quantitative-Reversal-Trading-Strategy.md,variant_or_duplicate,price_reversal,price-reversal-2026-08-31.md
跨周期方向策略Eltrut-Turtle-Reversal-Strategy.md,variant_or_duplicate,price_reversal,price-reversal-2026-08-31.md
双因子动量追踪反转策略Dual-Factor-Momentum-Tracking-Reversal-Strategy.md,variant_or_duplicate,price_reversal,price-reversal-2026-08-31.md
123反转与STARC波段组合策略123-Reversal-and-STARC-Bands-Combo-Strategy.md,variant_or_duplicate,price_reversal,price-reversal-2026-08-31.md
基于量化指标的蜡烛情绪动量趋势交易策略-Candlestick-Emotion-Momentum-Trend-Trading-Strategy-Based-on-Quantitative-Indicators.md,variant_or_duplicate,price_reversal,price-reversal-2026-08-31.md
基于卡片形态策略Candle-Patterns-Trading-Strategy.md,variant_or_duplicate,price_reversal,price-reversal-2026-08-31.md
双重反转交易策略Dual-Reversal-Trading-Strategy.md,variant_or_duplicate,price_reversal,price-reversal-2026-08-31.md
抛物线转向SAR策略Parabolic-SAR-Reversal-Strategy.md,variant_or_duplicate,price_reversal,price-reversal-2026-08-31.md
相似矩形高度模式量化策略-Similar-Rectangle-Height-Pattern-Quantitative-Strategy.md,variant_or_duplicate,price_reversal,price-reversal-2026-08-31.md
双K线预测闭合策略Dual-Candlestick-Prediction-Close-Strategy.md,variant_or_duplicate,price_reversal,price-reversal-2026-08-31.md
内部价格强度趋势反转交易系统-Internal-Bar-Strength-Trend-Reversal-Trading-System.md,variant_or_duplicate,price_reversal,price-reversal-2026-08-31.md
基于枢轴点逆转的量化策略Pivot-Reversal-Quantitative-Strategy-Based-on-Pivot-Points.md,variant_or_duplicate,price_reversal,price-reversal-2026-08-31.md
双动量反转策略Momentum-Reversal-Trading-Strategy.md,variant_or_duplicate,price_reversal,price-reversal-2026-08-31.md
枢轴反转K线策略Pivot-Reversal-Candlestick-Strategy.md,variant_or_duplicate,price_reversal,price-reversal-2026-08-31.md
量化双击利反转策略Quant-Trading-Double-Click-Reversal-Strategy.md,variant_or_duplicate,price_reversal,price-reversal-2026-08-31.md
动态趋势追踪反转策略Dynamic-Trend-Tracking-Reversal-Strategy.md,variant_or_duplicate,price_reversal,price-reversal-2026-08-31.md
逆转与线性回归截距组合策略Reversal-and-Linear-Regression-Intercept-Combo-Strategy.md,variant_or_duplicate,price_reversal,price-reversal-2026-08-31.md
趋势反转型跨时间幅特异波动率交易策略Trend-Reversal-with-Intrabar-Volatility-Trading-Strategy.md,variant_or_duplicate,price_reversal,price-reversal-2026-08-31.md
多重支撑阻力位叠加动量反转交易策略-Multi-Level-Support-Resistance-Momentum-Reversal-Trading-Strategy.md,variant_or_duplicate,price_reversal,price-reversal-2026-08-31.md
基于123点位反转的动态持仓期策略-Dynamic-Holding-Period-Strategy-Based-on-123-Point-Reversal-Pattern.md,variant_or_duplicate,price_reversal,price-reversal-2026-08-31.md
量化双因子反转惯性交易策略Quantitative-Dual-Factor-Reversal-Inertia-Trading-Strategy.md,variant_or_duplicate,price_reversal,price-reversal-2026-08-31.md
双机会反转量化策略Dual-confirmation-Reversal-Trading-Strategy.md,variant_or_duplicate,price_reversal,price-reversal-2026-08-31.md
相对强度指数平盘反转策略Relative-Strength-Index-Flat-Reversal-Strategy.md,variant_or_duplicate,price_reversal,price-reversal-2026-08-31.md
基于斐波那契通道的K线反转策略Fibonacci-Channel-Based-Candlestick-Reversal-Trading-Strategy.md,variant_or_duplicate,price_reversal,price-reversal-2026-08-31.md
七笔形态震荡突破策略Seven-Candlestick-Oscillation-Breakthrough-Strategy.md,variant_or_duplicate,price_reversal,price-reversal-2026-08-31.md
趋势追踪反转与埃勒斯先导指标联合策略Trend-Reversal-and-Ehlers-Leading-Indicator-Combo-Strategy.md,variant_or_duplicate,price_reversal,price-reversal-2026-08-31.md
行情反转关键点策略WMX-Williams-Fractals-Reversal-Pivot-Strategy.md,variant_or_duplicate,price_reversal,price-reversal-2026-08-31.md
三重指标动量反转策略Triple-Indicator-Momentum-Reversal-Strategy.md,variant_or_duplicate,price_reversal,price-reversal-2026-08-31.md
基于反转趋势追踪策略Reversal-Tracking-Strategy.md,variant_or_duplicate,price_reversal,price-reversal-2026-08-31.md
短线动量反转策略Momentum-Reversal-Strategy.md,variant_or_duplicate,price_reversal,price-reversal-2026-08-31.md
多重技术指标趋势反转量化交易策略结合动态SAR参数优化系统-Multi-Technical-Indicator-Trend-Reversal-Quantitative-Trading-Strategy-with-Dynamic-SAR-Parameter-Optimization-System.md,variant_or_duplicate,price_reversal,price-reversal-2026-08-31.md
基于影线的反转高频交易策略Reversal-High-Frequency-Trading-Strategy-Based-on-Shadow-Line.md,variant_or_duplicate,price_reversal,price-reversal-2026-08-31.md
基于波动带反转的长线量化策略Long-Term-Quantitative-Strategy-Based-on-Volatility-Bands-Reversal.md,variant_or_duplicate,price_reversal,price-reversal-2026-08-31.md
震荡反转CAT策略Reversal-Fluctuation-CAT-Strategy.md,variant_or_duplicate,price_reversal,price-reversal-2026-08-31.md
动量反转组合策略Momentum-Reversal-Combo-Strategy.md,variant_or_duplicate,price_reversal,price-reversal-2026-08-31.md
反转极端设置策略Extreme-Reversal-Setup-Strategy.md,variant_or_duplicate,price_reversal,price-reversal-2026-08-31.md
双重反转准入策略Dual-Reversal-Entry-Strategy.md,variant_or_duplicate,price_reversal,price-reversal-2026-08-31.md
多指标趋势反转波动率条件选择性期权销售策略-Multi-Indicator-Trend-Reversal-Volatility-Conditional-Selective-Options-Selling-Strategy.md,variant_or_duplicate,price_reversal,price-reversal-2026-08-31.md
双机构量化反转追踪策略Reversal-Tracking-Strategy-with-Double-Mechanisms.md,variant_or_duplicate,price_reversal,price-reversal-2026-08-31.md
季节反转跨期交易策略Seasonal-Reversal-Intertemporal-Trading-Strategy.md,variant_or_duplicate,price_reversal,price-reversal-2026-08-31.md
多周期日线K线形态信号交易策略-Multi-Timeframe-Candlestick-Pattern-Trading-Strategy.md,variant_or_duplicate,price_reversal,price-reversal-2026-08-31.md
基于形态的蜡烛图策略Candlestick-Patterns-Based-Strategy.md,variant_or_duplicate,price_reversal,price-reversal-2026-08-31.md
基于蜡烛线影线长度的量化趋势捕捉策略Quantitative-Trend-Capture-Strategy-Based-on-Candlestick-Wick-Length-Analysis.md,variant_or_duplicate,price_reversal,price-reversal-2026-08-31.md
双因子组合反转交易策略Dual-factor-Reversal-Trading-Strategy.md,variant_or_duplicate,price_reversal,price-reversal-2026-08-31.md
增强型十字星烛台趋势反转量化交易策略-Enhanced-Doji-Candlestick-Trend-Reversal-Quantitative-Trading-Strategy.md,variant_or_duplicate,price_reversal,price-reversal-2026-08-31.md
双向反转动量指数交易策略Dual-Reversal-Momentum-Index-Trading-Strategy.md,variant_or_duplicate,price_reversal,price-reversal-2026-08-31.md
基于SuperTrend的长线交易策略Long-Term-Trading-Strategy-Based-on-SuperTrend.md,normalized_candidate,supertrend,supertrend-2026-08-31.md
超级趋势策略SuperTrend-Strategy.md,variant_or_duplicate,supertrend,supertrend-2026-08-31.md
Villa-Dinamic-Pivot-Supertrend-Strategy.md,variant_or_duplicate,supertrend,supertrend-2026-08-31.md
多周期超级趋势动态金字塔交易策略-Multi-Period-Supertrend-Dynamic-Pyramiding-Trading-Strategy.md,variant_or_duplicate,supertrend,supertrend-2026-08-31.md
双向超趋势策略SuperTrend-Dual-Direction-Strategy.md,variant_or_duplicate,supertrend,supertrend-2026-08-31.md
BankNifty超级趋势交易策略BankNifty-Supertrend-Trading-Strategy.md,variant_or_duplicate,supertrend,supertrend-2026-08-31.md
升降通道突破策略SuperTrend-Breakout-Strategy.md,variant_or_duplicate,supertrend,supertrend-2026-08-31.md
超趋势和CCI策略的短线交易Supertrend-and-CCI-Scalping-Strategy.md,variant_or_duplicate,supertrend,supertrend-2026-08-31.md
动量增强型超级趋势-随机双指标交易策略-Momentum-Enhanced-SuperTrend-Stochastic-Dual-Indicator-Trading-Strategy.md,variant_or_duplicate,supertrend,supertrend-2026-08-31.md
动态趋势追踪与均线辅助的SuperTrend三重优化策略-Dynamic-Trend-Following-SuperTrend-Triple-Enhancement-Strategy.md,variant_or_duplicate,supertrend,supertrend-2026-08-31.md
多周期超级趋势动态交易策略-Multi-Period-SuperTrend-Dynamic-Trading-Strategy.md,variant_or_duplicate,supertrend,supertrend-2026-08-31.md
双时间框架超趋势跟踪策略Dual-Timeframe-Supertrend-Tracking-Strategy.md,variant_or_duplicate,supertrend,supertrend-2026-08-31.md
多时间框架趋势跟踪与超级趋势动量优化策略-Multi-Timeframe-Trend-Following-with-Supertrend-Momentum-Optimization-Strategy.md,variant_or_duplicate,supertrend,supertrend-2026-08-31.md
追踪型超级趋势策略Tracking-Supertrend-Strategy.md,variant_or_duplicate,supertrend,supertrend-2026-08-31.md
Multi-Step-Volatility-Adjusted-Dynamic-SuperTrend-Strategy-多步波动率自适应动态超趋势策略.md,variant_or_duplicate,supertrend,supertrend-2026-08-31.md
基于超趋势支撑阻力与ADX指标的高频交易策ADX-Filtered-SuperTrend-Pivot-Trading-Strategy.md,variant_or_duplicate,supertrend,supertrend-2026-08-31.md
基于超级趋势和CCI指标的多时间框架交易策略Best-Supertrend-CCI-Multi-Timeframe-Trading-Strategy.md,variant_or_duplicate,supertrend,supertrend-2026-08-31.md
基于超趋势线的趋势跟踪策略SuperTrend-based-Trend-Tracking-Strategy.md,variant_or_duplicate,supertrend,supertrend-2026-08-31.md
多重过滤器SuperTrend交易策略SuperTrend-Trading-Strategy-with-Multiple-Filters.md,variant_or_duplicate,supertrend,supertrend-2026-08-31.md
基于超级趋势指标的精准交易策略与风险管理系统-Precision-Trading-Strategy-and-Risk-Management-System-Based-on-SuperTrend-Indicator.md,variant_or_duplicate,supertrend,supertrend-2026-08-31.md
基于Z分数和超级趋势的动态交易策略多空切换系统-Z-Score-and-Supertrend-Based-Dynamic-Trading-Strategy-Long-Short-Switching-System.md,variant_or_duplicate,supertrend,supertrend-2026-08-31.md
多时间周期Supertrend趋势交易策略的动态组合算法-Multi-Timeframe-Supertrend-Dynamic-Trend-Trading-Algorithm.md,variant_or_duplicate,supertrend,supertrend-2026-08-31.md
基于超越时间框架的趋势追踪策略Supertrend-Based-Multitimeframe-Trend-Tracking-Strategy.md,variant_or_duplicate,supertrend,supertrend-2026-08-31.md
机器学习自适应超级趋势量化交易策略-Machine-Learning-Adaptive-SuperTrend-Quantitative-Trading-Strategy.md,variant_or_duplicate,supertrend,supertrend-2026-08-31.md
动量指标与SuperTrend组合交易策略Momentum-and-SuperTrend-Combination-Trading-Strategy.md,variant_or_duplicate,supertrend,supertrend-2026-08-31.md
超趋势增强枢轴反转策略SuperTrend-Enhanced-Pivot-Reversal-Strategy.md,variant_or_duplicate,supertrend,supertrend-2026-08-31.md
多指标趋势跟踪交易策略结合抛物线SAR和SuperTrend云层-Multi-Indicator-Trend-Following-Trading-Strategy-with-Parabolic-SAR-and-SuperTrend-Cloud.md,variant_or_duplicate,supertrend,supertrend-2026-08-31.md
特斯拉超趋势策略Tesla-Supertrend-Strategy.md,variant_or_duplicate,supertrend,supertrend-2026-08-31.md
跟踪超趋势策略Following-the-Supertrend-Strategy.md,variant_or_duplicate,supertrend,supertrend-2026-08-31.md
Concept-Dual-SuperTrend.md,variant_or_duplicate,supertrend,supertrend-2026-08-31.md
可配置化双向超趋策略Configurable-Dual-direction-Supertrend-Strategy.md,variant_or_duplicate,supertrend,supertrend-2026-08-31.md
多指标交叉动量趋势跟踪策略基于Supertrend与ADX双重确认的量化交易系统-Multi-Indicator-Momentum-Trend-Following-Strategy-Quantitative-Trading-System-Based-on-Supertrend-and-ADX-Dual-Confirmation.md,variant_or_duplicate,supertrend,supertrend-2026-08-31.md
超趋势增强旗形发现者An-Enhanced-Flag-Pattern-Recognition-Strategy-Integrating-with-SuperTrend.md,variant_or_duplicate,supertrend,supertrend-2026-08-31.md
基于SuperTrend的趋势跟踪策略Advanced-SuperTrend-Tracking-Strategy.md,variant_or_duplicate,supertrend,supertrend-2026-08-31.md
双重Vegas通道波动性调整SuperTrend量化交易策略-Double-Vegas-Channel-Volatility-Adjusted-SuperTrend-Quantitative-Trading-Strategy.md,variant_or_duplicate,supertrend,supertrend-2026-08-31.md
多周期超级趋势百分比风控策略-Multi-Period-Supertrend-Percentage-Risk-Management-Strategy.md,variant_or_duplicate,supertrend,supertrend-2026-08-31.md
动态资金管理型SuperTrend趋势跟踪5倍风险回报策略-Dynamic-Position-Sizing-SuperTrend-Trend-Following-Strategy-with-51-Reward-Risk-Ratio.md,variant_or_duplicate,supertrend,supertrend-2026-08-31.md
三重超趋势均线突破策略Triple-Supertrend-Breakout-Strategy.md,variant_or_duplicate,supertrend,supertrend-2026-08-31.md
阳光超级趋势策略Sunny-Supertrend-Strategy.md,variant_or_duplicate,supertrend,supertrend-2026-08-31.md
改进趋势跟踪动量突破趋势策略Improved-SuperTrend-Strategy.md,variant_or_duplicate,supertrend,supertrend-2026-08-31.md
超级趋势ATR策略Supertrend-ATR-Strategy.md,variant_or_duplicate,supertrend,supertrend-2026-08-31.md
SuperTrend.md,variant_or_duplicate,supertrend,supertrend-2026-08-31.md
自适应三重超级趋势策略Adaptive-Triple-Supertrend-Strategy.md,variant_or_duplicate,supertrend,supertrend-2026-08-31.md
基于平均真实波幅的超趋势策略ATR-based-SuperTrend-Strategy.md,variant_or_duplicate,supertrend,supertrend-2026-08-31.md
超级支撑阻力趋势跟踪策略Pivot-Point-SuperTrend-Strategy.md,variant_or_duplicate,supertrend,supertrend-2026-08-31.md
Supertrend增强型吞没形态动态风控策略-Dynamic-Risk-Controlled-Supertrend-Engulfing-Pattern-Strategy.md,variant_or_duplicate,supertrend,supertrend-2026-08-31.md
3-Supertrend-Add-In-This-Single-Script.md,variant_or_duplicate,supertrend,supertrend-2026-08-31.md
超级趋势基础策略SuperTrend-Basic-Strategy.md,variant_or_duplicate,supertrend,supertrend-2026-08-31.md
基于超趋势指标与净值曲线交易的量化策略Quantitative-Trading-Strategy-Based-on-Supertrend-Indicator-and-Equity-Curve-Trading.md,variant_or_duplicate,supertrend,supertrend-2026-08-31.md
基于自适应超趋势通道的交易策略Adaptive-Supertrend-Channel-Trading-Strategy.md,variant_or_duplicate,supertrend,supertrend-2026-08-31.md
基于SuperTrend的多指标趋势动量交易策略Multi-Indicator-Trend-Momentum-Trading-Strategy-Based-on-SuperTrend.md,variant_or_duplicate,supertrend,supertrend-2026-08-31.md
BEST-Supertrend-Strategy.md,variant_or_duplicate,supertrend,supertrend-2026-08-31.md
超级趋势柱转向融合策略Supertrend-BarUpDn-Fusion-Strategy.md,variant_or_duplicate,supertrend,supertrend-2026-08-31.md
高级超趋势指标交易机制优化策略-Advanced-Supertrend-Indicator-Trading-Mechanism-Optimization-Strategy.md,variant_or_duplicate,supertrend,supertrend-2026-08-31.md
SuperTrend策略教学.md,variant_or_duplicate,supertrend,supertrend-2026-08-31.md
双超趋势策略Dual-SuperTrend-Strategy.md,variant_or_duplicate,supertrend,supertrend-2026-08-31.md
基于超趋势指标多时间框架的量化策略Multi-Timeframe-Supertrend-Quantitative-Trading-Strategy.md,variant_or_duplicate,supertrend,supertrend-2026-08-31.md
三重叠加超趋势策略Threefold-Overlapping-SuperTrend-Strategy.md,variant_or_duplicate,supertrend,supertrend-2026-08-31.md
超趋势吞噬弹策略SuperTrend-Engulfing-Strategy.md,variant_or_duplicate,supertrend,supertrend-2026-08-31.md
超级趋势反转陷阱策略SuperTrend-Reversal-Trapping-Strategy.md,variant_or_duplicate,supertrend,supertrend-2026-08-31.md
基于超趋势通道的量化交易策略Quant-Trading-Strategy-Based-on-SuperTrend-Channel.md,variant_or_duplicate,supertrend,supertrend-2026-08-31.md
动态优化超级趋势交易策略-Dynamic-Optimized-Supertrend-Trading-Strategy.md,variant_or_duplicate,supertrend,supertrend-2026-08-31.md
基于超级趋势的以太坊交易策略SuperTrend-Strategy-for-Ethereum-Trading.md,variant_or_duplicate,supertrend,supertrend-2026-08-31.md
Supertrend4moving.md,variant_or_duplicate,supertrend,supertrend-2026-08-31.md
超级趋势策略SuperTrend.md,variant_or_duplicate,supertrend,supertrend-2026-08-31.md
Supertrend-Bitcoin长线策略Supertrend-Bitcoin-Long-Line-Strategy.md,variant_or_duplicate,supertrend,supertrend-2026-08-31.md
三条Supertrend策略Three-Supertrend-Strategy.md,variant_or_duplicate,supertrend,supertrend-2026-08-31.md
基于超趋势和CCI策略的短线交易Supertrend-and-CCI-Scalping-Strategy.md,variant_or_duplicate,supertrend,supertrend-2026-08-31.md
基于超级趋势的比特币量化交易策略SuperTrend-Quantitative-Trading-Strategy-for-Bitcoin.md,variant_or_duplicate,supertrend,supertrend-2026-08-31.md
SuperTrend-V1.md,variant_or_duplicate,supertrend,supertrend-2026-08-31.md
Crodls-Supertrend.md,variant_or_duplicate,supertrend,supertrend-2026-08-31.md
基于SuperTrend和Fisher变换的趋势跟随长线策略Trend-Following-Long-Term-Strategy-Based-on-SuperTrend-and-Fisher-Transform.md,variant_or_duplicate,supertrend,supertrend-2026-08-31.md
SuperTrend策略优化动态波动率跟踪与交易信号增强系统-SuperTrend-Strategy-Optimization-Dynamic-Volatility-Tracking-and-Enhanced-Trading-Signal-System.md,variant_or_duplicate,supertrend,supertrend-2026-08-31.md
超趋势盲从策略Supertrend-Blind-Following-Strategy.md,variant_or_duplicate,supertrend,supertrend-2026-08-31.md
基于超级趋势策略SuperTrend-Strategy.md,variant_or_duplicate,supertrend,supertrend-2026-08-31.md
动态双重超趋势量价策略-Dynamic-Dual-Supertrend-Volume-Price-Strategy.md,variant_or_duplicate,supertrend,supertrend-2026-08-31.md
Pivot-Point-Supertrend.md,variant_or_duplicate,supertrend,supertrend-2026-08-31.md
多时间框架枢轴点超趋势策略Pivot-SuperTrend-Strategy-Across-Multiple-Timeframes.md,variant_or_duplicate,supertrend,supertrend-2026-08-31.md
三重超趋势量化交易策略Triple-SuperTrend-Quantitative-Trading-Strategy.md,variant_or_duplicate,supertrend,supertrend-2026-08-31.md
基于超级趋势通道的突破交易策略Supertrend-Breakout-Trading-Strategy.md,variant_or_duplicate,supertrend,supertrend-2026-08-31.md
维加斯超级趋势增强策略Vegas-SuperTrend-Enhanced-Strategy.md,variant_or_duplicate,supertrend,supertrend-2026-08-31.md
超趋势进阶策略Supertrend-Advance-Strategy.md,variant_or_duplicate,supertrend,supertrend-2026-08-31.md
三重超趋势Ichimoku云量化交易策略Triple-Supertrend-Ichimoku-Cloud-Quantitative-Trading-Strategy.md,variant_or_duplicate,supertrend,supertrend-2026-08-31.md
趋势回调微调策略Mini-Pullback-Supertrend-Strategy.md,variant_or_duplicate,supertrend,supertrend-2026-08-31.md
跨时间框架超级趋势震荡突破策略Cross-Timeframe-SuperTrend-Breakout-Strategy.md,variant_or_duplicate,supertrend,supertrend-2026-08-31.md
多指标共识策略优化型趋势交易系统结合流动性加权超趋势趋势信号和增强型波浪指标-Multi-Indicator-Consensus-Trend-Trading-System-Combining-Liquidity-Weighted-Supertrend-Trend-Signals-and-Enhanced-Wavetrend-Oscillator.md,variant_or_duplicate,supertrend,supertrend-2026-08-31.md
动量多指标趋势跟踪策略唐奇安通道超级趋势成交量过滤建仓系统-Momentum-Multi-Indicator-Trend-Following-Strategy-Donchian-Channel-with-SuperTrend-and-Volume-Filter-Entry-System.md,variant_or_duplicate,supertrend,supertrend-2026-08-31.md
基于超趋势指标的多空自动交易策略Supertrend-Tracking-Strategy.md,variant_or_duplicate,supertrend,supertrend-2026-08-31.md
超级趋势追踪策略SuperTrend-Trend-Following-Strategy.md,variant_or_duplicate,supertrend,supertrend-2026-08-31.md
多重目标智能波动率动量交易策略-Multi-Target-Intelligent-Volume-Momentum-Trading-Strategy.md,normalized_candidate,volume_breakout,volume-breakout-2026-08-31.md
基于量价指标的趋势反转策略Volume-Weighted-Trend-Reversal-Strategy.md,variant_or_duplicate,volume_breakout,volume-breakout-2026-08-31.md
量化策略之负量指标反转策略Quantitative-Strategy-of-Negative-Volume-Index-Reversal.md,variant_or_duplicate,volume_breakout,volume-breakout-2026-08-31.md
52周高低位-平均成交量-成交量突破策略-52-Week-High-Low-Average-Volume-Volume-Breakout-Strategy.md,variant_or_duplicate,volume_breakout,volume-breakout-2026-08-31.md
高量能突破复利仓位策略High-Volume-Low-Breakout-Compounded-Position-Sizing-Strategy.md,variant_or_duplicate,volume_breakout,volume-breakout-2026-08-31.md
基于枢轴点的成交量加权突破-反转策略-Pivot-Based-Volume-Weighted-Breakout-Reversal-Strategy.md,variant_or_duplicate,volume_breakout,volume-breakout-2026-08-31.md
高频量价趋势跟踪与成交量分析自适应策略-High-Frequency-Price-Volume-Trend-Following-with-Volume-Analysis-Adaptive-Strategy.md,variant_or_duplicate,volume_breakout,volume-breakout-2026-08-31.md
动态成交量辅助唐奇安通道趋势突破策略-Dynamic-Volume-Enhanced-Donchian-Channel-Trend-Breakout-Strategy.md,variant_or_duplicate,volume_breakout,volume-breakout-2026-08-31.md
基于成交量震荡器的趋势跟踪交易策略Volume-based-Trend-Following-Trading-Strategy.md,variant_or_duplicate,volume_breakout,volume-breakout-2026-08-31.md
多周期趋势跟踪与成交量确认策略-Multi-Period-Trend-Following-with-Volume-Confirmation-Strategy.md,variant_or_duplicate,volume_breakout,volume-breakout-2026-08-31.md
VWAP交易策略与成交量异常监测VWAP-Trading-Strategy-with-Volume-Anomaly-Detection.md,variant_or_duplicate,volume_breakout,volume-breakout-2026-08-31.md
基于量价关系的多指标波动率突破交易系统-Multi-Indicator-Volatility-Breakout-Trading-System-Based-on-Volume-Price-Relationship.md,variant_or_duplicate,volume_breakout,volume-breakout-2026-08-31.md
高低点突破成交量指数加权策略Break-High-and-Low-Volume-Index-Weighting-Strategy.md,variant_or_duplicate,volume_breakout,volume-breakout-2026-08-31.md
基于斐波那契回调和成交量增量的交易策略-Delta-Volume-with-Fibonacci-Levels-Trading-Strategy.md,variant_or_duplicate,volume_breakout,volume-breakout-2026-08-31.md
基于成交量热图与实时价格的买卖策略-Buy-and-Sell-Volume-Heatmap-with-Real-Time-Price-Strategy.md,variant_or_duplicate,volume_breakout,volume-breakout-2026-08-31.md
基于成交量比率的趋势策略Trend-Following-Strategy-Based-on-Volume-Ratio.md,variant_or_duplicate,volume_breakout,volume-breakout-2026-08-31.md
相对量指标策略The-Relative-Volume-Indicator-Strategy.md,variant_or_duplicate,volume_breakout,volume-breakout-2026-08-31.md
基于均量线和波动率的趋势追踪策略Trend-Following-Strategy-Based-on-Volume-weighted-Average-Price-and-Volatility.md,variant_or_duplicate,volume_breakout,volume-breakout-2026-08-31.md
三重高点价量突破交易策略Triple-High-Price-Volume-Breakout-Strategy.md,variant_or_duplicate,volume_breakout,volume-breakout-2026-08-31.md
相对量价策略Relative-Volume-Price-Strategy.md,variant_or_duplicate,volume_breakout,volume-breakout-2026-08-31.md
Volume-Divergence.md,variant_or_duplicate,volume_breakout,volume-breakout-2026-08-31.md
动量加速扩展价量趋势策略Extended-Price-Volume-Trend-Strategy.md,variant_or_duplicate,volume_breakout,volume-breakout-2026-08-31.md
RedK-Volume-Accelerated-Directional-Energy-Ratio.md,variant_or_duplicate,volume_breakout,volume-breakout-2026-08-31.md
正成交量指数策略Positive-Volume-Index-Strategy.md,variant_or_duplicate,volume_breakout,volume-breakout-2026-08-31.md
基于动量交易策略Momentum-and-Volume-Trading-Strategy.md,variant_or_duplicate,volume_breakout,volume-breakout-2026-08-31.md
高级斐波那契回调与成交量加权价格行为交易策略-Advanced-Fibonacci-Retracement-and-Volume-Weighted-Price-Action-Trading-Strategy.md,variant_or_duplicate,volume_breakout,volume-breakout-2026-08-31.md
突破结构与成交量确认的多重条件智能交易策略-Break-of-Structure-with-Volume-Confirmation-Multi-Condition-Intelligent-Trading-Strategy.md,variant_or_duplicate,volume_breakout,volume-breakout-2026-08-31.md
基于量化指标的反转交易策略Volume-Ratio-Reversal-Trading-Strategy.md,variant_or_duplicate,volume_breakout,volume-breakout-2026-08-31.md
价量突破买入策略-Price-and-Volume-Breakout-Buy-Strategy.md,variant_or_duplicate,volume_breakout,volume-breakout-2026-08-31.md
基于交易量指标的趋势跟踪策略Trend-Following-Strategy-Based-on-Volume-Flow-Indicator.md,variant_or_duplicate,volume_breakout,volume-breakout-2026-08-31.md
基于价格量变动的趋势策略Modified-Price-Volume-Trend-Strategy-Based-on-Price-Volume-Changes.md,variant_or_duplicate,volume_breakout,volume-breakout-2026-08-31.md
ADX-Average-Directional-Index-和交易量趋势动态跟踪策略-ADX-Average-Directional-Index-and-Volume-Dynamic-Trend-Tracking-Strategy.md,variant_or_duplicate,volume_breakout,volume-breakout-2026-08-31.md
交易量百分比振荡指标策略Percentage-Volume-Oscillator-Strategy.md,variant_or_duplicate,volume_breakout,volume-breakout-2026-08-31.md
基于相对成交量和趋势的交易策略Relative-Volume-Trend-Following-Trading-Strategy.md,variant_or_duplicate,volume_breakout,volume-breakout-2026-08-31.md
基于交易量强弱的趋势跟踪策略Volume-Flow-Indicator-Based-Trend-Following-Strategy.md,variant_or_duplicate,volume_breakout,volume-breakout-2026-08-31.md
基于自适应波动性的有限体积要素策略Adaptive-Volatility-Finite-Volume-Elements-Strategy.md,variant_or_duplicate,volume_breakout,volume-breakout-2026-08-31.md
基于交易量标准差的趋势追踪策略Trading-Strategy-Based-on-Standard-Deviation-of-Trading-Volume.md,variant_or_duplicate,volume_breakout,volume-breakout-2026-08-31.md
基于交易量加权的双重趋势判断系统-Volume-Weighted-Dual-Trend-Detection-System.md,variant_or_duplicate,volume_breakout,volume-breakout-2026-08-31.md
基于成交量变化率的多空交替周期震荡器策略Volume-Difference-Delta-Cycle-Oscillator-Trading-Strategy.md,variant_or_duplicate,volume_breakout,volume-breakout-2026-08-31.md
隐藏的缺口交易量策略Hidden-Gap-Volume-Strategy.md,variant_or_duplicate,volume_breakout,volume-breakout-2026-08-31.md
基于动量与成交量的多指标趋势反转策略-Multi-Indicator-Momentum-and-Volume-Based-Trend-Reversal-Strategy.md,variant_or_duplicate,volume_breakout,volume-breakout-2026-08-31.md
多指标融合支撑阻力过滤量化交易策略-Multi-Indicator-Fusion-Support-Resistance-Volume-Filtered-Quantitative-Trading-Strategy.md,variant_or_duplicate,volume_breakout,volume-breakout-2026-08-31.md
多指标交叉趋势跟踪与量价结合的自适应交易策略-Multi-Indicator-Cross-Trend-Tracking-and-Volume-Price-Combined-Adaptive-Trading-Strategy.md,variant_or_duplicate,volume_breakout,volume-breakout-2026-08-31.md
多重成交量动量组合交易策略-Multi-Volume-Momentum-Combined-Trading-Strategy.md,variant_or_duplicate,volume_breakout,volume-breakout-2026-08-31.md
动量突破旗形模式交易策略基于量价确认的日内高频交易系统-Momentum-Breakout-Flag-Pattern-Trading-Strategy-Volume-Price-Confirmed-Intraday-High-Frequency-Trading-System.md,variant_or_duplicate,volume_breakout,volume-breakout-2026-08-31.md
基于双指标交叉确认的动量波动量化交易策略-Dual-Indicator-Cross-Confirmation-Momentum-Volume-Quantitative-Trading-Strategy.md,variant_or_duplicate,volume_breakout,volume-breakout-2026-08-31.md
量子量价策略Quantum-Volume-Strategy.md,variant_or_duplicate,volume_breakout,volume-breakout-2026-08-31.md
流量主导型震荡量化策略Volume-driven-Oscillation-Quant-Strategy.md,variant_or_duplicate,volume_breakout,volume-breakout-2026-08-31.md
基于交易量的趋势追踪策略Volume-Oscillator-Based-Trend-Tracking-Strategy.md,variant_or_duplicate,volume_breakout,volume-breakout-2026-08-31.md
基于价格行情和交易量的趋势追踪策略Trend-Following-Strategy-Based-on-Price-Action-and-Volume.md,variant_or_duplicate,volume_breakout,volume-breakout-2026-08-31.md
多时间框架成交量与趋势聚合交易策略-Multi-Timeframe-Volume-and-Trend-Confluence-Trading-Strategy.md,variant_or_duplicate,volume_breakout,volume-breakout-2026-08-31.md
量化交易之量能驱动策略Volume-Energy-Driven-Strategy.md,variant_or_duplicate,volume_breakout,volume-breakout-2026-08-31.md
基于价格量融合的趋势追踪策略Trend-Following-Strategy-Based-on-Price-Volume-Integration.md,variant_or_duplicate,volume_breakout,volume-breakout-2026-08-31.md
基于量价弥长计的波动力量策略VB-Strategy-Based-on-Volume-Balances.md,variant_or_duplicate,volume_breakout,volume-breakout-2026-08-31.md
量化反转与成交量策略组合Quantitative-Reversal-and-Volume-Combo-Strategy.md,variant_or_duplicate,volume_breakout,volume-breakout-2026-08-31.md
增强型量价趋势判断动量策略-Enhanced-Price-Volume-Trend-Momentum-Strategy.md,variant_or_duplicate,volume_breakout,volume-breakout-2026-08-31.md
基于成交量和VWAP确认的短线策略Scalping-Strategy-with-Volume-and-VWAP-Confirmation.md,variant_or_duplicate,volume_breakout,volume-breakout-2026-08-31.md
Volume-Flow-v3.md,variant_or_duplicate,volume_breakout,volume-breakout-2026-08-31.md
基于波动率的有限交易量元素策略Volatility-Finite-Volume-Elements-Strategy.md,variant_or_duplicate,volume_breakout,volume-breakout-2026-08-31.md
多维度K近邻算法与烛台形态的量价分析交易策略-Multi-Dimensional-KNN-Algorithm-with-Volume-Price-Candlestick-Pattern-Trading-Strategy.md,variant_or_duplicate,volume_breakout,volume-breakout-2026-08-31.md
多周期趋势跟踪与成交量分析的自适应风险策略-Multi-Period-Trend-Following-and-Volume-Analysis-Adaptive-Risk-Strategy.md,variant_or_duplicate,volume_breakout,volume-breakout-2026-08-31.md
双因子反转与改良价格量趋势组合策略Combo-Strategy-of-Double-Factors-Reversal-and-Improved-Price-Volume-Trend.md,variant_or_duplicate,volume_breakout,volume-breakout-2026-08-31.md
SSL通道与绿量策略SSL-Channel-and-Green-Volume-Strategy.md,variant_or_duplicate,volume_breakout,volume-breakout-2026-08-31.md
动量指标追踪短期价格变动策略-Price-Volume-Trend-Strategy.md,variant_or_duplicate,volume_breakout,volume-breakout-2026-08-31.md
多指标动态交易策略与成交量确认系统-Multi-Indicator-Dynamic-Trading-Strategy-with-Volume-Confirmation-System.md,variant_or_duplicate,volume_breakout,volume-breakout-2026-08-31.md
多指标趋势跟踪与成交量确认策略-Multi-Indicator-Trend-Following-with-Volume-Confirmation-Strategy.md,variant_or_duplicate,volume_breakout,volume-breakout-2026-08-31.md
均价成交量价值策略Volume-Weighted-Average-Price-Strategy.md,variant_or_duplicate,volume_breakout,volume-breakout-2026-08-31.md
基于量价指标的多空平衡交易策略Volume-Price-Indicator-Balanced-Trading-Strategy.md,variant_or_duplicate,volume_breakout,volume-breakout-2026-08-31.md
基于量价信号和烛台模式的买卖策略-Buy-Sell-Strategy-Based-on-Volume-Candlestick-Patterns.md,variant_or_duplicate,volume_breakout,volume-breakout-2026-08-31.md
动态买卖量波动突破策略Dynamic-Buying-Selling-Volume-Breakout-Strategy.md,variant_or_duplicate,volume_breakout,volume-breakout-2026-08-31.md
数字货币期货多品种ATR策略教学.md,normalized_candidate,atr_volatility,atr-volatility-2026-08-31.md
优化的基于平均真实波动范围的趋势策略v6固定趋势捕捉-Optimized-ATR-Based-Trend-Strategy-v6-Fixed-Trend-Capture.md,variant_or_duplicate,atr_volatility,atr-volatility-2026-08-31.md
多周期趋势动态波幅跟踪策略-Multi-Timeframe-Trend-Dynamic-ATR-Tracking-Strategy.md,variant_or_duplicate,atr_volatility,atr-volatility-2026-08-31.md
动态ATR优化的日内高低点突破交易策略-Dynamic-ATR-Optimized-Intraday-High-Low-Breakout-Trading-Strategy.md,variant_or_duplicate,atr_volatility,atr-volatility-2026-08-31.md
多周期趋势跟踪与ATR波动率管理策略-Multi-Timeframe-Trend-Following-Strategy-with-ATR-Volatility-Management.md,variant_or_duplicate,atr_volatility,atr-volatility-2026-08-31.md
ATR增强型蜡烛反转模式识别与风险管理策略-ATR-Enhanced-Candlestick-Reversal-Pattern-Recognition-and-Risk-Management-Strategy.md,variant_or_duplicate,atr_volatility,atr-volatility-2026-08-31.md
高级量化交易策略多维度指标融合的超级趋势ATR动态跟踪系统-Advanced-Quantitative-Trading-Strategy-Multi-Dimensional-Super-Trend-ATR-Dynamic-Tracking-System.md,variant_or_duplicate,atr_volatility,atr-volatility-2026-08-31.md
多重指标动态自适应调仓ATR波动率策略-Multi-Indicator-Dynamic-Adaptive-Position-Sizing-with-ATR-Volatility-Strategy.md,variant_or_duplicate,atr_volatility,atr-volatility-2026-08-31.md
ATR均线突破策略-ATR-Average-Breakout-Strategy.md,variant_or_duplicate,atr_volatility,atr-volatility-2026-08-31.md
Trade05-K线支撑阻力ATR止盈.md,variant_or_duplicate,atr_volatility,atr-volatility-2026-08-31.md
ATR动态趋势跟踪与重入场交易策略-ATR-Dynamic-Trend-Following-with-Re-entry-Trading-Strategy.md,variant_or_duplicate,atr_volatility,atr-volatility-2026-08-31.md
多指标结合的自适应波动ATR动态止盈止损15分钟图表趋势跟踪策略-Multi-Indicator-Adaptive-Volatility-ATR-Dynamic-SL-TP-15-Minute-Chart-Trend-Following-Strategy.md,variant_or_duplicate,atr_volatility,atr-volatility-2026-08-31.md
多周期唐奇安通道与ATR动态间隔波动跟踪交易策略-Multi-Timeframe-Donchian-Channel-and-ATR-Dynamic-Interval-Volatility-Following-Trading-Strategy.md,variant_or_duplicate,atr_volatility,atr-volatility-2026-08-31.md
均线黄金分割放大ATR突破策略Average-True-Range-Breakout-Strategy-with-Golden-Ratio.md,variant_or_duplicate,atr_volatility,atr-volatility-2026-08-31.md
基于Renko平均真实波幅的趋势反转策略Renko-ATR-Trend-Reversal-Strategy.md,variant_or_duplicate,atr_volatility,atr-volatility-2026-08-31.md
趋势ATR横向突破策略Honey-Trend-ATR-Breakout-Strategy.md,variant_or_duplicate,atr_volatility,atr-volatility-2026-08-31.md
AlphaTrend-Adaptive-ATR-Channel-Breakout-Strategy.md,variant_or_duplicate,atr_volatility,atr-volatility-2026-08-31.md
基于支撑位突破的动态ATR趋势跟踪策略-Dynamic-ATR-Trend-Following-Strategy-Based-on-Support-Breakout.md,variant_or_duplicate,atr_volatility,atr-volatility-2026-08-31.md
乖离矩阵趋势跟随策略Divergence-Matrix-Trend-Following-Strategy.md,variant_or_duplicate,atr_volatility,atr-volatility-2026-08-31.md
多时间框架趋势追踪与ATR波动率动态风险管理系统策略-Multi-Timeframe-Trend-Following-with-ATR-Volatility-Based-Dynamic-Risk-Management-System-Strategy.md,variant_or_duplicate,atr_volatility,atr-volatility-2026-08-31.md
ATR融合趋势优化模型策略-ATR-Fusion-Trend-Optimization-Model-Strategy.md,variant_or_duplicate,atr_volatility,atr-volatility-2026-08-31.md
分享-ATR为例均值计算中容错教程.md,variant_or_duplicate,atr_volatility,atr-volatility-2026-08-31.md
基于ATR通道突破的量化交易策略An-ATR-Channel-Breakout-Quantitative-Trading-Strategy.md,variant_or_duplicate,atr_volatility,atr-volatility-2026-08-31.md
AlphaTrend.md,variant_or_duplicate,atr_volatility,atr-volatility-2026-08-31.md
动态阻力与支撑的双K线形态ATR风险控制量化交易策略-Dynamic-Resistance-and-Support-Dual-Candlestick-Pattern-ATR-Risk-Management-Quantitative-Trading-Strategy.md,variant_or_duplicate,atr_volatility,atr-volatility-2026-08-31.md
基于DI指标的动态波动率趋势跟踪策略结合ATR止盈止损体系-Dynamic-Volatility-Adjusted-Trend-Following-Strategy-Based-on-DI-Indicators-with-ATR-Stop-Management.md,variant_or_duplicate,atr_volatility,atr-volatility-2026-08-31.md
基于ATR波动率指标构建的通道策略Channel-strategy-based-on-ATR.md,variant_or_duplicate,atr_volatility,atr-volatility-2026-08-31.md
基于ATR波动率指标构建的通道策略Channel-strategy-based-on-ATR-volatility-indicator.md,variant_or_duplicate,atr_volatility,atr-volatility-2026-08-31.md
Matrix-Series.md,variant_or_duplicate,atr_volatility,atr-volatility-2026-08-31.md
动量突破ATR波动率策略Momentum-Breakthrough-ATR-Volatility-Strategy.md,variant_or_duplicate,atr_volatility,atr-volatility-2026-08-31.md
基于ATR和标准差通道的趋势跟踪交易策略ATR-Trend-Following-Strategy-Based-on-Standard-Deviation-Channel.md,variant_or_duplicate,atr_volatility,atr-volatility-2026-08-31.md
AlphaTrend与KAMA结合的自适应趋势跟踪与风险管理策略Adaptive-Trend-Following-Strategy-Combining-AlphaTrend-and-KAMA-with-Risk-Management.md,variant_or_duplicate,atr_volatility,atr-volatility-2026-08-31.md
基于核回归和ATR动态波段的自适应趋势跟踪策略-Adaptive-Trend-Following-Strategy-Based-on-Kernel-Regression-and-ATR-Dynamic-Bands.md,variant_or_duplicate,atr_volatility,atr-volatility-2026-08-31.md
多维度趋势判断与ATR动态止盈止损策略-Multi-Dimensional-Trend-Analysis-with-ATR-Based-Dynamic-Stop-Management-Strategy.md,variant_or_duplicate,atr_volatility,atr-volatility-2026-08-31.md
AlphaTradingBot-交易策略-AlphaTradingBot-Trading-Strategy.md,variant_or_duplicate,atr_volatility,atr-volatility-2026-08-31.md
基于ATR和突破的ETF交易策略An-ATR-and-Breakout-based-ETF-Trading-Strategy.md,variant_or_duplicate,atr_volatility,atr-volatility-2026-08-31.md
Multi-Step-ATR-Trading-Strategy-with-Dynamic-Profit-Taking-多层级-ATR-动态获利交易策略.md,variant_or_duplicate,atr_volatility,atr-volatility-2026-08-31.md
基于ATR和ADX的动态三线突破交易策略-Dynamic-Three-Line-Strike-Trading-Strategy-with-ATR-and-ADX-Integration.md,variant_or_duplicate,atr_volatility,atr-volatility-2026-08-31.md
动能区ATR反转订单量化策略Action-Zone-ATR-Reverse-Order-Quant-Strategy.md,variant_or_duplicate,atr_volatility,atr-volatility-2026-08-31.md
Chande-Kroll止损动态ATR趋势跟踪策略-Chande-Kroll-Stop-Dynamic-ATR-Trend-Following-Strategy.md,variant_or_duplicate,atr_volatility,atr-volatility-2026-08-31.md
VWAP-ATR-趋势跟踪与价格回转策略-VWAP-ATR-Trend-Following-and-Price-Reversal-Strategy.md,variant_or_duplicate,atr_volatility,atr-volatility-2026-08-31.md
AlphaTrend双向跟踪策略AlphaTrend-Dual-Tracking-Strategy.md,variant_or_duplicate,atr_volatility,atr-volatility-2026-08-31.md
AlphaTrend-use-mfi.md,variant_or_duplicate,atr_volatility,atr-volatility-2026-08-31.md
基于平均真实波幅和相对强弱指数的钱德勒出场策略ATR-Chandelier-Exit-Strategy-with-Relative-Strength-Index.md,variant_or_duplicate,atr_volatility,atr-volatility-2026-08-31.md
基于-T3-和-ATR-的自动跟踪趋势策略Automatic-Tracking-Trend-Strategy-Based-on-T3-and-ATR.md,variant_or_duplicate,atr_volatility,atr-volatility-2026-08-31.md
最佳ATR停损倍数策略Best-ATR-Stop-Multiple-Strategy.md,variant_or_duplicate,atr_volatility,atr-volatility-2026-08-31.md
趋势突破策略ATR-Trend-Breakout-Strategy.md,variant_or_duplicate,atr_volatility,atr-volatility-2026-08-31.md
自适应趋势跟踪多周期ATR动态阈值做空策略-Adaptive-Trend-Following-Multi-Period-ATR-Dynamic-Threshold-Short-Strategy.md,variant_or_duplicate,atr_volatility,atr-volatility-2026-08-31.md
ATR和交易量结合的动态信号线趋势跟踪策略-Dynamic-Signal-Line-Trend-Following-Strategy-Combining-ATR-and-Volume.md,variant_or_duplicate,atr_volatility,atr-volatility-2026-08-31.md
多时间框架动量突破交易策略结合趋势跟踪与ATR风险管理-Multi-Timeframe-Momentum-Breakout-Trading-Strategy-with-Trend-Following-and-ATR-Risk-Management.md,variant_or_duplicate,atr_volatility,atr-volatility-2026-08-31.md
基于VWMA及ATR的趋势跟踪策略VWMA-and-ATR-Trend-Following-Strategy.md,variant_or_duplicate,atr_volatility,atr-volatility-2026-08-31.md
ATR趋势跟踪策略ATR-Trend-Following-Strategy.md,variant_or_duplicate,atr_volatility,atr-volatility-2026-08-31.md
多指标趋势动量ATR目标价交易策略-Multi-Indicator-Trend-Momentum-ATR-Target-Trading-Strategy.md,variant_or_duplicate,atr_volatility,atr-volatility-2026-08-31.md
超级ATR趋势跟踪策略Super-ATR-Trend-Following-Strategy.md,variant_or_duplicate,atr_volatility,atr-volatility-2026-08-31.md
多重指标趋势交叉结合ATR动态波动策略-Multi-Indicator-Trend-Cross-with-ATR-Dynamic-Volatility-Strategy.md,variant_or_duplicate,atr_volatility,atr-volatility-2026-08-31.md
VWAP-ATR动态价格行为交易系统-VWAP-ATR-Dynamic-Price-Action-Trading-System.md,variant_or_duplicate,atr_volatility,atr-volatility-2026-08-31.md
基于前一天收盘价和ATR指标的趋势追踪策略Previous-Days-Close-with-ATR-Trend-Tracking-Strategy.md,variant_or_duplicate,atr_volatility,atr-volatility-2026-08-31.md
动态趋势跟踪ATR多周期交易策略-Dynamic-Trend-Following-ATR-Multi-Period-Trading-Strategy.md,variant_or_duplicate,atr_volatility,atr-volatility-2026-08-31.md
基于ATR通道的破口踏入趋势策略ATR-Channel-Breakout-Trend-following-Strategy.md,variant_or_duplicate,atr_volatility,atr-volatility-2026-08-31.md
基于Nadaraya-Watson回归和ATR通道的趋势跟踪策略Trend-Following-Strategy-Based-on-Nadaraya-Watson-Regression-and-ATR-Channel.md,variant_or_duplicate,atr_volatility,atr-volatility-2026-08-31.md
基于ATR和CCI的趋势跟踪策略CCI-and-ATR-Based-Trend-Following-Strategy.md,variant_or_duplicate,atr_volatility,atr-volatility-2026-08-31.md
Trade04-双均线ATR通道高低点.md,variant_or_duplicate,atr_volatility,atr-volatility-2026-08-31.md
ATR趋势追踪策略ATR-Trend-Following-Strategy.md,variant_or_duplicate,atr_volatility,atr-volatility-2026-08-31.md
动态ATR波段突破交易策略与多层次风险管理-Dynamic-ATR-Swing-Breakout-Strategy-with-Multi-Tiered-Risk-Management.md,variant_or_duplicate,atr_volatility,atr-volatility-2026-08-31.md
动态波动率指标VIDYA结合ATR趋势跟踪反转策略-Dynamic-Volatility-Index-VIDYA-with-ATR-Trend-Following-Reversal-Strategy.md,variant_or_duplicate,atr_volatility,atr-volatility-2026-08-31.md
基于平均真实波幅的趋势跟踪策略ATR-Based-Trend-Tracking-Strategy.md,variant_or_duplicate,atr_volatility,atr-volatility-2026-08-31.md
SPY增强型空头信号策略-基于动态ATR目标优化的量化交易系统-SPY-Enhanced-Short-Signals-Strategy-Quantitative-Trading-System-with-Dynamic-ATR-Target-Optimization.md,variant_or_duplicate,atr_volatility,atr-volatility-2026-08-31.md
基于AlphaTrend的跨期策略AlphaTrend-Cross-Period-Strategy.md,variant_or_duplicate,atr_volatility,atr-volatility-2026-08-31.md
ATR-Smoothed.md,variant_or_duplicate,atr_volatility,atr-volatility-2026-08-31.md
自适应ATR趋势突破策略Adaptive-ATR-Trend-Breakout-Strategy.md,variant_or_duplicate,atr_volatility,atr-volatility-2026-08-31.md
自适应ATR-ADX趋势策略V2An-Adaptive-ATR-ADX-Trend-Strategy-V2.md,variant_or_duplicate,atr_volatility,atr-volatility-2026-08-31.md
基于ATR和波动性指数的趋势跟踪策略ATR-and-Volatility-Index-Based-Trend-Tracking-Strategy.md,variant_or_duplicate,atr_volatility,atr-volatility-2026-08-31.md
双向ATR波浪交易策略Dual-ATR-Channel-Trend-Following-Strategy.md,variant_or_duplicate,atr_volatility,atr-volatility-2026-08-31.md
双周期ATR波动率突破股票趋势策略Volatility-Bands-and-VWAP-Multi-Timeframe-Stock-Trend-Trading-Strategy.md,variant_or_duplicate,atr_volatility,atr-volatility-2026-08-31.md
基于ATREOM和VORTEX的长线趋势策略ATR-EOM-and-VORTEX-Based-Long-Trend-Strategy.md,variant_or_duplicate,atr_volatility,atr-volatility-2026-08-31.md
AlphaTrend-Strategy.md,variant_or_duplicate,atr_volatility,atr-volatility-2026-08-31.md
Post-Open-Breakout-Trading-Strategy-with-Dynamic-ATR-Based-Position-Management-基于ATR动态管理的开市突破交易策略.md,variant_or_duplicate,atr_volatility,atr-volatility-2026-08-31.md
动量熔断MACD策略Momentum-Breakdown-MACD-Strategy.md,normalized_candidate,macd_trend,macd-trend-2026-08-31.md
基于改动OBV和MACD的量化交易策略Altered-OBV-and-MACD-Quantitative-Trading-Strategy.md,variant_or_duplicate,macd_trend,macd-trend-2026-08-31.md
MACD机器人交易策略MACD-Robot-Trading-Strategy.md,variant_or_duplicate,macd_trend,macd-trend-2026-08-31.md
多时间周期MACD零轴交叉反转策略scillator-Profile-Reversal-Strategy-Based-on-Multi-Timeframe-MACD-Zero-crossing.md,variant_or_duplicate,macd_trend,macd-trend-2026-08-31.md
基于MACD与随机指标的加密货币交易策略Cryptocurrency-Trading-Strategy-Based-on-MACD-and-Stochastic-Indicators.md,variant_or_duplicate,macd_trend,macd-trend-2026-08-31.md
毕达哥蜡烛图MACD指标背离趋势跟踪策略Demigod-Candlestick-MACD-Divergence-Trend-Following-Strategy.md,variant_or_duplicate,macd_trend,macd-trend-2026-08-31.md
OBV-MACD-Indicator.md,variant_or_duplicate,macd_trend,macd-trend-2026-08-31.md
MacD-Custom-Indicator-Multiple-Time-FrameAll-Available-Options.md,variant_or_duplicate,macd_trend,macd-trend-2026-08-31.md
多时间框架MACD热力图策略Multi-Timeframe-MACD-Heatmap-Strategy.md,variant_or_duplicate,macd_trend,macd-trend-2026-08-31.md
MACD交叉策略与动量趋势智能交易系统-MACD-Crossover-and-Momentum-Trend-Intelligent-Trading-System.md,variant_or_duplicate,macd_trend,macd-trend-2026-08-31.md
时空优化多时间框架MACD策略Time-and-Space-Optimized-Multi-Timeframe-MACD-Strategy.md,variant_or_duplicate,macd_trend,macd-trend-2026-08-31.md
趋势跟踪与动量交易相结合的双重MACD优化策略-Dual-MACD-Optimization-Strategy-Combining-Trend-Following-and-Momentum-Trading.md,variant_or_duplicate,macd_trend,macd-trend-2026-08-31.md
黄金VWAP-MACD-SMO交易策略Gold-VWAP-MACD-SMO-Trading-Strategy.md,variant_or_duplicate,macd_trend,macd-trend-2026-08-31.md
MAGIC-MACD.md,variant_or_duplicate,macd_trend,macd-trend-2026-08-31.md
基于MACD与Supertrend的双重验证趋势跟踪交易策略-MACD-Supertrend-Dual-Confirmation-Trend-Following-Trading-Strategy.md,variant_or_duplicate,macd_trend,macd-trend-2026-08-31.md
双MACD趋势信号捕捉与过滤量化策略-Dual-MACD-Trend-Signal-Capture-and-Filtering-Quantitative-Strategy.md,variant_or_duplicate,macd_trend,macd-trend-2026-08-31.md
MACD多指标趋势跟踪策略MACD-Multi-Indicator-Trend-Following-Strategy.md,variant_or_duplicate,macd_trend,macd-trend-2026-08-31.md
相对强度MACD策略MACD-of-Relative-Strength-Strategy.md,variant_or_duplicate,macd_trend,macd-trend-2026-08-31.md
多时间框架MACD策略Multi-Timeframe-MACD-Strategy.md,variant_or_duplicate,macd_trend,macd-trend-2026-08-31.md
基于超级趋势和MACD的风险控制策略Samsuga-SuperTrend-MACD-Strategy.md,variant_or_duplicate,macd_trend,macd-trend-2026-08-31.md
MACD-Strategy.md,variant_or_duplicate,macd_trend,macd-trend-2026-08-31.md
基于MACD指标的趋势交易策略-Trend-Trading-Strategy-Based-on-MACD-Indicator.md,variant_or_duplicate,macd_trend,macd-trend-2026-08-31.md
MACD-趋势跟随策略MACD-Trend-Following-Strategy.md,variant_or_duplicate,macd_trend,macd-trend-2026-08-31.md
MACD动量策略MACD-Momentum-Strategy.md,variant_or_duplicate,macd_trend,macd-trend-2026-08-31.md
MACD双转换零滞后交易策略-基于短期趋势捕捉的高频交易-Zero-Lag-MACD-Dual-Crossover-Trading-Strategy-High-Frequency-Trading-Based-on-Short-Term-Trend-Capture.md,variant_or_duplicate,macd_trend,macd-trend-2026-08-31.md
基于MACD柱色和线性回归的高频对冲策略High-Frequency-Hedging-Strategy-Based-on-MACD-Bar-Color-and-Linear-Regression.md,variant_or_duplicate,macd_trend,macd-trend-2026-08-31.md
MACD趋势跟踪策略-MACD-Trend-Following-Strategy.md,variant_or_duplicate,macd_trend,macd-trend-2026-08-31.md
运用MACD量化交易策略MACD-Quantitative-Trading-Strategy.md,variant_or_duplicate,macd_trend,macd-trend-2026-08-31.md
MACD指标跨周期交易策略MACD-Cross-Period-Trading-Strategy.md,variant_or_duplicate,macd_trend,macd-trend-2026-08-31.md
未来麦克D路线预测策略MacD-Future-Path-Prediction-Strategy.md,variant_or_duplicate,macd_trend,macd-trend-2026-08-31.md
MACD逃顶策略.md,variant_or_duplicate,macd_trend,macd-trend-2026-08-31.md
双重MACD趋势确认交易系统-Dual-MACD-Trend-Confirmation-Trading-System.md,variant_or_duplicate,macd_trend,macd-trend-2026-08-31.md
MACD趋势追踪策略MACD-Trend-Following-Strategy.md,variant_or_duplicate,macd_trend,macd-trend-2026-08-31.md
MACD动态趋势量化交易策略进阶版-Advanced-MACD-Dynamic-Trend-Quantitative-Trading-Strategy.md,variant_or_duplicate,macd_trend,macd-trend-2026-08-31.md
双MACD量化交易策略Dual-MACD-Quantitative-Trading-Strategy.md,variant_or_duplicate,macd_trend,macd-trend-2026-08-31.md
Ichimoku-Cloud-and-MACD-Momentum-RidingIchimoku-Cloud-and-MACD-Momentum-Riding-Strategy.md,variant_or_duplicate,macd_trend,macd-trend-2026-08-31.md
基于stochastic和MACD指标的反转交易策略Reversal-Trading-Strategy-Based-on-Stochastic-and-MACD-Indicators.md,variant_or_duplicate,macd_trend,macd-trend-2026-08-31.md
MACD结合阿尔布鲁克斯价格行为的趋势跟踪策略-MACD-Based-Al-Brooks-Price-Action-Trend-Following-Strategy.md,variant_or_duplicate,macd_trend,macd-trend-2026-08-31.md
MACD-Crossover-Strategy-MACD-交叉策略.md,variant_or_duplicate,macd_trend,macd-trend-2026-08-31.md
基于EVWMA的MACD交易策略EVWMA-based-MACD-Trading-Strategy.md,variant_or_duplicate,macd_trend,macd-trend-2026-08-31.md
多重指标组合策略CCIDMIMACDADX-Multi-Indicator-Combination-Strategy-CCI-DMI-MACD-ADX.md,variant_or_duplicate,macd_trend,macd-trend-2026-08-31.md
震荡交易指标策略MACD-Strategy-Two-Way-Exit-Trading.md,variant_or_duplicate,macd_trend,macd-trend-2026-08-31.md
MACD-Willy-Strategy.md,variant_or_duplicate,macd_trend,macd-trend-2026-08-31.md
MACD-Pine简单策略.md,variant_or_duplicate,macd_trend,macd-trend-2026-08-31.md
基于ADX和MACD指标的交易策略ADX-and-MACD-Indicators-based-Trading-Strategy.md,variant_or_duplicate,macd_trend,macd-trend-2026-08-31.md
超趋势MACD量化策略Supertrend-MACD-Quantitative-Strategy.md,variant_or_duplicate,macd_trend,macd-trend-2026-08-31.md
多指标协同确认交易策略MACD抛物线SAR与超级趋势三重验证系统-Multi-Indicator-Confirmation-Trading-System-MACD-Parabolic-SAR-and-Supertrend-Triple-Verification-Framework.md,variant_or_duplicate,macd_trend,macd-trend-2026-08-31.md
量化交易VSA体积分析与MACD动量指标结合公平价值缺口策略-Quantitative-Trading-Strategy-Combining-VSA-Volume-Analysis-MACD-Momentum-Indicator-and-Fair-Value-Gap-Detection.md,variant_or_duplicate,macd_trend,macd-trend-2026-08-31.md
MACD趋势追踪短线策略MACD-Trend-Following-Intraday-Strategy.md,variant_or_duplicate,macd_trend,macd-trend-2026-08-31.md
基于连续MACD金叉死叉的交易策略-Trading-Strategy-Based-on-Consecutive-MACD-Golden-and-Death-Crosses.md,variant_or_duplicate,macd_trend,macd-trend-2026-08-31.md
动量背离趋势反转量化策略基于MACD柱状图-Momentum-Divergence-Trend-Reversal-Quantitative-Strategy-Based-on-MACD-Histogram.md,variant_or_duplicate,macd_trend,macd-trend-2026-08-31.md
基于价格通道和MACD的多时间框架交易策略Price-Channel-and-MACD-Based-Multi-Timeframe-Trading-Strategy.md,variant_or_duplicate,macd_trend,macd-trend-2026-08-31.md
量化动量交易VWAP-MACD双指标趋势跟踪策略-Quantitative-Momentum-Trading-VWAP-MACD-Dual-Indicator-Trend-Following-Strategy.md,variant_or_duplicate,macd_trend,macd-trend-2026-08-31.md
基于形态反转和MACD指标的组合交易策略Combo-Trading-Strategy-Based-on-123-Reversal-and-MACD.md,variant_or_duplicate,macd_trend,macd-trend-2026-08-31.md
MACD与Supertrend组合策略-MACD-and-Supertrend-Combination-Strategy.md,variant_or_duplicate,macd_trend,macd-trend-2026-08-31.md
基于MACD的长线策略MACD-Long-Only-Strategy.md,variant_or_duplicate,macd_trend,macd-trend-2026-08-31.md
经典动态MACD优化交易策略Dynamic-MACD-Optimization-Trading-Strategy.md,variant_or_duplicate,macd_trend,macd-trend-2026-08-31.md
基于MACD信号线交叉与ATR风险管理的优化趋势跟踪策略-Optimized-MACD-Trend-Following-Strategy-with-ATR-based-Risk-Management.md,variant_or_duplicate,macd_trend,macd-trend-2026-08-31.md
双均线交叉交易趋势跟踪策略MACD-Crossover-Trading-Strategy.md,variant_or_duplicate,macd_trend,macd-trend-2026-08-31.md
技术指标距离测量与MACD反转混合量化交易策略-Technical-Indicator-Distance-Measurement-and-MACD-Reversal-Hybrid-Quantitative-Trading-Strategy.md,variant_or_duplicate,macd_trend,macd-trend-2026-08-31.md
MACD趋势跟踪策略MACD-Trend-Following-Strategy.md,variant_or_duplicate,macd_trend,macd-trend-2026-08-31.md
基于一目均衡表的趋势反转交易策略Ichimoku-and-MACD-Trend-Reversal-Trading-Strategy.md,variant_or_duplicate,macd_trend,macd-trend-2026-08-31.md
MACD多空平衡跟踪策略MACD-Trend-Balancing-Strategy.md,variant_or_duplicate,macd_trend,macd-trend-2026-08-31.md
基于双MACD量化交易策略Dual-MACD-Quantitative-Trading-Strategy.md,variant_or_duplicate,macd_trend,macd-trend-2026-08-31.md
重要区间MACD交叉动量趋势捕捉策略-Important-Zone-MACD-Crossover-Momentum-Trend-Capture-Strategy.md,variant_or_duplicate,macd_trend,macd-trend-2026-08-31.md
基于KAMA与MACD的自适应趋势跟踪量化交易策略-Adaptive-Trend-Following-Strategy-Based-on-KAMA-and-MACD-Integration.md,variant_or_duplicate,macd_trend,macd-trend-2026-08-31.md
多重时间框架趋势跟踪交易系统MTF-ATR-MACD-Multi-Timeframe-Trend-Following-Trading-System-with-ATR-and-MACD-Integration.md,variant_or_duplicate,macd_trend,macd-trend-2026-08-31.md
Python版MACD指标画图范例.md,variant_or_duplicate,macd_trend,macd-trend-2026-08-31.md
反转双MACD交易策略Dual-MACD-Reversal-Trading-Strategy.md,variant_or_duplicate,macd_trend,macd-trend-2026-08-31.md
基于多时间框架的一云延伸MACD和DMI组合策略Multi-Timeframe-Ichimoku-MACD-and-DMI-Combined-Strategy.md,variant_or_duplicate,macd_trend,macd-trend-2026-08-31.md
MACD-量能反转交易策略MACD-Volume-Reversal-Trading-Strategy.md,variant_or_duplicate,macd_trend,macd-trend-2026-08-31.md
一个简单高效的MACD量化交易策略MACD-Crypto-Trading-Strategy.md,variant_or_duplicate,macd_trend,macd-trend-2026-08-31.md
基于MACD指标的趋势跟踪交易策略MACD-Trend-Following-Trading-Strategy-Based-on-MACD-Indicator.md,variant_or_duplicate,macd_trend,macd-trend-2026-08-31.md
双SuperTend与MACD组合交易策略Dual-SuperTrend-with-MACD-Combination-Trading-Strategy.md,variant_or_duplicate,macd_trend,macd-trend-2026-08-31.md
MACD-收盘中位海龟混合策略MACD-Closing-Turtle-Hybrid-Strategy.md,variant_or_duplicate,macd_trend,macd-trend-2026-08-31.md
基于MACD的多时框架交易策略Multi-Timeframe-Trading-Strategy-Based-on-MACD.md,variant_or_duplicate,macd_trend,macd-trend-2026-08-31.md
MACD动态波动交叉预测策略-MACD-Dynamic-Oscillation-Cross-Prediction-Strategy.md,variant_or_duplicate,macd_trend,macd-trend-2026-08-31.md
基于MACD的扩散通道趋势跟踪策略Trend-Following-Strategy-with-MACD-and-Donchian-Channel.md,variant_or_duplicate,macd_trend,macd-trend-2026-08-31.md
双移动均线金叉死叉量化策略Full-Crypto-Swing-ALMA-Cross-MACD-Quantitative-Strategy.md,variant_or_duplicate,macd_trend,macd-trend-2026-08-31.md
基于改进型MACD指标的短线交易策略Reverse-Momentum-Trading-Strategy.md,variant_or_duplicate,macd_trend,macd-trend-2026-08-31.md
基于MACD指标的止损策略MACD-Controlled-Risk-Trading-Strategy.md,variant_or_duplicate,macd_trend,macd-trend-2026-08-31.md
渐变MACD量化策略Gradient-MACD-Quant-Strategy.md,variant_or_duplicate,macd_trend,macd-trend-2026-08-31.md
MACD低买高卖自动跟单滑动止损.md,variant_or_duplicate,macd_trend,macd-trend-2026-08-31.md
MACD-ReLoaded-STRATEGY.md,variant_or_duplicate,macd_trend,macd-trend-2026-08-31.md
多维度量化交易系统高级VSA-MACD-FVG策略分析与优化框架-Advanced-Quantitative-Trading-System-VSA-MACD-FVG-Strategy-Analysis-and-Optimization-Framework.md,variant_or_duplicate,macd_trend,macd-trend-2026-08-31.md
动态MACD和一目均衡图交易策略-Dynamic-MACD-and-Ichimoku-Cloud-Trading-Strategy.md,variant_or_duplicate,macd_trend,macd-trend-2026-08-31.md
MACD-Valley-Detector-策略-MACD-Valley-Detector-Strategy.md,variant_or_duplicate,macd_trend,macd-trend-2026-08-31.md
基于Ichimoku云图MACD和Stochastic的多时间框架趋势跟踪策略Ichimoku-Cloud-MACD-and-Stochastic-Based-Multi-Timeframe-Trend-Tracking-Strategy.md,variant_or_duplicate,macd_trend,macd-trend-2026-08-31.md
基于MACD指标的双向交易策略MACD-based-Dual-Trading-Strategy.md,variant_or_duplicate,macd_trend,macd-trend-2026-08-31.md
MACD-Stochastics波段震荡突破策略MACD-Stochastics-Range-Breakout-Strategy.md,variant_or_duplicate,macd_trend,macd-trend-2026-08-31.md
基于PSARZigZagMACDART多指标组合的量化策略Quantitative-Strategy-PSARZigZagMACDART-Based-on-Multi-Indicator-Combination.md,variant_or_duplicate,macd_trend,macd-trend-2026-08-31.md
高级MACD均线交叉交易策略结合自适应风险管理-Advanced-MACD-Crossover-Trading-Strategy-with-Adaptive-Risk-Management.md,variant_or_duplicate,macd_trend,macd-trend-2026-08-31.md
MACD指标突破交易策略MACD-Indicator-Breakout-Trading-Strategy.md,variant_or_duplicate,macd_trend,macd-trend-2026-08-31.md
H1趋势偏差M15-MACD信号M5快速波动率缺口策略-H1-Trend-Bias-M15-MACD-Signal-M5-Fast-Volatility-Gap-Strategy.md,variant_or_duplicate,macd_trend,macd-trend-2026-08-31.md
熊市MACD做空策略Bear-Market-MACD-Short-Strategy.md,variant_or_duplicate,macd_trend,macd-trend-2026-08-31.md
MACD配信交叉策略MACD-Crossover-with-Signal-Strategy.md,variant_or_duplicate,macd_trend,macd-trend-2026-08-31.md
MACD双向优化交易策略MACD-Double-Optimization-Trading-Strategy.md,variant_or_duplicate,macd_trend,macd-trend-2026-08-31.md
线性MACD解锁交易视图中线性回归的魔力Linear-MACD-Unlocking-the-Magic-of-Linear-Regression-in-TradingView.md,variant_or_duplicate,macd_trend,macd-trend-2026-08-31.md
MACD-5合1多指标趋势追踪策略Multi-timeframe-MACD-Trend-Following-Strategy.md,variant_or_duplicate,macd_trend,macd-trend-2026-08-31.md
基于均线和MACD的策略Ichimoku-Cloud-with-MACD-Strategy.md,variant_or_duplicate,macd_trend,macd-trend-2026-08-31.md
多周期MACD指标交易策略Multi-Timeframe-MACD-Trading-Strategy.md,variant_or_duplicate,macd_trend,macd-trend-2026-08-31.md
基于MACD指标的Histogram进行交易决策策略This-strategy-makes-trading-decisions-based-on-the-trend-of-MACD-Histogram.md,variant_or_duplicate,macd_trend,macd-trend-2026-08-31.md
CCIDMI和MACD混合多空策略-CCI-DMI-and-MACD-Hybrid-Long-Short-Strategy.md,variant_or_duplicate,macd_trend,macd-trend-2026-08-31.md
自定义非重绘HTF-MACD-MFI可缩放机器人策略Customizable-Non-Repainting-HTF-MACD-MFI-Scalable-Bot-Strategy.md,variant_or_duplicate,macd_trend,macd-trend-2026-08-31.md
趋势消除MACD策略Trendless-MACD-Strategy.md,variant_or_duplicate,macd_trend,macd-trend-2026-08-31.md
MACD指标底部反转预警策略-MACD-Indicator-Bottom-Reversal-Early-Warning-Strategy.md,variant_or_duplicate,macd_trend,macd-trend-2026-08-31.md
多时间轴MACD指标交叉交易策略Multi-timeframe-MACD-Indicator-Crossover-Trading-Strategy.md,variant_or_duplicate,macd_trend,macd-trend-2026-08-31.md
多级动态MACD趋势跟踪量化策略结合52周高低位延展研判系统-Multi-Level-Dynamic-MACD-Trend-Following-Strategy-with-52-Week-High-Low-Extension-Analysis-System.md,variant_or_duplicate,macd_trend,macd-trend-2026-08-31.md
MACD长线反转策略MACD-Long-Reversal-Strategy.md,variant_or_duplicate,macd_trend,macd-trend-2026-08-31.md
MACD指标驱动OBV指标量化交易策略MACD-Indicator-Driven-OBV-Quant-Trading-Strategy.md,variant_or_duplicate,macd_trend,macd-trend-2026-08-31.md
你不知道的MACDMA指标组合策略MACDMA-Indicator-Combination-Strategy.md,variant_or_duplicate,macd_trend,macd-trend-2026-08-31.md
基于MACD的加密货币交易策略Crypto-Trading-Strategy-Based-on-MACD.md,variant_or_duplicate,macd_trend,macd-trend-2026-08-31.md
MACD真级别策略MACD-TrueLevel-Strategy.md,variant_or_duplicate,macd_trend,macd-trend-2026-08-31.md
MACD动量缠绕DMI突破短线套利策略Inverse-MACD-Momentum-Entangled-with-DMI-Breakout-Short-Term-Scalping-Strategy.md,variant_or_duplicate,macd_trend,macd-trend-2026-08-31.md
基于Granville与MACD多重信号确认的趋势跟踪交易策略-Trend-Following-Trading-Strategy-Based-on-Granville-and-MACD-Multiple-Signal-Confirmation.md,variant_or_duplicate,macd_trend,macd-trend-2026-08-31.md
MACD趋势预测策略MACD-Trend-Prediction-Strategy.md,variant_or_duplicate,macd_trend,macd-trend-2026-08-31.md
MACD与线性回归双重信号智能交易策略-MACD-and-Linear-Regression-Dual-Signal-Intelligent-Trading-Strategy.md,variant_or_duplicate,macd_trend,macd-trend-2026-08-31.md
基于MACD的复合量化交易策略Compound-Quantitative-Trading-Strategy-Based-on-MACD.md,variant_or_duplicate,macd_trend,macd-trend-2026-08-31.md
MACD金叉死叉趋势跟踪策略MACD-Golden-Cross-Death-Cross-Trend-Following-Strategy.md,variant_or_duplicate,macd_trend,macd-trend-2026-08-31.md
双轨道反向MACD量化交易策略Ergotic-Dual-rail-Reverse-MACD-Quantitative-Trading-Strategy.md,variant_or_duplicate,macd_trend,macd-trend-2026-08-31.md
支撑阻力与MACD长线策略Strategy-of-Support-Resistance-with-MACD-LONG.md,variant_or_duplicate,macd_trend,macd-trend-2026-08-31.md
MACD画图范例.md,variant_or_duplicate,macd_trend,macd-trend-2026-08-31.md
动量趋势跟踪型双指标MACD与抛物线SAR结合策略-Momentum-Trend-Following-Dual-Indicator-MACD-and-Parabolic-SAR-Combination-Strategy.md,variant_or_duplicate,macd_trend,macd-trend-2026-08-31.md
多指标MACD动量期权策略与风险控制百分比退出机制-Multi-Indicator-MACD-Momentum-Options-Strategy-with-Risk-Controlled-Percentage-Based-Exits.md,variant_or_duplicate,macd_trend,macd-trend-2026-08-31.md
基于MACD指标的趋势跟踪策略MACD-Trend-Following-Strategy.md,variant_or_duplicate,macd_trend,macd-trend-2026-08-31.md
麦克德红蓝杠杆策略Macd-Blue-Red-Leverage-Strategy.md,variant_or_duplicate,macd_trend,macd-trend-2026-08-31.md
基于归一化MACD的量化交易策略Quantitative-Trading-Strategy-Based-on-Normalized-MACD.md,variant_or_duplicate,macd_trend,macd-trend-2026-08-31.md
MACD金叉死叉策略-MACD-Golden-Cross-and-Death-Cross-Strategy.md,variant_or_duplicate,macd_trend,macd-trend-2026-08-31.md
TUE-ADX-MACD-Confluence-V10.md,variant_or_duplicate,macd_trend,macd-trend-2026-08-31.md
CM-MACD-Custom-Indicator-Multiple-Time-Frame-V2.md,variant_or_duplicate,macd_trend,macd-trend-2026-08-31.md
TUE-ADX-MACD-Confluence-Strategy.md,variant_or_duplicate,macd_trend,macd-trend-2026-08-31.md
ZeroLag-MACD-多空策略-ZeroLag-MACD-Long-Short-Strategy.md,variant_or_duplicate,macd_trend,macd-trend-2026-08-31.md
Ichimoku混合Macd和Tsi综合策略Ichimoku-Mixed-Equilibrium-Table-Macd-and-Tsi-Combined-Strategy.md,variant_or_duplicate,macd_trend,macd-trend-2026-08-31.md
海龟突破回撤自适应交易策略Turtle-Breakout-Drawdown-Adaptive-Trading-Strategy.md,normalized_candidate,price_breakout,price-breakout-2026-08-31.md
SMC市场高低点突破策略-SMC-Market-High-Low-Breakout-Strategy.md,variant_or_duplicate,price_breakout,price-breakout-2026-08-31.md
连续K线反转突破策略Consecutive-Candlestick-Reversal-Breakout-Strategy.md,variant_or_duplicate,price_breakout,price-breakout-2026-08-31.md
高级多重形态突破交易策略-Advanced-Multi-Pattern-Breakout-Trading-Strategy.md,variant_or_duplicate,price_breakout,price-breakout-2026-08-31.md
震荡突破策略Reversal-Breakout-Strategy.md,variant_or_duplicate,price_breakout,price-breakout-2026-08-31.md
Fibonacci-Extension-and-Retracement-Channel-Breakout-Strategy-斐波那契延展回撤通道突破策略.md,variant_or_duplicate,price_breakout,price-breakout-2026-08-31.md
枢轴点突破策略Pivot-Points-Breakout-Strategy.md,variant_or_duplicate,price_breakout,price-breakout-2026-08-31.md
动态趋势动量突破策略-Dynamic-Trend-Momentum-Breakout-Strategy.md,variant_or_duplicate,price_breakout,price-breakout-2026-08-31.md
K线连续向上突破策略Consecutive-Bar-Breakout-Trading-Strategy.md,variant_or_duplicate,price_breakout,price-breakout-2026-08-31.md
突破交易系统策略Breakout-Trading-System.md,variant_or_duplicate,price_breakout,price-breakout-2026-08-31.md
亚洲盘高低点突破策略-Asian-Session-High-Low-Breakout-Strategy.md,variant_or_duplicate,price_breakout,price-breakout-2026-08-31.md
BMSB-Breakout-Strategy-BMSB-突破策略.md,variant_or_duplicate,price_breakout,price-breakout-2026-08-31.md
唐奇安渠道突破策略Donchian-Channel-Breakout-Strategy.md,variant_or_duplicate,price_breakout,price-breakout-2026-08-31.md
突破昨日最高价策略Yesterdays-High-Breakout-Strategy.md,variant_or_duplicate,price_breakout,price-breakout-2026-08-31.md
多空双突破策略Dual-Breakout-Strategy.md,variant_or_duplicate,price_breakout,price-breakout-2026-08-31.md
动态支撑阻力突破交易策略结合趋势过滤和风险管理系统-Dynamic-Support-Resistance-Breakout-Trading-Strategy-with-Trend-Filtering-and-Risk-Management-System.md,variant_or_duplicate,price_breakout,price-breakout-2026-08-31.md
高频波动突破趋势跟踪策略-High-Frequency-Volatility-Breakout-Trend-Following-Strategy.md,variant_or_duplicate,price_breakout,price-breakout-2026-08-31.md
基于唐奇安通道指标开发的量化交易策略Donchian-Channel-Width-Trading-Strategy.md,variant_or_duplicate,price_breakout,price-breakout-2026-08-31.md
多时间框架突破策略Multi-Timeframe-Breakout-Strategy.md,variant_or_duplicate,price_breakout,price-breakout-2026-08-31.md
基于多重条件的Donchian通道动量突破策略-Multi-Condition-Donchian-Channel-Momentum-Breakout-Strategy.md,variant_or_duplicate,price_breakout,price-breakout-2026-08-31.md
多策略自适应趋势跟踪与突破交易系统-Multi-Strategy-Adaptive-Trend-Following-and-Breakout-Trading-System.md,variant_or_duplicate,price_breakout,price-breakout-2026-08-31.md
月度趋势突破策略Monthly-Trend-Breakout-Strategy.md,variant_or_duplicate,price_breakout,price-breakout-2026-08-31.md
动量策略的双底突破模型Momentum-Strategy-Based-on-Double-Bottom-Breakout-Model.md,variant_or_duplicate,price_breakout,price-breakout-2026-08-31.md
趋势突破策略Extremely-Overfit-Trend-Breakout-Strategy.md,variant_or_duplicate,price_breakout,price-breakout-2026-08-31.md
印度市场整合突破交易策略Consolidation-Breakout-Strategy.md,variant_or_duplicate,price_breakout,price-breakout-2026-08-31.md
基于K线形态的动量突破交易策略momentum-breakout-trading-strategy.md,variant_or_duplicate,price_breakout,price-breakout-2026-08-31.md
跨周期价值区域突破策略Cross-period-Value-Area-Breakout-Strategy.md,variant_or_duplicate,price_breakout,price-breakout-2026-08-31.md
动量突破策略Momentum-Breakout-Strategy.md,variant_or_duplicate,price_breakout,price-breakout-2026-08-31.md
伦敦突破短线交易策略London-Breakout-Day-Trading-Strategy.md,variant_or_duplicate,price_breakout,price-breakout-2026-08-31.md
突破重叠K线高低位策略Inside-Bar-Range-Breakout-Strategy.md,variant_or_duplicate,price_breakout,price-breakout-2026-08-31.md
基于高低点识别的长线期波动策略Swing-Points-Breakouts-Long-term-strategy.md,variant_or_duplicate,price_breakout,price-breakout-2026-08-31.md
大红蜡烛突破买入策略-Big-Red-Candle-Breakout-Buy-Strategy.md,variant_or_duplicate,price_breakout,price-breakout-2026-08-31.md
组合动量突破策略Momentum-Breakout-Strategy.md,variant_or_duplicate,price_breakout,price-breakout-2026-08-31.md
基于复合突破策略The-Compound-Breakout-Strategy.md,variant_or_duplicate,price_breakout,price-breakout-2026-08-31.md
基于K线收盘方向的高频交易突破策略-High-Frequency-Breakout-Trading-Strategy-Based-on-Candlestick-Close-Direction.md,variant_or_duplicate,price_breakout,price-breakout-2026-08-31.md
金分割回测长仓策略Golden-Ratio-Breakout-Long-Strategy.md,variant_or_duplicate,price_breakout,price-breakout-2026-08-31.md
动态通道指标突破策略Dynamic-Channel-Breakout-Strategy.md,variant_or_duplicate,price_breakout,price-breakout-2026-08-31.md
日线区间突破单向交易策略-Daily-Range-Breakout-Single-Direction-Trading-Strategy.md,variant_or_duplicate,price_breakout,price-breakout-2026-08-31.md
追踪型突破策略Tracking-Breakout-Strategy.md,variant_or_duplicate,price_breakout,price-breakout-2026-08-31.md
动量均线破坏策略Momentum-Breakout-Strategy.md,variant_or_duplicate,price_breakout,price-breakout-2026-08-31.md
趋势突破短线策略Intraday-Trend-Breakout-Strategy.md,variant_or_duplicate,price_breakout,price-breakout-2026-08-31.md
反向K线突破短线交易策略Reversal-Short-term-Breakout-Trading-Strategy.md,variant_or_duplicate,price_breakout,price-breakout-2026-08-31.md
基于价格通道的突破策略Price-Channel-Breakout-Strategy.md,variant_or_duplicate,price_breakout,price-breakout-2026-08-31.md
一种趋势跟踪动态通道突破策略Dynamic-Channel-Breakout-Strategy.md,variant_or_duplicate,price_breakout,price-breakout-2026-08-31.md
动态突破下降楔形趋势线量化交易策略-Dynamic-Breakout-Falling-Wedge-Trendline-Quantitative-Trading-Strategy.md,variant_or_duplicate,price_breakout,price-breakout-2026-08-31.md
动态突破大师通道策略基于支撑阻力突破的自适应交易系统-Dynamic-Breakout-Master-Channel-Strategy-An-Adaptive-Trading-System-Based-on-Support-and-Resistance-Breakouts.md,variant_or_duplicate,price_breakout,price-breakout-2026-08-31.md
诺罗突破策略V10Noros-Breakout-Strategy-v10.md,variant_or_duplicate,price_breakout,price-breakout-2026-08-31.md
融合多重指标的情绪驱动突破策略Triple-Indicators-Sentiment-Driven-Breakout-Strategy.md,variant_or_duplicate,price_breakout,price-breakout-2026-08-31.md
牛市追涨箱体买入策略Bull-Market-Breakout-Darvas-Box-Buy-Strategy.md,variant_or_duplicate,price_breakout,price-breakout-2026-08-31.md
唐奇安通道突破策略Donchian-Channel-Breakout-Strategy.md,variant_or_duplicate,price_breakout,price-breakout-2026-08-31.md
多指标联动趋势突破量化交易策略-Multi-Indicator-Momentum-Breakout-Quantitative-Trading-Strategy.md,variant_or_duplicate,price_breakout,price-breakout-2026-08-31.md
反向突破交易策略Contrarian-Breakout-Trading-Strategy.md,variant_or_duplicate,price_breakout,price-breakout-2026-08-31.md
突破趋势追踪者V2Breakout-Trend-Follower-V2.md,variant_or_duplicate,price_breakout,price-breakout-2026-08-31.md
基于趋势追踪的动量突破策略Trend-Following-Momentum-Breakout-Strategy.md,variant_or_duplicate,price_breakout,price-breakout-2026-08-31.md
多重趋势线突破交叉量化策略-Multi-Trendline-Breakout-Momentum-Quantitative-Strategy.md,variant_or_duplicate,price_breakout,price-breakout-2026-08-31.md
分离通道唐奇安突破策略Dual-Channel-Donchian-Breakout-Strategy.md,variant_or_duplicate,price_breakout,price-breakout-2026-08-31.md
动量突破双向交易策略Momentum-Breakout-Reversal-Trading-Strategy.md,variant_or_duplicate,price_breakout,price-breakout-2026-08-31.md
自定义向上突破策略Positive-Bars-Percentage-Breakout-Strategy.md,variant_or_duplicate,price_breakout,price-breakout-2026-08-31.md
突破追踪趋势策略Breakout-Trend-Following-Strategy.md,variant_or_duplicate,price_breakout,price-breakout-2026-08-31.md
波动率压缩突破策略Volatility-Squeeze-Breakout-Strategy.md,variant_or_duplicate,price_breakout,price-breakout-2026-08-31.md
震荡突破策略Breakout-Swing-Strategy.md,variant_or_duplicate,price_breakout,price-breakout-2026-08-31.md
5日高低突破价格通道策略5-day-High-Low-Breakout-Price-Channel-Strategy.md,variant_or_duplicate,price_breakout,price-breakout-2026-08-31.md
DZ-Session-Breakout-Strategy-DZ交易时段突破策略.md,variant_or_duplicate,price_breakout,price-breakout-2026-08-31.md
窄幅震荡内收突破策略Narrow-Range-Inside-Day-Breakout-Strategy.md,variant_or_duplicate,price_breakout,price-breakout-2026-08-31.md
双Donchian通道突破策略Dual-Donchian-Channel-Breakout-Strategy.md,variant_or_duplicate,price_breakout,price-breakout-2026-08-31.md
多时间框架趋势确认量化突破交易策略-Multi-Timeframe-Trend-Confirmed-Quantitative-Breakout-Trading-Strategy.md,variant_or_duplicate,price_breakout,price-breakout-2026-08-31.md
低买高卖的动量交易策略-Momentum-Breakout-Strategy.md,variant_or_duplicate,price_breakout,price-breakout-2026-08-31.md
无上引线看涨K线突破策略-No-Upper-Wick-Bullish-Candle-Breakout-Strategy.md,variant_or_duplicate,price_breakout,price-breakout-2026-08-31.md
动量顺势突破策略A-Momentum-Breakout-Strategy.md,variant_or_duplicate,price_breakout,price-breakout-2026-08-31.md
高级动态范围突破趋势追踪策略-Advanced-Dynamic-Range-Breakout-Trend-Following-Strategy.md,variant_or_duplicate,price_breakout,price-breakout-2026-08-31.md
基于支撑阻力突破的趋势追踪策略Trend-Following-Strategy-Based-on-Pivot-Point-Breakout.md,variant_or_duplicate,price_breakout,price-breakout-2026-08-31.md
动量驱动型肯特纳通道突破交易策略-Momentum-Driven-Keltner-Channel-Breakout-Trading-Strategy.md,variant_or_duplicate,price_breakout,price-breakout-2026-08-31.md
VWAP突破追踪策略The-VWAP-breakout-tracking-strategy.md,variant_or_duplicate,price_breakout,price-breakout-2026-08-31.md
基于市场结构的支撑阻力区域蜡烛图突破策略-Market-Structure-Based-Support-Resistance-Zone-Candlestick-Breakout-Strategy.md,variant_or_duplicate,price_breakout,price-breakout-2026-08-31.md
基于动能突破策略The-momentum-breakout-strategy.md,variant_or_duplicate,price_breakout,price-breakout-2026-08-31.md
基于Donchian通道的海龟交易策略Turtle-Trading-Strategy-Based-on-Donchian-Channels.md,variant_or_duplicate,price_breakout,price-breakout-2026-08-31.md
高频动态开盘区间突破交易策略-Dynamic-Opening-Range-Breakout-High-Frequency-Trading-Strategy.md,variant_or_duplicate,price_breakout,price-breakout-2026-08-31.md
Black-Scholes波动率自适应突破策略与动态阈值优化-Black-Scholes-Volatility-Adjusted-Breakout-with-Dynamic-Threshold-Optimization.md,variant_or_duplicate,price_breakout,price-breakout-2026-08-31.md
双边突破K线波动通道策略Dual-Breakout-Volatility-Channel-Strategy.md,variant_or_duplicate,price_breakout,price-breakout-2026-08-31.md
突破型分形策略Fractal-Breakout-Strategy.md,variant_or_duplicate,price_breakout,price-breakout-2026-08-31.md
Trend-Following-with-Breakout-and-Frequency-Filter-Long-Only-基于突破和频率过滤的趋势跟踪策略只做多.md,variant_or_duplicate,price_breakout,price-breakout-2026-08-31.md
动量突破识别策略Momentum-Breakout-Identifies-Strategy.md,variant_or_duplicate,price_breakout,price-breakout-2026-08-31.md
突破交易策略Volatility-Breakout-Trading-Strategy.md,variant_or_duplicate,price_breakout,price-breakout-2026-08-31.md
动态云层突破量化交易策略-Dynamic-Kumo-Breakout-Quantitative-Trading-Strategy.md,variant_or_duplicate,price_breakout,price-breakout-2026-08-31.md
基于动量指标的趋势跟踪突破交易策略Momentum-Breakout-Trading-Strategy.md,variant_or_duplicate,price_breakout,price-breakout-2026-08-31.md
多指标趋势跟踪与波动突破策略-Multi-Indicator-Trend-Following-and-Volatility-Breakout-Strategy.md,variant_or_duplicate,price_breakout,price-breakout-2026-08-31.md
双线突破金叉死叉趋势追踪策略Dual-Trendlines-Breakout-Golden-Cross-Death-Cross-Trend-Following-Strategy.md,variant_or_duplicate,price_breakout,price-breakout-2026-08-31.md
多尼昌趋势跟踪策略Donchian-Trend-Following-Strategy.md,variant_or_duplicate,price_breakout,price-breakout-2026-08-31.md
基于订单块的动量突破策略The-Order-Block-Momentum-Breakout-Strategy.md,variant_or_duplicate,price_breakout,price-breakout-2026-08-31.md
晨星K线突破策略Morning-Star-Breakout-Strategy.md,variant_or_duplicate,price_breakout,price-breakout-2026-08-31.md
增强型动态通道突破趋势跟踪交易系统-Enhanced-Dynamic-Channel-Breakout-Trend-Following-Trading-System.md,variant_or_duplicate,price_breakout,price-breakout-2026-08-31.md
基于价格结构的高比例回报突破交易策略-High-Reward-to-Risk-Price-Structure-Breakout-Trading-Strategy.md,variant_or_duplicate,price_breakout,price-breakout-2026-08-31.md
基于卡马利拉通道的突破策略Breakout-Strategy-Based-on-Camarilla-Channels.md,variant_or_duplicate,price_breakout,price-breakout-2026-08-31.md
唐奇安通道长期趋势跟踪策略Donchian-Channels-Long-Term-Trend-Following-Strategy.md,variant_or_duplicate,price_breakout,price-breakout-2026-08-31.md
黄金森林1分钟突破策略Gem-Forest-1-Minute-Breakout-Strategy.md,variant_or_duplicate,price_breakout,price-breakout-2026-08-31.md
多周期分形突破订单块自适应交易策略-Multi-Period-Fractal-Breakout-Order-Block-Adaptive-Trading-Strategy.md,variant_or_duplicate,price_breakout,price-breakout-2026-08-31.md
高频量化会话交易策略基于突破信号的自适应动态仓位管理系统-High-Frequency-Quantitative-Session-Trading-Strategy-Adaptive-Dynamic-Position-Management-System-Based-on-Breakout-Signals.md,variant_or_duplicate,price_breakout,price-breakout-2026-08-31.md
ZZ-4价格通道突破策略ZZ-4-Price-Channel-Breakout-Strategy.md,variant_or_duplicate,price_breakout,price-breakout-2026-08-31.md
多恩奇安通道突破策略Donchian-Channel-Breakout-Strategy.md,variant_or_duplicate,price_breakout,price-breakout-2026-08-31.md
双向突破反转策略Bidirectional-Breakout-Reversal-Strategy.md,variant_or_duplicate,price_breakout,price-breakout-2026-08-31.md
自适应通道突破策略与动态支阻位交易系统-Adaptive-Channel-Breakout-Strategy-with-Dynamic-Support-and-Resistance-Trading-System.md,variant_or_duplicate,price_breakout,price-breakout-2026-08-31.md
改进型多空转换K线形态突破策略Improved-Swing-High-Low-Breakout-Strategy-with-Bullish-and-Bearish-Engulfing-Patterns.md,variant_or_duplicate,price_breakout,price-breakout-2026-08-31.md
基于通道突破的趋势策略Trend-Following-Strategy-Based-on-Channel-Breakouts.md,variant_or_duplicate,price_breakout,price-breakout-2026-08-31.md
三线形态突破策略Three-Line-Breakout-Strategy.md,variant_or_duplicate,price_breakout,price-breakout-2026-08-31.md
多重时间周期CPR突破动量交易策略-Multi-Timeframe-CPR-Breakout-Momentum-Trading-Strategy.md,variant_or_duplicate,price_breakout,price-breakout-2026-08-31.md
动态支撑阻力通道突破策略Dynamic-Support-and-Resistance-Channel-Breakout.md,variant_or_duplicate,price_breakout,price-breakout-2026-08-31.md
多重技术指标趋势跟踪通道突破交易策略与K线形态过滤系统-Multi-Technical-Indicator-Trend-Following-Channel-Breakout-Trading-Strategy-with-Candlestick-Pattern-Filtering-System.md,variant_or_duplicate,price_breakout,price-breakout-2026-08-31.md
动态自适应动量突破策略-Dynamic-Adaptive-Momentum-Breakout-Strategy.md,variant_or_duplicate,price_breakout,price-breakout-2026-08-31.md
旗型突破策略Bull-Flag-Breakout-Strategy.md,variant_or_duplicate,price_breakout,price-breakout-2026-08-31.md
VWAP波动反转策略在标准差通道上的多空突破系统-VWAP-Volatility-Reversal-Strategy-with-Standard-Deviation-Channel-Breakout-System.md,variant_or_duplicate,price_breakout,price-breakout-2026-08-31.md
15分钟突破多周期协同策略基于风险收益比优化模型15-Minute-Breakout-Multi-Timeframe-Synergy-Strategy-with-Risk-Reward-Optimization-Model.md,variant_or_duplicate,price_breakout,price-breakout-2026-08-31.md
动态CCI突破策略DCCI-Breakout-Strategy.md,variant_or_duplicate,price_breakout,price-breakout-2026-08-31.md
Donchian渠道趋势跟踪策略Donchian-Channel-Trend-Following-Strategy.md,variant_or_duplicate,price_breakout,price-breakout-2026-08-31.md
基于趋势跟踪突破策略Trend-Tracking-Breakout-Strategy.md,variant_or_duplicate,price_breakout,price-breakout-2026-08-31.md
双重确认突破策略Breakout-Strategy-with-Confirmation-on-Multiple-Time-Frames.md,variant_or_duplicate,price_breakout,price-breakout-2026-08-31.md
范围过滤买卖短线交易策略Range-Filter-Breakout-Short-term-Trading-Strategy.md,variant_or_duplicate,price_breakout,price-breakout-2026-08-31.md
多重周期唐奇安指标趋势跟踪与背离交易策略-Multi-Period-Donchian-Channel-Trend-Following-and-Divergence-Trading-Strategy.md,variant_or_duplicate,price_breakout,price-breakout-2026-08-31.md
基于突破回归策略The-Breakout-Regression-Strategy.md,variant_or_duplicate,price_breakout,price-breakout-2026-08-31.md
唐奇安通道骑势策略Donchian-Channel-Trend-Riding-Strategy.md,variant_or_duplicate,price_breakout,price-breakout-2026-08-31.md
多重信号一致性云层边缘突破策略-Multi-Signal-Convergence-Cloud-Edge-Breakout-Strategy.md,variant_or_duplicate,price_breakout,price-breakout-2026-08-31.md
动量指标破位交易策略Momentum-Breakout-Trading-Strategy.md,variant_or_duplicate,price_breakout,price-breakout-2026-08-31.md
动量突破与吞噬模型算法交易策略Momentum-Breakout-and-Engulfing-Pattern-Algorithmic-Trading-Strategy.md,variant_or_duplicate,price_breakout,price-breakout-2026-08-31.md
跨时间轴双重突破价位策略Cross-Timeframe-Double-Breakout-Levels-Strategy.md,variant_or_duplicate,price_breakout,price-breakout-2026-08-31.md
历史波动率区间突破交易策略Volatility-Range-Breakout-Trading-Strategy.md,variant_or_duplicate,price_breakout,price-breakout-2026-08-31.md
多指标动量突破结合平滑K线交易策略-Multi-Indicator-Momentum-Breakout-with-Smoothed-Candlestick-Trading-Strategy.md,variant_or_duplicate,price_breakout,price-breakout-2026-08-31.md
动态时间框架高低点突破策略-Dynamic-Timeframe-High-Low-Breakout-Strategy.md,variant_or_duplicate,price_breakout,price-breakout-2026-08-31.md
盘前突破交易策略Pre-Market-Breakout-Trading-Strategy.md,variant_or_duplicate,price_breakout,price-breakout-2026-08-31.md
海龟空头突破加仓策略Turtle-Short-Breakout-Pyramiding-Strategy.md,variant_or_duplicate,price_breakout,price-breakout-2026-08-31.md
连续高点突破策略N-Consecutive-Higher-Closes-Breakout-Strategy.md,variant_or_duplicate,price_breakout,price-breakout-2026-08-31.md
横线突破捕捉趋势策略Trend-Capturing-Strategy-with-Horizontal-Line-Breakout.md,variant_or_duplicate,price_breakout,price-breakout-2026-08-31.md
AI驱动的动态波动率适应型趋势突破交易策略-AI-Driven-Dynamic-Volatility-Adaptive-Trend-Breakout-Trading-Strategy.md,variant_or_duplicate,price_breakout,price-breakout-2026-08-31.md
基于15分钟突破的高效价格通道交易策略-Efficient-Price-Channel-Trading-Strategy-Based-on-15-Minute-Breakout.md,variant_or_duplicate,price_breakout,price-breakout-2026-08-31.md
趋势突破-长阴影策略Trend-Breakout-Long-Shadow-Strategy.md,variant_or_duplicate,price_breakout,price-breakout-2026-08-31.md
可扩展突破交易策略Breakout-Trading-Strategy-with-Scalability.md,variant_or_duplicate,price_breakout,price-breakout-2026-08-31.md
动态趋势突破策略Dynamic-Breakout-Trend-Following-Strategy.md,variant_or_duplicate,price_breakout,price-breakout-2026-08-31.md
反转动量破窗策略Reversal-Momentum-Breakout-Strategy.md,variant_or_duplicate,price_breakout,price-breakout-2026-08-31.md
Black-Scholes-Volatility-Adjusted-Dynamic-Breakout-Strategy-布莱克-斯科尔斯波动率调整动态突破策略.md,variant_or_duplicate,price_breakout,price-breakout-2026-08-31.md
唐奇安波道自适应行情策略Donchian-Channel-Adaptive-Trend-Strategy.md,variant_or_duplicate,price_breakout,price-breakout-2026-08-31.md
双因子反转波段突破组合策略Reversal-Breakout-Bandpass-Combo-Strategy.md,variant_or_duplicate,price_breakout,price-breakout-2026-08-31.md
强势趋势突破策略Strong-Trend-Breakout-Strategy.md,variant_or_duplicate,price_breakout,price-breakout-2026-08-31.md
基于量化统计的双标准差动态VWAP震荡突破交易策略-Statistical-Dual-Standard-Deviation-VWAP-Breakout-Trading-Strategy.md,variant_or_duplicate,price_breakout,price-breakout-2026-08-31.md
动量突破与趋势跟踪组合策略Momentum-Breakout-and-Trend-Following-Combination-Strategy.md,variant_or_duplicate,price_breakout,price-breakout-2026-08-31.md
精准趋势突破交易策略Precise-Trend-Breakout-Trading-Strategy.md,variant_or_duplicate,price_breakout,price-breakout-2026-08-31.md
通道突破反转交易策略Volatility-Breakout-Reversal-Trading-Strategy.md,variant_or_duplicate,price_breakout,price-breakout-2026-08-31.md
ARGO波段突破策略ARGO-Range-Breakout-Strategy.md,variant_or_duplicate,price_breakout,price-breakout-2026-08-31.md
Nifty50三分钟开盘价突破策略-Nifty-50-3-Minute-Opening-Range-Breakout-Strategy.md,variant_or_duplicate,price_breakout,price-breakout-2026-08-31.md
基于摆动高低价的突破策略Breakout-Strategy-Based-on-Swing-Highs-and-Lows.md,variant_or_duplicate,price_breakout,price-breakout-2026-08-31.md
N-Bars-Breakout-Strategy-N-Bars-突破策略.md,variant_or_duplicate,price_breakout,price-breakout-2026-08-31.md
Camarilla支撑阻力层突破策略Camarilla-Pivot-Breakout-Strategy.md,variant_or_duplicate,price_breakout,price-breakout-2026-08-31.md
唐氏趋势策略Donchian-Trend-Strategy.md,variant_or_duplicate,price_breakout,price-breakout-2026-08-31.md
基于TD序列突破和回撤的买卖点策略-TD-Sequential-Breakout-and-Retracement-Buy-Sell-Strategy.md,variant_or_duplicate,price_breakout,price-breakout-2026-08-31.md
双项式动量突破反转策略Binomial-Momentum-Breakout-Reversal-Strategy.md,variant_or_duplicate,price_breakout,price-breakout-2026-08-31.md
动量突破交易策略Momentum-Breakout-Trading-Strategy.md,variant_or_duplicate,price_breakout,price-breakout-2026-08-31.md
BEST-Engulfing-Breakout-Strategy.md,variant_or_duplicate,price_breakout,price-breakout-2026-08-31.md
双7日突破策略Double-7-Days-Breakout-Strategy.md,variant_or_duplicate,price_breakout,price-breakout-2026-08-31.md
量化价格行为突破动态风险收益比交易策略-Dynamic-Risk-Reward-Price-Action-Breakout-Trading-Strategy.md,variant_or_duplicate,price_breakout,price-breakout-2026-08-31.md
基于双通道突破策略-Dual-Channel-Breakout-Strategy.md,variant_or_duplicate,price_breakout,price-breakout-2026-08-31.md
动态价格通道突破策略Dynamic-Price-Channel-Breakout-Strategy.md,variant_or_duplicate,price_breakout,price-breakout-2026-08-31.md
基于量化动量的微回调突破策略-Quantitative-Momentum-Based-Micropullback-Breakout-Strategy.md,variant_or_duplicate,price_breakout,price-breakout-2026-08-31.md
动态趋势线突破的高级多头策略-Advanced-Long-Only-Dynamic-Trendline-Breakout-Strategy.md,variant_or_duplicate,price_breakout,price-breakout-2026-08-31.md
基于波动率突破和多重技术指标的混合交易策略-Hybrid-Trading-Strategy-Based-on-Volatility-Breakout-and-Multiple-Technical-Indicators.md,variant_or_duplicate,price_breakout,price-breakout-2026-08-31.md
动量突破趋势追踪策略Trend-Tracking-Strategy-Based-on-Momentum-Breakout.md,variant_or_duplicate,price_breakout,price-breakout-2026-08-31.md
运用布林带突破整合策略Consolidation-Breakout-Strategy.md,variant_or_duplicate,price_breakout,price-breakout-2026-08-31.md
基于海龟交易员策略的突破反转模型Breakout-Reversal-Model-Based-on-Turtle-Trading-Strategy.md,variant_or_duplicate,price_breakout,price-breakout-2026-08-31.md
ADX趋势突破动量交易策略-ADX-Trend-Breakout-Momentum-Trading-Strategy.md,variant_or_duplicate,price_breakout,price-breakout-2026-08-31.md
突破点回转策略Pivot-Point-Breakout-Strategy.md,variant_or_duplicate,price_breakout,price-breakout-2026-08-31.md
高点低点突破趋势追踪策略High-Low-Breakout-Trend-Following-Strategy.md,variant_or_duplicate,price_breakout,price-breakout-2026-08-31.md
动量突破短线交易策略Momentum-Breakout-Intraday-Trading-Strategy.md,variant_or_duplicate,price_breakout,price-breakout-2026-08-31.md
基于动量突破交易策略Momentum-Breakout-Trading-Strategy.md,variant_or_duplicate,price_breakout,price-breakout-2026-08-31.md
基于线性回归通道的突破交易策略Linear-Regression-Channel-Breakout-Trading-Strategy.md,variant_or_duplicate,price_breakout,price-breakout-2026-08-31.md
多重趋势跟踪与结构突破策略-Multi-Trend-Following-and-Structure-Breakout-Strategy.md,variant_or_duplicate,price_breakout,price-breakout-2026-08-31.md
基于双重趋势突破策略Dual-Trend-Breakout-Strategy.md,variant_or_duplicate,price_breakout,price-breakout-2026-08-31.md
顿希安通道突破策略Donchian-Channel-Breakout-Strategy.md,variant_or_duplicate,price_breakout,price-breakout-2026-08-31.md
逆向波动率突破策略-Reverse-Volatility-Breakout-Strategy.md,variant_or_duplicate,price_breakout,price-breakout-2026-08-31.md
基于价格突破的自适应波动交易策略Adaptive-Volatility-Breakout-Trading-Strategy.md,variant_or_duplicate,price_breakout,price-breakout-2026-08-31.md
E9鲨鱼32形态量化价格突破策略-E9-Shark-32-Pattern-Quantitative-Price-Breakout-Strategy.md,variant_or_duplicate,price_breakout,price-breakout-2026-08-31.md
基于三分钟K线高低点的日内突破策略-Intraday-Breakout-Strategy-Based-on-3-Minute-Candle-High-Low-Points.md,variant_or_duplicate,price_breakout,price-breakout-2026-08-31.md
跨时间段移动量策略Intraday-Pivot-Breakout-Strategy.md,variant_or_duplicate,price_breakout,price-breakout-2026-08-31.md
双动量指标突破策略Dual-Momentum-Breakout-Strategy.md,variant_or_duplicate,price_breakout,price-breakout-2026-08-31.md
SR-突破策略-SR-Breakout-Strategy.md,variant_or_duplicate,price_breakout,price-breakout-2026-08-31.md
动态区间突破策略Dynamic-Range-Breakout-Strategy.md,variant_or_duplicate,price_breakout,price-breakout-2026-08-31.md
Renko反转价格突破交易策略Renko-Reversal-Price-Breakout-Trading-Strategy.md,variant_or_duplicate,price_breakout,price-breakout-2026-08-31.md
波动率动量突破交易策略结合趋势和动量过滤-Volatility-Momentum-Breakout-Strategy-with-Trend-and-Momentum-Filters.md,variant_or_duplicate,price_breakout,price-breakout-2026-08-31.md
唐奇安通道突破趋势跟踪策略Donchian-Channel-Breakout-Strategy.md,variant_or_duplicate,price_breakout,price-breakout-2026-08-31.md
两重分形突破策略Double-Fractal-Breakout-Strategy.md,variant_or_duplicate,price_breakout,price-breakout-2026-08-31.md
基于箱体突破的银弹策略Box-Breakout-Based-Silver-Bullet-Strategy.md,variant_or_duplicate,price_breakout,price-breakout-2026-08-31.md
突破追踪止损V2策略Qullamaggie-Breakout-V2-Strategy.md,variant_or_duplicate,price_breakout,price-breakout-2026-08-31.md
多周期开盘区间突破策略限价入场与自动止盈止损管理系统-Multi-Timeframe-Opening-Range-Breakout-Strategy-with-Limit-Entry-and-Automated-Risk-Management.md,variant_or_duplicate,price_breakout,price-breakout-2026-08-31.md
顺势突破-动量止损策略Momentum-Breakout-Strategy-with-Volatility-Stop.md,variant_or_duplicate,price_breakout,price-breakout-2026-08-31.md
月度抛物线突破策略Monthly-Parabolic-Breakout-Strategy.md,variant_or_duplicate,price_breakout,price-breakout-2026-08-31.md
黄金抛物线突破策略Golden-Parabola-Breakout-Strategy.md,variant_or_duplicate,price_breakout,price-breakout-2026-08-31.md
动态价格区间突破交易策略基于支撑阻力位的量化系统-Dynamic-Price-Zone-Breakout-Trading-Strategy-Based-on-Support-and-Resistance-Quantitative-System.md,variant_or_duplicate,price_breakout,price-breakout-2026-08-31.md
多重趋势突破动量交易策略-Multi-Trend-Breakout-Momentum-Trading-Strategy.md,variant_or_duplicate,price_breakout,price-breakout-2026-08-31.md
震荡突破策略Zigzag-Breakout-Strategy.md,variant_or_duplicate,price_breakout,price-breakout-2026-08-31.md
高级时间框架Fibonacci回撤与高低点条件突破交易系统-Advanced-Timeframe-Fibonacci-Retracement-with-High-Low-Breakout-Trading-System.md,variant_or_duplicate,price_breakout,price-breakout-2026-08-31.md
动量突破卡玛拉支撑策略Momentum-Breakout-Camarilla-Support-Strategy.md,variant_or_duplicate,price_breakout,price-breakout-2026-08-31.md
动量突破双向跟踪策略Momentum-Breakout-Bi-directional-Tracking-Strategy.md,variant_or_duplicate,price_breakout,price-breakout-2026-08-31.md
多指标突破与反转交易策略结合开盘价区间优化的双重进场系统-Multi-Indicator-Breakout-and-Reversal-Trading-Strategy-A-Dual-Entry-System-with-Opening-Range-Optimization.md,variant_or_duplicate,price_breakout,price-breakout-2026-08-31.md
基于波浪趋势动量突破的自适应多周期交易策略-Adaptive-Multi-Period-Trading-Strategy-Based-on-Wave-Trend-Momentum-Breakout.md,variant_or_duplicate,price_breakout,price-breakout-2026-08-31.md
自适应通道突破策略Adaptive-Channel-Breakout-Strategy.md,variant_or_duplicate,price_breakout,price-breakout-2026-08-31.md
日内多头突破策略-Intraday-Bullish-Breakout-Strategy.md,variant_or_duplicate,price_breakout,price-breakout-2026-08-31.md
基于动量突破策略The-Momentum-Breakout-Strategy.md,variant_or_duplicate,price_breakout,price-breakout-2026-08-31.md
多时间周期动量突破策略Multi-Timeframe-Momentum-Breakout-Strategy.md,variant_or_duplicate,price_breakout,price-breakout-2026-08-31.md
双确认唐奇安通道趋势策略Dual-Confirmation-Donchian-Channel-Trend-Strategy.md,variant_or_duplicate,price_breakout,price-breakout-2026-08-31.md
三角形突破趋势追踪策略Triangle-Breakout-Trend-Following-Strategy.md,variant_or_duplicate,price_breakout,price-breakout-2026-08-31.md
波动突破交易策略Volatility-Breakout-Trading-Strategy.md,variant_or_duplicate,price_breakout,price-breakout-2026-08-31.md
20水平突破策略20-Level-Breakout-Strategy.md,variant_or_duplicate,price_breakout,price-breakout-2026-08-31.md
多重指标趋势突破量化交易策略-Multi-Indicator-Trend-Breakout-Quantitative-Trading-Strategy.md,variant_or_duplicate,price_breakout,price-breakout-2026-08-31.md
基于压缩动量指标的趋势追踪策略Momentum-Squeeze-Breakout-Trend-Tracking-Strategy.md,variant_or_duplicate,price_breakout,price-breakout-2026-08-31.md
三次蜡烛突破动量平滑平均交易策略-Triple-Candle-Breakout-Momentum-Heikin-Ashi-Trading-System.md,variant_or_duplicate,price_breakout,price-breakout-2026-08-31.md
日K线突破策略Daily-Breakout-Strategy.md,variant_or_duplicate,price_breakout,price-breakout-2026-08-31.md
BTST高概率突破策略与精选股票筛选系统-BTST-High-Probability-Breakout-Strategy-with-Selective-Stock-Screening-System.md,variant_or_duplicate,price_breakout,price-breakout-2026-08-31.md
单边趋势震荡突破策略Single-Side-Trend-Shock-Breakout-Strategy.md,variant_or_duplicate,price_breakout,price-breakout-2026-08-31.md
唐奇安基于价格通道突破的量化交易策略Donchian-Channels-Breakout-Quantitative-Trading-Strategy.md,variant_or_duplicate,price_breakout,price-breakout-2026-08-31.md
基于历史新高突破的买入策略Buying-Strategy-Based-on-Historical-High-Breakout.md,variant_or_duplicate,price_breakout,price-breakout-2026-08-31.md
买盘中的均线突破策略Mean-Reversal-Breakout-Strategy.md,variant_or_duplicate,price_breakout,price-breakout-2026-08-31.md
突破区间动量交易策略-Breakout-Zone-Momentum-Trading-Strategy.md,variant_or_duplicate,price_breakout,price-breakout-2026-08-31.md
通过计算价格波动性趋势突破策略Trend-Breakout-Strategy.md,variant_or_duplicate,price_breakout,price-breakout-2026-08-31.md
基于区间突破的双向趋势追踪策略Dual-directional-Trend-Tracking-Strategy-Based-on-Range-Breakout.md,variant_or_duplicate,price_breakout,price-breakout-2026-08-31.md
15分钟图表吞没突破多重确认策略-15-Minute-Engulfing-Breakout-Multi-Confirmation-Strategy.md,variant_or_duplicate,price_breakout,price-breakout-2026-08-31.md
动量突破交易策略Momentum-Breakout-Strategy.md,variant_or_duplicate,price_breakout,price-breakout-2026-08-31.md
内部收敛突破策略Inside-Bar-Breakout-Strategy.md,variant_or_duplicate,price_breakout,price-breakout-2026-08-31.md
动态趋势线突破反转交易策略-Dynamic-Trendline-Breakout-Reversal-Trading-Strategy.md,variant_or_duplicate,price_breakout,price-breakout-2026-08-31.md
坚果123反转与突破范围短线交易策略Peanut-123-Reversal-and-Breakout-Range-Short-term-Trading-Strategy.md,variant_or_duplicate,price_breakout,price-breakout-2026-08-31.md
范围突破动量跟踪策略Range-Breakout-Momentum-Tracking-Strategy.md,variant_or_duplicate,price_breakout,price-breakout-2026-08-31.md
基于价格区间和突破的高效量化交易策略Price-Range-and-Breakout-Based-Efficient-Quantitative-Trading-Strategy.md,variant_or_duplicate,price_breakout,price-breakout-2026-08-31.md
两阶跨度突破策略Two-Stage-Breakout-Strategy.md,variant_or_duplicate,price_breakout,price-breakout-2026-08-31.md
Support-Resistance-breakout.md,variant_or_duplicate,price_breakout,price-breakout-2026-08-31.md
一种趋势追踪突破回调策略Breakout-Pullback-Strategy.md,variant_or_duplicate,price_breakout,price-breakout-2026-08-31.md
标准分数价格突破策略Z-Score-Price-Breakout-Strategy.md,variant_or_duplicate,price_breakout,price-breakout-2026-08-31.md
高级区间突破多时间周期交易策略-Advanced-Multi-Timeframe-Range-Breakout-Trading-Strategy.md,variant_or_duplicate,price_breakout,price-breakout-2026-08-31.md
价格通道趋势跟踪策略trend-following-strategy-based-on-Donchian-Channels.md,variant_or_duplicate,price_breakout,price-breakout-2026-08-31.md
多种技术指标动量突破策略multiple-technical-indicators-Momentum-Breakout-Strategy.md,variant_or_duplicate,price_breakout,price-breakout-2026-08-31.md
突破追踪策略Breakout-Tracking-Strategy.md,variant_or_duplicate,price_breakout,price-breakout-2026-08-31.md
动态阈值价格变化突破策略-Dynamic-Threshold-Price-Change-Breakout-Strategy.md,variant_or_duplicate,price_breakout,price-breakout-2026-08-31.md
自动支撑-阻力策略Auto-S-R-Breakout-Strategy.md,variant_or_duplicate,price_breakout,price-breakout-2026-08-31.md
交叉突破策略Crossing-the-Breakout-Strategy.md,variant_or_duplicate,price_breakout,price-breakout-2026-08-31.md
Cryptocurrency动量突破策略Cryptocurrency-Momentum-Breakout-Strategy.md,variant_or_duplicate,price_breakout,price-breakout-2026-08-31.md
渐积突破交易策略Gradual-Accumulation-Breakout-Trading-Strategy.md,variant_or_duplicate,price_breakout,price-breakout-2026-08-31.md
多重指标动量突破趋势交易策略-Multi-Indicator-Momentum-Breakout-Trend-Trading-Strategy.md,variant_or_duplicate,price_breakout,price-breakout-2026-08-31.md
Donchian-Breakout-no-repaint.md,variant_or_duplicate,price_breakout,price-breakout-2026-08-31.md
高级价格行情突破与反转检测策略-Advanced-Price-Action-Breakout-and-Reversal-Detection-Strategy.md,variant_or_duplicate,price_breakout,price-breakout-2026-08-31.md
价格突破策略Amazing-Price-Breakout-Strategy.md,variant_or_duplicate,price_breakout,price-breakout-2026-08-31.md
唐奇安波动通道交易策略Donchian-Channel-Breakout-Trading-Strategy.md,variant_or_duplicate,price_breakout,price-breakout-2026-08-31.md
Darvas-Box-Breakout-and-Risk-Management-Strategy-Darvas-盒子突破与风险管理策略.md,variant_or_duplicate,price_breakout,price-breakout-2026-08-31.md
基于会话突破的短线扩散交易策略Session-Breakout-Scalping-Strategy.md,variant_or_duplicate,price_breakout,price-breakout-2026-08-31.md
震荡型通道突破策略Oscillating-Channel-Breakout-Strategy.md,variant_or_duplicate,price_breakout,price-breakout-2026-08-31.md
基于向量蜡烛图的通道突破与自定义ChoCH策略-Vector-Candle-based-Channel-Breakout-and-Custom-ChoCH-Strategy.md,variant_or_duplicate,price_breakout,price-breakout-2026-08-31.md
早盘区间突破量化交易策略-Early-Morning-Range-Breakout-Quantitative-Trading-Strategy.md,variant_or_duplicate,price_breakout,price-breakout-2026-08-31.md
动态支持阻力突破趋势策略Dynamic-Support-Resistance-Breakout-Trend-Strategy.md,variant_or_duplicate,price_breakout,price-breakout-2026-08-31.md
海龟突破策略Turtle-Breakout-Strategy.md,variant_or_duplicate,price_breakout,price-breakout-2026-08-31.md
自适应标准差突破交易策略基于动态波动率的多周期优化系统-Adaptive-Standard-Deviation-Breakout-Trading-Strategy-Multi-Period-Optimization-System-Based-on-Dynamic-Volatility.md,variant_or_duplicate,price_breakout,price-breakout-2026-08-31.md
摆动点突破交易策略Swing-Points-Breakout-Trading-Strategy.md,variant_or_duplicate,price_breakout,price-breakout-2026-08-31.md
突破追踪策略Qullamaggie-Breakout-Tracking-Strategy.md,variant_or_duplicate,price_breakout,price-breakout-2026-08-31.md
基于布林带和卡尔金通道的动量挤压策略Squeeze-Momentum-Breakout-Strategy.md,variant_or_duplicate,price_breakout,price-breakout-2026-08-31.md
动量突破优化趋势跟踪策略Momentum-Breakout-Optimization.md,variant_or_duplicate,price_breakout,price-breakout-2026-08-31.md
双Gann通道突破买卖策略Gann-Double-Channel-Breakout-Trading-Strategy.md,variant_or_duplicate,price_breakout,price-breakout-2026-08-31.md
基于风险回报比和技术分析的牛旗突破策略-Risk-Reward-Ratio-and-Technical-Analysis-Based-Bull-Flag-Breakout-Strategy.md,variant_or_duplicate,price_breakout,price-breakout-2026-08-31.md
SAR动态追踪突破三均线策略Parabolic-SAR-Dynamic-Breakout-Triple-SMMA-Strategy.md,variant_or_duplicate,price_breakout,price-breakout-2026-08-31.md
动态通道突破策略Dynamic-Channel-Breakout-Strategy.md,variant_or_duplicate,price_breakout,price-breakout-2026-08-31.md
斐波那契黄金和谐突破策略-Fibonacci-Golden-Harmony-Breakout-Strategy.md,variant_or_duplicate,price_breakout,price-breakout-2026-08-31.md
威廉姆斯9日趋势突破策略Williams-9-Days-Breakout-Strategy.md,variant_or_duplicate,price_breakout,price-breakout-2026-08-31.md
理查德布克斯塔伯动量突破策略Richard-Bookstaber-Momentum-Breakout-Strategy.md,variant_or_duplicate,price_breakout,price-breakout-2026-08-31.md
基于趋势跟踪型突破策略Trend-Tracking-Breakout-Strategy.md,variant_or_duplicate,price_breakout,price-breakout-2026-08-31.md
追随趋势动量突破策略Momentum-Breakout-Strategy.md,variant_or_duplicate,price_breakout,price-breakout-2026-08-31.md
唐奇安通道趋势跟踪策略Donchian-Channel-Trend-Tracking-Strategy.md,variant_or_duplicate,price_breakout,price-breakout-2026-08-31.md
双唐奇安通道突破策略Double-Donchian-Channel-Breakout-Strategy.md,variant_or_duplicate,price_breakout,price-breakout-2026-08-31.md
顺势突破ADX过滤交易策略Momentum-Breakout-Strategy-with-ADX-Filter.md,variant_or_duplicate,price_breakout,price-breakout-2026-08-31.md
兼顾趋势与反转的自适应波动率突破Adaptive-Volatility-Breakout.md,variant_or_duplicate,price_breakout,price-breakout-2026-08-31.md
趋势追踪突破策略Gold-Silver-30m-Trend-Following-Breakout-Strategy.md,variant_or_duplicate,price_breakout,price-breakout-2026-08-31.md
收盘突破日内交易策略Breakout-Day-Trading-Strategy.md,variant_or_duplicate,price_breakout,price-breakout-2026-08-31.md
开仓高收盘低吃单交易策略Open-High-Close-Low-Breakout-Trading-Strategy.md,variant_or_duplicate,price_breakout,price-breakout-2026-08-31.md
多重订单突破趋势跟踪策略-Multi-Order-Breakout-Trend-Following-Strategy.md,variant_or_duplicate,price_breakout,price-breakout-2026-08-31.md
跨越式价格突破趋势策略基于多周期关键价格水平的量化交易系统-Multi-Period-Price-Level-Breakout-Trend-Trading-System-Based-on-Key-Price-Levels.md,variant_or_duplicate,price_breakout,price-breakout-2026-08-31.md
适应性变动性突破策略Adaptive-Volatility-Breakout-Strategy.md,variant_or_duplicate,price_breakout,price-breakout-2026-08-31.md
唐奇安通道和拉里威廉斯大交易指数策略-Donchian-Channel-and-Larry-Williams-Large-Trade-Index-Strategy.md,variant_or_duplicate,price_breakout,price-breakout-2026-08-31.md
坎普敦15分钟蜡烛突破策略Cape-Town-15-min-Candle-Breakout-Strategy.md,variant_or_duplicate,price_breakout,price-breakout-2026-08-31.md
突破交易策略Breakout-Trading-Strategy.md,variant_or_duplicate,price_breakout,price-breakout-2026-08-31.md
逆势突破交易系统基于多日价格模式与波动率过滤的量化策略-Counter-Trend-Breakout-Trading-System-A-Quantitative-Strategy-Based-on-Multi-Day-Price-Patterns-and-Volatility-Filtering.md,variant_or_duplicate,price_breakout,price-breakout-2026-08-31.md
多周期斐波那契回撤结合趋势突破交易策略-Multi-Timeframe-Fibonacci-Retracement-with-Trend-Breakout-Trading-Strategy.md,variant_or_duplicate,price_breakout,price-breakout-2026-08-31.md
突破通道趋势追踪策略Trend-Tracking-Strategy-Based-on-Channel-Breakouts.md,variant_or_duplicate,price_breakout,price-breakout-2026-08-31.md
高低位突破量化策略High-Low-Breakout-for-Quantitative-Trading.md,variant_or_duplicate,price_breakout,price-breakout-2026-08-31.md
基于突破范围的多头交易策略Long-Breakout-Range-Trading-Strategy.md,variant_or_duplicate,price_breakout,price-breakout-2026-08-31.md
唐安奇海龟交易策略Turtle-Trading-Strategy-Based-on-Donchian-Channels.md,variant_or_duplicate,price_breakout,price-breakout-2026-08-31.md
光环突破策略Glory-Hole-Breakout-Strategy.md,variant_or_duplicate,price_breakout,price-breakout-2026-08-31.md
动态突破追踪止损交易策略基于波动率的多周期价格突破模型-Dynamic-Breakout-Trading-Strategy-with-Multi-Period-Volatility-Based-Price-Breakthrough-Model.md,variant_or_duplicate,price_breakout,price-breakout-2026-08-31.md
基于意义柱线过滤的突破累积策略AlexIncs-Bar-v12-Breakout-Accumulation-Strategy-Based-on-Meaningful-Bar-Filtering.md,variant_or_duplicate,price_breakout,price-breakout-2026-08-31.md
黄金快速突破策略Breakout-Scalper-Catching-Trend-Changes-Quickly.md,variant_or_duplicate,price_breakout,price-breakout-2026-08-31.md
利用价格动量指标实现的趋势跟踪策略Momentum-Breakout-Strategy.md,variant_or_duplicate,price_breakout,price-breakout-2026-08-31.md
大幅波动突破型双向交易策略基于点位阈值的多空进场系统-Large-Volatility-Breakout-Dual-Direction-Trading-Strategy-Point-Based-Threshold-Entry-System.md,variant_or_duplicate,price_breakout,price-breakout-2026-08-31.md
基于海龟交易法的突破策略Breakout-Strategy-Based-on-Turtle-Trading.md,variant_or_duplicate,price_breakout,price-breakout-2026-08-31.md
威利旺卡突破策略Willy-Wonka-Breakout-Strategy.md,variant_or_duplicate,price_breakout,price-breakout-2026-08-31.md
Donchian突破交易策略-Donchian-Breakout-Trading-Strategy.md,variant_or_duplicate,price_breakout,price-breakout-2026-08-31.md
月光追踪者双三角突破策略Moonshot-Dual-Triangle-Breakout-Strategy.md,variant_or_duplicate,price_breakout,price-breakout-2026-08-31.md
动态震荡突破策略Dynamic-Oscillation-Breakout-Strategy.md,variant_or_duplicate,price_breakout,price-breakout-2026-08-31.md
反转趋势突破策略Reversal-Breakout-Trend-Strategy.md,variant_or_duplicate,price_breakout,price-breakout-2026-08-31.md
追踪昨日高点策略Yesterdays-High-Breakout-Trend-Following-Strategy.md,variant_or_duplicate,price_breakout,price-breakout-2026-08-31.md
基于随机慢速指标的交易策略KRK-ADA-1H-Stochastic-Slow-Strategy-with-More-Entries-and-AI.md,normalized_candidate,stochastic,stochastic-2026-08-31.md
基于STOCH交易策略的自动交易-Auto-Trading-Strategy-Based-on-STOCH.md,variant_or_duplicate,stochastic,stochastic-2026-08-31.md
双重策略组合-随机慢速指标与相对强弱指标Double-Strategy-Combination-Stochastic-Slow-and-Relative-Strength-Index.md,variant_or_duplicate,stochastic,stochastic-2026-08-31.md
双重Stochastic底部反转策略Combined-Stochastic-Oscillator-and-123-Reversal-Strategy.md,variant_or_duplicate,stochastic,stochastic-2026-08-31.md
基于Stochastic指标的周期性期权交易策略Stochastic-Weekly-Options-Trading-Strategy.md,variant_or_duplicate,stochastic,stochastic-2026-08-31.md
Kifier隐藏式MFI-STOCH指标交易-趋势操盘策略Kifiers-Hidden-MFI-STOCH-Divergence-Trend-Breaker-Trading-Strategy.md,variant_or_duplicate,stochastic,stochastic-2026-08-31.md
随机OTT交易策略Stochastic-OTT-Trading-Strategy.md,variant_or_duplicate,stochastic,stochastic-2026-08-31.md
双随机震荡指数策略Dual-Stochastic-Oscillator-Strategy.md,variant_or_duplicate,stochastic,stochastic-2026-08-31.md
平均随机指标交易策略Average-Stochastic-Trading-Strategy.md,variant_or_duplicate,stochastic,stochastic-2026-08-31.md
测试-关于使用kdj与vol量筛选可能会涨的币种.md,variant_or_duplicate,stochastic,stochastic-2026-08-31.md
指数平滑随机指标异动策略Exponential-Smoothed-Stochastic-Oscillator-Strategy.md,variant_or_duplicate,stochastic,stochastic-2026-08-31.md
增强型动量震荡与随机背离量化交易策略-Enhanced-Momentum-Oscillator-and-Stochastic-Divergence-Quantitative-Trading-Strategy.md,variant_or_duplicate,stochastic,stochastic-2026-08-31.md
双时间周期随机指标动量交易策略-Dual-Timeframe-Stochastic-Momentum-Trading-Strategy.md,variant_or_duplicate,stochastic,stochastic-2026-08-31.md
Stochastic动量突破策略Stochastic-Momentum-Breakout-Strategy.md,variant_or_duplicate,stochastic,stochastic-2026-08-31.md
基于随机指标与烛台模式的自动化市场反转交易策略-Automated-Market-Reversal-Trading-Strategy-Based-on-Stochastic-Indicator-and-Candlestick-Patterns.md,variant_or_duplicate,stochastic,stochastic-2026-08-31.md
随机指标双轨突破策略Stochastic-Oscillator-Band-Breakout-Strategy.md,variant_or_duplicate,stochastic,stochastic-2026-08-31.md
双重随机滤波器敏锐离散分析策略Awesome-Oscillator-Double-Stochastic-Filtered-Divergence-Trading-Strategy.md,variant_or_duplicate,stochastic,stochastic-2026-08-31.md
慢速随机指标趋势追踪策略Slow-Stochastic-Trend-Following-Strategy.md,variant_or_duplicate,stochastic,stochastic-2026-08-31.md
三重叠加随机动量策略Triple-Overlapping-Stochastic-Momentum-Strategy.md,variant_or_duplicate,stochastic,stochastic-2026-08-31.md
多周期趋势跟踪与随机震荡优化策略-Multi-Timeframe-Trend-Following-with-Stochastic-Oscillator-Strategy.md,variant_or_duplicate,stochastic,stochastic-2026-08-31.md
基于随机振荡指标的波动区间交易策略-Volatility-Range-Trading-Strategy-Based-on-Stochastic-Oscillator.md,variant_or_duplicate,stochastic,stochastic-2026-08-31.md
基于波动率指标和随机指标的多时间周期交易策略The-Multi-Period-Trading-Strategy-Based-on-Volatility-Index-and-Stochastic-Oscillator.md,variant_or_duplicate,stochastic,stochastic-2026-08-31.md
趋势确认随机震荡策略ADX与随机指标结合的动态市场识别系统-Trend-Confirmation-Stochastic-Oscillation-Strategy-Dynamic-Market-Identification-System-Combining-ADX-and-Stochastic-Indicators.md,variant_or_duplicate,stochastic,stochastic-2026-08-31.md
基于Stochastic指标和CCI指标的趋势跟踪策略Trend-Following-Strategy-Based-on-Stochastic-and-CCI.md,variant_or_duplicate,stochastic,stochastic-2026-08-31.md
双平滑随机指数布雷瑟策略Dual-Smoothed-Stochastic-Bressert-Strategy.md,variant_or_duplicate,stochastic,stochastic-2026-08-31.md
Nik-Stoch.md,variant_or_duplicate,stochastic,stochastic-2026-08-31.md
多时框随机震荡指标策略与趋势确认交易系统-Multi-Timeframe-Stochastic-Oscillator-Strategy-with-Trend-Confirmation-Trading-System.md,variant_or_duplicate,stochastic,stochastic-2026-08-31.md
多重时间框架自适应动态KDJ指标策略-Multi-Timeframe-Adaptive-Dynamic-KDJ-Indicator-Strategy.md,variant_or_duplicate,stochastic,stochastic-2026-08-31.md
随机Fisher变换临时停止反转STOCH指标量化策略Random-Fisher-Transform-Temporary-Stop-Reverse-STOCH-Indicator-Quantitative-Strategy.md,variant_or_duplicate,stochastic,stochastic-2026-08-31.md
5分钟K线KDJ指标动态响应交易策略-5-Minute-KDJ-Indicator-Dynamic-Response-Trading-Strategy.md,variant_or_duplicate,stochastic,stochastic-2026-08-31.md
动态趋势反转与随机指标结合的自适应交易策略-Adaptive-Trading-Strategy-Combining-Dynamic-Trend-Reversal-and-Stochastic-Indicator.md,variant_or_duplicate,stochastic,stochastic-2026-08-31.md
双随机动能指标筛选策略Stochastic-Momentum-Dual-Indicators-Strategy.md,variant_or_duplicate,stochastic,stochastic-2026-08-31.md
stoch-supertrd-atr-200ma.md,variant_or_duplicate,stochastic,stochastic-2026-08-31.md
多重随机震荡策略与动量分析系统-Multi-Stochastic-Oscillation-and-Momentum-Analysis-System.md,variant_or_duplicate,stochastic,stochastic-2026-08-31.md
相对强弱指标的量化交易策略Stochastic-Momentum-Strategy.md,variant_or_duplicate,stochastic,stochastic-2026-08-31.md
基于Stochastic-Index指标的短线交易策略Short-term-Trading-Strategy-Based-on-Stochastic-Index.md,variant_or_duplicate,stochastic,stochastic-2026-08-31.md
纯Stochastic多头交易策略Pure-Stochastic-Long-Only-Strategy.md,variant_or_duplicate,stochastic,stochastic-2026-08-31.md
基于随机转向因子和关键反转信号的组合反转策略Combination-Reversal-Strategy-Based-on-Stochastic-Turnaround-Factor-and-Key-Reversal-Signal.md,variant_or_duplicate,stochastic,stochastic-2026-08-31.md
KDJ阳线突破买入策略KDJ-Golden-Cross-Long-Entry-Strategy.md,variant_or_duplicate,stochastic,stochastic-2026-08-31.md
随机漩涡策略Stochastic-Vortex-Strategy.md,variant_or_duplicate,stochastic,stochastic-2026-08-31.md
双重随机策略Dual-Stochastics-Strategy.md,variant_or_duplicate,stochastic,stochastic-2026-08-31.md
基于随机力矩指标的量化交易策略Quantitative-Trading-Strategy-Based-on-Stochastics-Momentum-Index.md,variant_or_duplicate,stochastic,stochastic-2026-08-31.md
基于Parabolic-SARStoch和Security指标的多时间框架量化交易策略Parabolic-SAR-Stoch-and-Security-Indicator-Based-Multi-Timeframe-Quantitative-Trading-Strategy.md,variant_or_duplicate,stochastic,stochastic-2026-08-31.md
多时框随机震荡趋势跟踪交易策略-Multi-Timeframe-Stochastic-Oscillator-Trend-Following-Trading-Strategy.md,variant_or_duplicate,stochastic,stochastic-2026-08-31.md
多重级别ZigZag百分比回撤与随机指标结合交易策略-Multi-Level-ZigZag-Percentage-Retracement-with-Stochastic-Trading-Strategy.md,variant_or_duplicate,stochastic,stochastic-2026-08-31.md
基于-Stochastics-Momentum-Index-的趋势追踪策略Momentum-Surfer-Strategy-Based-on-Stochastics-Momentum-Index.md,variant_or_duplicate,stochastic,stochastic-2026-08-31.md
埃勒斯-费希尔相对活力指数策略Ehlers-Fisher-Stochastic-Relative-Vigor-Index-Strategy.md,variant_or_duplicate,stochastic,stochastic-2026-08-31.md
多时间框架随机指数均线策略Multi-Timeframe-Stochastic-Strategy.md,variant_or_duplicate,stochastic,stochastic-2026-08-31.md
埃勒斯随机周期量化交易策略Ehlers-Stochastic-Cyber-Cycle-Strategy.md,variant_or_duplicate,stochastic,stochastic-2026-08-31.md
多参数随机震荡智能趋势交易策略-Multi-Parameter-Stochastic-Intelligent-Trend-Trading-Strategy.md,variant_or_duplicate,stochastic,stochastic-2026-08-31.md
多重动量指标趋势追踪量化交易策略-Multi-Momentum-Indicator-Trend-Tracking-Quantitative-Trading-Strategy.md,normalized_candidate,momentum,momentum-2026-08-31.md
个性化动量交易策略Personalized-Momentum-Trading-Strategy.md,variant_or_duplicate,momentum,momentum-2026-08-31.md
Momentum-20.md,variant_or_duplicate,momentum,momentum-2026-08-31.md
动量指标波动阈值增强型交易策略-Momentum-Indicator-Oscillation-Threshold-Enhanced-Trading-Strategy.md,variant_or_duplicate,momentum,momentum-2026-08-31.md
动量突破TTM策略Momentum-Breakthrough-TTM-Strategy.md,variant_or_duplicate,momentum,momentum-2026-08-31.md
多指标综合交易策略动量超买超卖与波动率的完美结合-Multi-Indicator-Comprehensive-Trading-Strategy-Perfect-Combination-of-Momentum-Overbought-Oversold-and-Volatility.md,variant_or_duplicate,momentum,momentum-2026-08-31.md
SSL动量指标组合交易策略SSL-Momentum-Combo-Trading-Strategy.md,variant_or_duplicate,momentum,momentum-2026-08-31.md
双向追Momentum止盈止损策略Consecutive-Up-Down-Strategy-with-Reverse-and-SL-TP-Extension.md,variant_or_duplicate,momentum,momentum-2026-08-31.md
超趋动量波动双重指标择时策略Quadratic-Momentum-Double-Indicators-Timing-Strategy.md,variant_or_duplicate,momentum,momentum-2026-08-31.md
懒熊动量挤压策略Lazy-Bear-Squeeze-Momentum-Strategy.md,variant_or_duplicate,momentum,momentum-2026-08-31.md
基于动量与波动率的趋势突破交易策略-Momentum-and-Volatility-Based-Trend-Breakthrough-Trading-Strategy.md,variant_or_duplicate,momentum,momentum-2026-08-31.md
基于动量顺势策略Momentum-Trend-Following-Strategy.md,variant_or_duplicate,momentum,momentum-2026-08-31.md
动量振荡枯竭策略Momentum-Exhaustion-Strategy.md,variant_or_duplicate,momentum,momentum-2026-08-31.md
动量突破金叉策略Momentum-Breakthrough-Golden-Cross-Strategy.md,variant_or_duplicate,momentum,momentum-2026-08-31.md
动量孔隙交易策略Momentum-Gap-Trading-Strategy.md,variant_or_duplicate,momentum,momentum-2026-08-31.md
RedK-Momentum-Bars.md,variant_or_duplicate,momentum,momentum-2026-08-31.md
动量指标多空策略Momentum-Indicator-Long-Short-Strategy.md,variant_or_duplicate,momentum,momentum-2026-08-31.md
高频翻转百分比追踪动量策略-High-Frequency-Flip-Percentage-Tracking-Momentum-Strategy.md,variant_or_duplicate,momentum,momentum-2026-08-31.md
零延迟趋势动量指标交易策略-Zero-Lag-Trend-Momentum-Indicator-Trading-Strategy.md,variant_or_duplicate,momentum,momentum-2026-08-31.md
动量位置型NoroBands波段策略NoroBands-Momentum-Position-Strategy.md,variant_or_duplicate,momentum,momentum-2026-08-31.md
基于动量震荡交易策略Momentum-Swing-Trading-Strategy.md,variant_or_duplicate,momentum,momentum-2026-08-31.md
Squeeze-Momentum-Indicator.md,variant_or_duplicate,momentum,momentum-2026-08-31.md
基于趋势动量的量化交易策略Quantitative-Momentum-Trend-Trading-Strategy.md,variant_or_duplicate,momentum,momentum-2026-08-31.md
多时间框架融合型动量捕捉自动交易策略-Multi-Timeframe-Momentum-Confluence-Automated-Trading-Strategy.md,variant_or_duplicate,momentum,momentum-2026-08-31.md
智能动量混合指标零日期权策略模型-Intelligent-Momentum-Mixed-Indicator-Zero-Day-Options-Strategy-Model.md,variant_or_duplicate,momentum,momentum-2026-08-31.md
基于CMO和WMA的动量交易策略Momentum-Trading-Strategy-Based-on-CMO-and-WMA.md,variant_or_duplicate,momentum,momentum-2026-08-31.md
动量策略Momentum-Strategy.md,variant_or_duplicate,momentum,momentum-2026-08-31.md
动量趋势跟踪交易策略Momentum-Trend-Following-Trading-Strategy.md,variant_or_duplicate,momentum,momentum-2026-08-31.md
动量指标和趋势跟踪趋势策略Momentum-Trend-Strategy.md,variant_or_duplicate,momentum,momentum-2026-08-31.md
甲易炳量化趋势动量交易策略JiaYiBing-Quantitative-Trend-Momentum-Trading-Strategy.md,variant_or_duplicate,momentum,momentum-2026-08-31.md
基于相对动量策略The-relative-momentum-strategy.md,variant_or_duplicate,momentum,momentum-2026-08-31.md
动量自适应高斯通道多周期策略-Momentum-Adaptive-Gaussian-Channel-Multi-Period-Strategy.md,variant_or_duplicate,momentum,momentum-2026-08-31.md
超级动量策略Super-Momentum-Strategy.md,variant_or_duplicate,momentum,momentum-2026-08-31.md
多因子自适应动量追踪策略Multi-factor-Adaptive-Momentum-Tracking-Strategy.md,variant_or_duplicate,momentum,momentum-2026-08-31.md
动量指标驱动的趋势跟踪交易策略Momentum-Indicator-Driven-Trend-Following-Trading-Strategy.md,variant_or_duplicate,momentum,momentum-2026-08-31.md
动量双滑窗TSI指标Momentum-Dual-Moving-Window-TSI-Indicator.md,variant_or_duplicate,momentum,momentum-2026-08-31.md
动量商品选择指数策略Commodity-Momentum-Index-Strategy.md,variant_or_duplicate,momentum,momentum-2026-08-31.md
趋势追踪型RafaelZioni动量策略RafaelZioni-Momentum-Trend-Following-Strategy.md,variant_or_duplicate,momentum,momentum-2026-08-31.md
双速率变化量动量指标交易策略Dual-Rate-of-Change-Momentum-Indicator-Trading-Strategy.md,variant_or_duplicate,momentum,momentum-2026-08-31.md
动量趋势跟踪策略Momentum-Trend-Tracking-Strategy.md,variant_or_duplicate,momentum,momentum-2026-08-31.md
动量捕捉通道策略Momentum-Capture-Channel-Strategy.md,variant_or_duplicate,momentum,momentum-2026-08-31.md
动量市场情绪指标策略Momentum-Market-Sentiment-Indicator-Strategy.md,variant_or_duplicate,momentum,momentum-2026-08-31.md
动量平均倒数救济拉回策略Momentum-Average-Inverse-Relief-Pullback-Strategy.md,variant_or_duplicate,momentum,momentum-2026-08-31.md
趋势动量策略-之字形多重周期动态波段择时系统-Trend-Momentum-Strategy-Multi-Period-Dynamic-ZigZag-Wave-Timing-System.md,variant_or_duplicate,momentum,momentum-2026-08-31.md
多维趋势动量价值过滤交易策略-Multi-Dimensional-Trend-Momentum-Value-Filtering-Trading-Strategy.md,variant_or_duplicate,momentum,momentum-2026-08-31.md
多时标自适应震荡轮廓跟踪策略LPB-Microcycles-Adaptive-Oscillation-Contour-Tracking-Strategy.md,variant_or_duplicate,momentum,momentum-2026-08-31.md
运用Hull移动平均线均势跟踪策略Momentum-Tracking-Strategy.md,variant_or_duplicate,momentum,momentum-2026-08-31.md
动量跟随的Schaff趋势循环策略Schaff-Trend-Cycle-Momentum-Following-Strategy.md,variant_or_duplicate,momentum,momentum-2026-08-31.md
双指标动量趋势量化策略系统-Dynamic-Dual-Indicator-Momentum-Trend-Quantitative-Strategy-System.md,variant_or_duplicate,momentum,momentum-2026-08-31.md
双区间滤波动量交易策略-Dual-Range-Filter-Momentum-Trading-Strategy.md,variant_or_duplicate,momentum,momentum-2026-08-31.md
动态趋势动量优化策略结合G通道指标-Dynamic-Trend-Momentum-Optimization-Strategy-with-G-Channel-Indicator.md,variant_or_duplicate,momentum,momentum-2026-08-31.md
震荡K线量化交易策略Oscillator-Candles-Momentum-Trading-Strategy.md,variant_or_duplicate,momentum,momentum-2026-08-31.md
Pivot-and-Momentum-Strategy-枢轴动量策略.md,variant_or_duplicate,momentum,momentum-2026-08-31.md
动量均衡通道趋势追踪策略-Momentum-Equilibrium-Channel-Trend-Tracking-Strategy.md,variant_or_duplicate,momentum,momentum-2026-08-31.md
双时间尺度动量策略-Dual-Timeframe-Momentum-Strategy.md,variant_or_duplicate,momentum,momentum-2026-08-31.md
基于LazyBear压缩动量指标的量化交易策略Squeeze-Momentum-Trading-Strategy-Based-on-LazyBear-Indicator.md,variant_or_duplicate,momentum,momentum-2026-08-31.md
动量趋势跟踪策略Momentum-Trend-Following-Strategy.md,variant_or_duplicate,momentum,momentum-2026-08-31.md
基于动量追踪与趋势策略The-Momentum-Tracking-and-Trend-Strategy.md,variant_or_duplicate,momentum,momentum-2026-08-31.md
基于动量爆发跟踪策略The-Momentum-Burst-Tracking-Strategy.md,variant_or_duplicate,momentum,momentum-2026-08-31.md
多指标趋势确认动量交易策略-Multi-Indicator-Trend-Confirmation-Momentum-Trading-Strategy.md,variant_or_duplicate,momentum,momentum-2026-08-31.md
动量震荡交易策略Dynamic-Momentum-Oscillator-Trading-Strategy.md,variant_or_duplicate,momentum,momentum-2026-08-31.md
价格动量追踪策略Price-Momentum-Tracking-Strategy.md,variant_or_duplicate,momentum,momentum-2026-08-31.md
基于多重技术指标的趋势跟踪与动量策略-Multi-Technical-Indicator-Based-Trend-Following-and-Momentum-Strategy.md,variant_or_duplicate,momentum,momentum-2026-08-31.md
基于量化动量和收敛发散的多时间框架统一策略-Multi-Timeframe-Unified-Strategy-Based-on-Quantitative-Momentum-and-Convergence-Divergence.md,variant_or_duplicate,momentum,momentum-2026-08-31.md
动量阈值驱动的平衡力量交易策略-Momentum-Threshold-Driven-Balance-of-Power-Trading-Strategy.md,variant_or_duplicate,momentum,momentum-2026-08-31.md
自适应波动率与动量量化交易系统AVMQTS-Adaptive-Volatility-and-Momentum-Quantitative-Trading-System-AVMQTS.md,variant_or_duplicate,momentum,momentum-2026-08-31.md
动量绝对值指标策略Absolute-Momentum-Indicator-Strategy.md,variant_or_duplicate,momentum,momentum-2026-08-31.md
多时间框架支撑阻力动量短线交易策略与波动率调整风险管理-Multi-Timeframe-Support-Resistance-Momentum-Scalping-Strategy-with-Volatility-Adjusted-Risk-Management.md,variant_or_duplicate,momentum,momentum-2026-08-31.md
动量反转指数策略Relative-Momentum-Index-Strategy.md,variant_or_duplicate,momentum,momentum-2026-08-31.md
道氏理论趋势自适应动量策略Dow-Theory-Trend-Adaptive-Momentum-Strategy.md,variant_or_duplicate,momentum,momentum-2026-08-31.md
多重指标趋势交易系统结合动量分析策略-Multi-Indicator-Trend-Trading-System-with-Momentum-Analysis-Strategy.md,variant_or_duplicate,momentum,momentum-2026-08-31.md
双动量策略Dual-Momentum-Strategy.md,variant_or_duplicate,momentum,momentum-2026-08-31.md
动态动量震荡器交易策略Dynamic-Momentum-Oscillator-Trading-Strategy.md,variant_or_duplicate,momentum,momentum-2026-08-31.md
多重指标趋势识别与动量验证交易策略-Multi-Indicator-Trend-Recognition-and-Momentum-Validation-Trading-Strategy.md,variant_or_duplicate,momentum,momentum-2026-08-31.md
基于动量趋势同步策略Momentum-Trend-Synergy-Strategy.md,variant_or_duplicate,momentum,momentum-2026-08-31.md
多时间尺度动量趋势追踪与风险管理量化交易策略-Multi-Timeframe-Momentum-Trend-Tracking-and-Risk-Management-Quantitative-Trading-Strategy.md,variant_or_duplicate,momentum,momentum-2026-08-31.md
趋势动量渗透指标交易策略-Trend-Momentum-Penetration-Indicator-Trading-Strategy.md,variant_or_duplicate,momentum,momentum-2026-08-31.md
基于动量指标的自适应交易策略Adaptive-Trading-Strategy-Based-on-Momentum-Indicators.md,variant_or_duplicate,momentum,momentum-2026-08-31.md
多重指标协同交易系统-基于趋势动量复合信号策略-Multi-Indicator-Synergy-Trading-System-Trend-Momentum-Composite-Signal-Strategy.md,variant_or_duplicate,momentum,momentum-2026-08-31.md
基于Heikin-Ashi-ROC百分位数的交易策略Heikin-Ashi-ROC-Percentile-Trading-Strategy.md,variant_or_duplicate,momentum,momentum-2026-08-31.md
高级自动交易策略多指标动量和支撑阻力趋势分析系统-Advanced-Automated-Trading-System-Multi-indicator-Momentum-and-Support-Resistance-Trend-Analysis.md,variant_or_duplicate,momentum,momentum-2026-08-31.md
基于动量指标的短期交易策略Short-term-Trading-Strategy-Based-on-Momentum-Indicator.md,variant_or_duplicate,momentum,momentum-2026-08-31.md
量化波浪挤压策略Momentum-Squeeze-Strategy.md,variant_or_duplicate,momentum,momentum-2026-08-31.md
基于动量回踩策略Momentum-Pullback-Strategy.md,variant_or_duplicate,momentum,momentum-2026-08-31.md
Super-BitMoon量化动量交易策略Super-BitMoon-quantitative-momentum-trading-strategy.md,variant_or_duplicate,momentum,momentum-2026-08-31.md
动量与资金流量叉路兑现策略Momentum-and-Money-Flow-Crossroad-Cashing-Strategy.md,variant_or_duplicate,momentum,momentum-2026-08-31.md
动量指标决策交易策略Momentum-Indicator-Decision-Trading-Strategy.md,variant_or_duplicate,momentum,momentum-2026-08-31.md
多时段动态动量波动捕捉策略-Multi-Timeframe-Dynamic-Momentum-Wave-Capture-Strategy.md,variant_or_duplicate,momentum,momentum-2026-08-31.md
Momentum-based-ZigZag.md,variant_or_duplicate,momentum,momentum-2026-08-31.md
趋势跟踪与动量结合的双指标交易策略-Dual-Indicator-Trading-Strategy-Combining-Trend-Following-and-Momentum.md,variant_or_duplicate,momentum,momentum-2026-08-31.md
动态趋势追踪策略-多指标综合动量分析系统-Dynamic-Trend-Following-Strategy-Multi-Indicator-Integrated-Momentum-Analysis-System.md,variant_or_duplicate,momentum,momentum-2026-08-31.md
动态趋势通道与相对强弱指标相结合的量化交易策略-Dynamic-Trend-Channel-and-Relative-Strength-Momentum-Trading-Strategy.md,variant_or_duplicate,momentum,momentum-2026-08-31.md
基于动量指标聚合交易策略Momentum-Indicator-Aggregation-Trading-Strategy.md,variant_or_duplicate,momentum,momentum-2026-08-31.md
动量顺势双策略Momentum-Trend-Dual-Strategy.md,variant_or_duplicate,momentum,momentum-2026-08-31.md
多因子动量轮动策略Multi-factor-Momentum-Rotation-Strategy.md,variant_or_duplicate,momentum,momentum-2026-08-31.md
多指标动量波浪交易策略-Multi-Indicator-Momentum-Wave-Trading-Strategy.md,variant_or_duplicate,momentum,momentum-2026-08-31.md
多指标动态适应型动量交易策略-Multi-Indicator-Adaptive-Momentum-Trading-Strategy.md,variant_or_duplicate,momentum,momentum-2026-08-31.md
动力追踪交易策略Momentum-Tracking-Trading-Strategy.md,variant_or_duplicate,momentum,momentum-2026-08-31.md
叠加动量策略Momentum-Stacking-Strategy-of-Different-Timeframes.md,variant_or_duplicate,momentum,momentum-2026-08-31.md
三线突破动量趋势跟踪策略结合ADX过滤器-Three-Line-Strike-Momentum-Trend-Following-Strategy-with-ADX-Filter.md,variant_or_duplicate,momentum,momentum-2026-08-31.md
基于支撑阻力和动量指标的多时间框架趋势跟踪策略Trend-Following-Strategy-Based-on-Support-Resistance-and-Momentum-Indicators-Across-Multiple-Timeframes.md,variant_or_duplicate,momentum,momentum-2026-08-31.md
动量海龟趋势跟踪策略Momentum-Turtle-Trend-Tracking-Strategy.md,variant_or_duplicate,momentum,momentum-2026-08-31.md
多周期动量驱动型自适应波动率过滤策略-Multi-Period-Momentum-Driven-Adaptive-Volatility-Filtered-Strategy.md,variant_or_duplicate,momentum,momentum-2026-08-31.md
多指标概率阈值动量趋势交易策略-Multi-Indicator-Probability-Threshold-Momentum-Trend-Trading-Strategy.md,variant_or_duplicate,momentum,momentum-2026-08-31.md
多重指标趋势动量交易策略与动态风险管理系统-Multi-Indicator-Trend-Momentum-Trading-Strategy-with-Dynamic-Risk-Management-System.md,variant_or_duplicate,momentum,momentum-2026-08-31.md
多时间框架趋势追踪与动量确认量化交易策略-Multi-Timeframe-Trend-Following-and-Momentum-Confirmation-Quantitative-Trading-Strategy.md,variant_or_duplicate,momentum,momentum-2026-08-31.md
双轨系统动量交易策略Dual-track-System-Momentum-Trading-Strategy.md,variant_or_duplicate,momentum,momentum-2026-08-31.md
双动量突破与波动率过滤量化策略Dual-Momentum-Breakthrough-and-Volatility-Filtering-Algorithmic-Trading-Strategy.md,variant_or_duplicate,momentum,momentum-2026-08-31.md
PPO价格敏感性动量双底定向交易策略PPO-Price-Sensitivity-Momentum-Double-Bottom-Directional-Trading-Strategy.md,variant_or_duplicate,momentum,momentum-2026-08-31.md
FVG动量短线交易策略-FVG-Momentum-Scalping-Strategy.md,variant_or_duplicate,momentum,momentum-2026-08-31.md
HMA动能指标突破策略HMA-Momentum-Breakthrough-Strategy.md,variant_or_duplicate,momentum,momentum-2026-08-31.md
动量交叉均线策略Dynamic-Momentum-Strategy.md,variant_or_duplicate,momentum,momentum-2026-08-31.md
动量跟踪自适应统计套利策略Momentum-Tracking-Adaptive-Statistical-Arbitrage-Strategy.md,variant_or_duplicate,momentum,momentum-2026-08-31.md
动量价格爬坡型加密货币策略Momentum-Price-Climbing-Crypto-Currency-Strategy.md,variant_or_duplicate,momentum,momentum-2026-08-31.md
动量突破GetString策略GetString-Momentum-Breakthrough-Strategy.md,variant_or_duplicate,momentum,momentum-2026-08-31.md
移动平均量价趋势攻击震荡策略Momentum-Trend-Following-Oscillation-Strategy.md,variant_or_duplicate,momentum,momentum-2026-08-31.md
动态趋势动量交易策略-Dynamic-Trend-Momentum-Trading-Strategy.md,variant_or_duplicate,momentum,momentum-2026-08-31.md
VWMA-ADX-基于动量与趋势的比特币多头策略-VWMA-ADX-Momentum-and-Trend-Based-Bitcoin-Long-Strategy.md,variant_or_duplicate,momentum,momentum-2026-08-31.md
动量价格趋势跟踪策略Momentum-Price-Trend-Tracking-Strategy.md,variant_or_duplicate,momentum,momentum-2026-08-31.md
双重动量突破确认量化交易策略-Dual-Momentum-Breakthrough-Confirmation-Quantitative-Trading-Strategy.md,variant_or_duplicate,momentum,momentum-2026-08-31.md
趋势跟随与动量过滤相结合的交易策略-Trend-Following-Trading-Strategy-with-Momentum-Filtering.md,variant_or_duplicate,momentum,momentum-2026-08-31.md
多指标交叉动态动量策略-Multi-Indicator-Dynamic-Momentum-Cross-Strategy.md,variant_or_duplicate,momentum,momentum-2026-08-31.md
ADX动量趋势策略ADX-Momentum-Trend-Strategy.md,variant_or_duplicate,momentum,momentum-2026-08-31.md
基于多因子模型的动量交易策略Momentum-Trading-Strategy-Based-on-Multi-factor-Model.md,variant_or_duplicate,momentum,momentum-2026-08-31.md
内含在周期之间的动量策略Momentum-Strategy-between-Contained-Cycles.md,variant_or_duplicate,momentum,momentum-2026-08-31.md
动量跟踪策略Momentum-Tracking-Strategy.md,variant_or_duplicate,momentum,momentum-2026-08-31.md
Ruda动量趋势交易策略-Ruda-Momentum-Trend-Trading-Strategy.md,variant_or_duplicate,momentum,momentum-2026-08-31.md
跨时间框架动量追踪策略Cross-Timeframe-Momentum-Tracking-Strategy.md,variant_or_duplicate,momentum,momentum-2026-08-31.md
多指标综合分析量化交易策略趋势动量与波动性协同预测模型-Multi-Indicator-Comprehensive-Analysis-Quantitative-Trading-Strategy-Trend-Momentum-and-Volatility-Collaborative-Prediction-Model.md,variant_or_duplicate,momentum,momentum-2026-08-31.md
多指标趋势跟随与动量结合的高级量化交易策略-Advanced-Multi-Indicator-Trend-Following-and-Momentum-Quantitative-Trading-Strategy.md,variant_or_duplicate,momentum,momentum-2026-08-31.md
基于伽马权重和动量的比特币期货智能交易策略-Gamma-Weighted-Momentum-Based-Bitcoin-Futures-Intelligent-Trading-Strategy.md,variant_or_duplicate,momentum,momentum-2026-08-31.md
CCI动量背离趋势交易策略CCI-Momentum-Divergence-Trend-Trading-Strategy.md,variant_or_duplicate,momentum,momentum-2026-08-31.md
基于QQE指标的动量交易策略QQE-Momentum-Trading-Strategy.md,variant_or_duplicate,momentum,momentum-2026-08-31.md
多动量指标融合的加密货币交易策略Cryptocurrency-Trading-Strategy-Combining-Multiple-Momentum-Indicators.md,variant_or_duplicate,momentum,momentum-2026-08-31.md
动量突破银线策略Momentum-Breakthrough-Silver-Line-Strategy.md,variant_or_duplicate,momentum,momentum-2026-08-31.md
三段趋势突破与动量跟踪策略-Trinity-Bar-Based-Trend-Breakthrough-and-Momentum-Tracking-Strategy.md,variant_or_duplicate,momentum,momentum-2026-08-31.md
多种技术指标动量趋向策略Momentum-Trend-Strategy.md,variant_or_duplicate,momentum,momentum-2026-08-31.md
动量均差指标突破策略Momentum-Mean-Deviation-Breakthrough-Strategy.md,variant_or_duplicate,momentum,momentum-2026-08-31.md
动量震荡器趋势跟踪策略Momentum-Oscillator-Trend-Tracking-Strategy.md,variant_or_duplicate,momentum,momentum-2026-08-31.md
动量回拉策略Momentum-Pullback-Strategy.md,variant_or_duplicate,momentum,momentum-2026-08-31.md
动量震荡交易策略Momentum-Oscillation-Trading-Strategy.md,variant_or_duplicate,momentum,momentum-2026-08-31.md
动量寻找策略Momentum-Finding-Strategy.md,variant_or_duplicate,momentum,momentum-2026-08-31.md
基于LazyBear压力矩量化动量策略Momentum-Strategy-Based-on-LazyBears-Squeeze.md,variant_or_duplicate,momentum,momentum-2026-08-31.md
价格趋势动量指标策略Momentum-Indicator-Strategy.md,variant_or_duplicate,momentum,momentum-2026-08-31.md
动量趋势追踪策略Momentum-Trend-Tracking-Strategy.md,variant_or_duplicate,momentum,momentum-2026-08-31.md
三重探底反弹突破动量策略-Triple-Bottom-Rebound-Momentum-Breakthrough-Strategy.md,variant_or_duplicate,momentum,momentum-2026-08-31.md
动量震荡跨均线交易策略Swing-Trading-Strategy-Based-on-Momentum.md,variant_or_duplicate,momentum,momentum-2026-08-31.md
三周期高低点动量交易策略-Three-Week-High-Low-Momentum-Trading-Strategy.md,variant_or_duplicate,momentum,momentum-2026-08-31.md
动量价格通道开仓与平仓策略Momentum-Price-Channel-Opening-and-Closing-Strategy.md,variant_or_duplicate,momentum,momentum-2026-08-31.md
动量追踪策略Momentum-Tracking-Strategy.md,variant_or_duplicate,momentum,momentum-2026-08-31.md
动量结合趋势判断型多因子量化交易策略Momentum-Combined-with-Trend-Judgment-Multi-factor-Quantitative-Trading-Strategy.md,variant_or_duplicate,momentum,momentum-2026-08-31.md
多动量指标组合策略Multi-Momentum-Indicators-Combo-Strategy.md,variant_or_duplicate,momentum,momentum-2026-08-31.md
动量型指数趋势跟随策略Momentum-Index-ETF-Trend-Following-Strategy.md,variant_or_duplicate,momentum,momentum-2026-08-31.md
趋势追踪型云图动量背离策略-Trend-Following-Cloud-Momentum-Divergence-Strategy.md,variant_or_duplicate,momentum,momentum-2026-08-31.md
基于动量震荡交易的自适应趋势跟踪策略-Adaptive-Trend-Following-Strategy-Based-on-Momentum-Oscillator.md,variant_or_duplicate,momentum,momentum-2026-08-31.md
动量跨市高效盈利策略Momentum-Swing-Effective-Profit-Strategy.md,variant_or_duplicate,momentum,momentum-2026-08-31.md
指标积分策略Momentum-Integral-Indicator-Strategy.md,variant_or_duplicate,momentum,momentum-2026-08-31.md
基于多时间框架动量轮换的趋势跟踪策略Momentum-Rotation-Across-Timeframes-Trend-Following-Strategy.md,variant_or_duplicate,momentum,momentum-2026-08-31.md
动态波动调整趋势跟踪策略Dynmaic-Risk-Adjusted-Momentum-Trading-Strategy.md,variant_or_duplicate,momentum,momentum-2026-08-31.md
双CCI滤波momentum爆发交易策略Dual-CCI-Filtered-Momentum-Explosion-Trading-Strategy.md,variant_or_duplicate,momentum,momentum-2026-08-31.md
动量讨价还价策略Momentum-Pullback-Strategy.md,variant_or_duplicate,momentum,momentum-2026-08-31.md
多重指标综合动量交易策略-Multi-Indicator-Comprehensive-Momentum-Trading-Strategy.md,variant_or_duplicate,momentum,momentum-2026-08-31.md
坚如磐石的海龟策略Real-TurtleSteadfast-as-a-Rock-Turtle-Strategy.md,variant_or_duplicate,momentum,momentum-2026-08-31.md
基于Nadaraya-Watson信封线和ROC指标的趋势跟踪策略Trend-Following-Strategy-Based-on-Nadaraya-Watson-Envelopes-and-ROC-Indicator.md,variant_or_duplicate,momentum,momentum-2026-08-31.md
动量砖策略Momentum-Brick-Strategy.md,variant_or_duplicate,momentum,momentum-2026-08-31.md
双向自适应范围滤波动量跟踪策略This-strategy-is-a-bidirectional-adaptive-range-filtering-momentum-tracking-strategy.md,variant_or_duplicate,momentum,momentum-2026-08-31.md
改进型多指标动量交易策略-Enhanced-Multi-Indicator-Momentum-Trading-Strategy.md,variant_or_duplicate,momentum,momentum-2026-08-31.md
量化交易动量方向收敛策略Ergotic-Momentum-Direction-Convergence-Trading-Strategy.md,variant_or_duplicate,momentum,momentum-2026-08-31.md
趋势动量跟踪策略Momentum-Tracking-Strategy-Based-on-Indicator-Integration.md,variant_or_duplicate,momentum,momentum-2026-08-31.md
基于量子谱分析的多维动量交易策略-Quantum-Spectral-Momentum-Trading-Strategy-with-Multi-Component-Analysis.md,variant_or_duplicate,momentum,momentum-2026-08-31.md
超越指标动量系统交易策略SMI-Ergodic-Oscillator-Momentum-Trading-Strategy.md,variant_or_duplicate,momentum,momentum-2026-08-31.md
Momentum-Alpha策略Momentum-Alpha-Strategy.md,variant_or_duplicate,momentum,momentum-2026-08-31.md
动量趋势追踪者策略Momentum-Trend-Tracker-Strategy.md,variant_or_duplicate,momentum,momentum-2026-08-31.md
基于动量轮动的股票策略Momentum-Rotation-Stock-Trading-Strategy.md,variant_or_duplicate,momentum,momentum-2026-08-31.md
基于动能量化追趋策略Heiken-Ashi-Momentum-Quant-Strategy.md,variant_or_duplicate,momentum,momentum-2026-08-31.md
多层动态阈值RMA量化交易策略趋势与动量协同优化方法-Multi-Layer-Dynamic-Threshold-RMA-Trading-Strategy-Trend-and-Momentum-Synergy-Optimization.md,variant_or_duplicate,momentum,momentum-2026-08-31.md
动量追踪CCI策略Momentum-Tracking-CCI-Strategy.md,variant_or_duplicate,momentum,momentum-2026-08-31.md
波动势能趋势深度分析及交易策略-Advanced-Vortex-Momentum-Analysis-and-Trading-Strategy.md,variant_or_duplicate,momentum,momentum-2026-08-31.md
双重动量挤压交易系统SMIUBS指标组合策略-Dual-Momentum-Squeeze-Trading-System-SMIUBS-Indicator-Combination-Strategy.md,variant_or_duplicate,momentum,momentum-2026-08-31.md
动量方向发散策略Momentum-Direction-Divergence-Strategy.md,variant_or_duplicate,momentum,momentum-2026-08-31.md
动态摆动指标策略Dynamic-Momentum-Index-Strategy.md,variant_or_duplicate,momentum,momentum-2026-08-31.md
双重动量策略Dual-Momentum-Strategy.md,variant_or_duplicate,momentum,momentum-2026-08-31.md
多重指标趋势跟踪动量交易策略-Multi-Indicator-Trend-Following-Momentum-Trading-Strategy.md,variant_or_duplicate,momentum,momentum-2026-08-31.md
STEM和MATCS组合动量交易策略STEM-and-MATCS-Combined-Momentum-Trading-Strategy.md,variant_or_duplicate,momentum,momentum-2026-08-31.md
坚如磐石的VIP量化策略The-Solid-as-a-Rock-VIP-Quant-Strategy.md,variant_or_duplicate,momentum,momentum-2026-08-31.md
动量趋势延续因子策略Momentum-Trend-Continuation-Factor-Strategy.md,variant_or_duplicate,momentum,momentum-2026-08-31.md
智能机构交易结构动量策略-Intelligent-Institutional-Trading-Structure-Momentum-Strategy.md,variant_or_duplicate,momentum,momentum-2026-08-31.md
动态多指标趋势动量优化交易策略-Dynamic-Multi-Indicator-Trend-Momentum-Enhanced-Trading-Strategy.md,variant_or_duplicate,momentum,momentum-2026-08-31.md
动量趋势优化组合策略Momentum-Trend-Optimization-Combination-Strategy.md,variant_or_duplicate,momentum,momentum-2026-08-31.md
动量指标驱动的三重确认趋势跟踪策略The-Momentum-Driven-Triple-Confirmation-Trend-Following-Strategy.md,variant_or_duplicate,momentum,momentum-2026-08-31.md
指数移动平均交叉智能定投链式止损跟踪系统-EMA-Crossover-Smart-DCA-with-Dual-Trailing-Stop-System.md,non_alpha_utility_or_execution_example,grid_martingale,
自适应智能网格交易策略Adaptive-Intelligent-Grid-Trading-Strategy.md,non_alpha_utility_or_execution_example,grid_martingale,
多时间框架RSICCI布林带DCA策略Multi-timeframe-RSICCIBollinger-Band-DCA-Strategy.md,non_alpha_utility_or_execution_example,grid_martingale,
渐进式元素加权DCA量化交易策略Quantized-Gradual-Weighted-DCA-Trading-Strategy.md,non_alpha_utility_or_execution_example,grid_martingale,
基于连续K线动态网格自适应均线动态止损策略-Continuous-Candle-Based-Dynamic-Grid-Adaptive-Moving-Average-with-Dynamic-Stop-Loss-Strategy.md,non_alpha_utility_or_execution_example,grid_martingale,
智能波动跟踪型DCA策略与双轨止损系统-Intelligent-Volatility-Responsive-DCA-Strategy-with-Dual-Trailing-Stop-System.md,non_alpha_utility_or_execution_example,grid_martingale,
杠杆化马丁格尔期货交易策略Leveraged-Martingale-Futures-Trading-Strategy.md,non_alpha_utility_or_execution_example,grid_martingale,
RSI指标吸盘交易策略RSI-Indicator-Grid-Trading-Strategy.md,non_alpha_utility_or_execution_example,grid_martingale,
基于动态止损和目标获利的EMA多次成本加权平均成本策略EMA-Multi-DCA-Strategy-with-Trailing-Stop-Loss-and-Profit-Target.md,non_alpha_utility_or_execution_example,grid_martingale,
动量布林带双均线DCA策略Momentum-Bollinger-Bands-Dual-Moving-Average-DCA-Strategy.md,non_alpha_utility_or_execution_example,grid_martingale,
动态网格交易策略Assassins-Grid-B-A-Dynamic-Grid-Trading-Strategy.md,non_alpha_utility_or_execution_example,grid_martingale,
VWMA-EMA均线交叉马丁格尔策略渐进式增仓优化量化交易系统-VWMA-EMA-Crossover-Martingale-Strategy-Progressive-Position-Scaling-Optimized-Quantitative-Trading-System.md,non_alpha_utility_or_execution_example,grid_martingale,
blackcat-L1-MartinGale-Scalping-Strategy.md,non_alpha_utility_or_execution_example,grid_martingale,
基于马丁格尔理论的网格式加仓策略模型-Grid-based-Position-Accumulation-Strategy-Based-on-Martingale-Theory.md,non_alpha_utility_or_execution_example,grid_martingale,
基于网格交易的自适应加密货币套利策略Adaptive-Cryptocurrency-Grid-Trading-Strategy-Based-on-Arbitrage.md,non_alpha_utility_or_execution_example,grid_martingale,
震荡盈利波段Grid策略Profit-Grid-Strategy-With-Oscillation.md,non_alpha_utility_or_execution_example,grid_martingale,
基于下跌幅度与目标利润的多头网格策略-Long-Grid-Strategy-Based-on-Drawdown-and-Target-Profit.md,non_alpha_utility_or_execution_example,grid_martingale,
动态RSI矩形Grid策略RSI-Box-Grid-Strategy.md,non_alpha_utility_or_execution_example,grid_martingale,
基于动态网格交易策略Dynamic-Grid-Trading-Strategy.md,non_alpha_utility_or_execution_example,grid_martingale,
月末反转DCA策略Monthly-Reversal-DCA-Strategy.md,non_alpha_utility_or_execution_example,grid_martingale,
自适应网格交易策略与动态调整机制-Adaptive-Grid-Trading-Strategy-with-Dynamic-Adjustment-Mechanism.md,non_alpha_utility_or_execution_example,grid_martingale,
八阶蜡烛模式序列马丁格尔策略-Eight-Candle-Pattern-Sequence-Martingale-Strategy.md,non_alpha_utility_or_execution_example,grid_martingale,
动态网格交易策略Dynamic-Grid-Trading-Strategy.md,non_alpha_utility_or_execution_example,grid_martingale,
基于布林通道和RSI指标的渐进DCA策略Bollinger-Band-and-RSI-Mixing-with-DCA-Strategy.md,non_alpha_utility_or_execution_example,grid_martingale,
自适应动量马丁格尔交易系统-Adaptive-Momentum-Martingale-Trading-System.md,non_alpha_utility_or_execution_example,grid_martingale,
DCA策略DCA-Bot-Strategy.md,non_alpha_utility_or_execution_example,grid_martingale,
基于网格的多头-Martingale-动态加仓网格交易策略Grid-based-Long-Martingale-Dynamic-Position-Grid-Trading-Strategy.md,non_alpha_utility_or_execution_example,grid_martingale,
布林带与DCA结合的高频交易策略-High-Frequency-Trading-Strategy-Combining-Bollinger-Bands-and-DCA.md,non_alpha_utility_or_execution_example,grid_martingale,
自适应成本均值动态网格策略-基于DCA与马丁格尔原理的高级量化交易系统-Adaptive-Cost-Average-Dynamic-Grid-Strategy-Advanced-Quantitative-Trading-System-Based-on-DCA-and-Martingale-Principles.md,non_alpha_utility_or_execution_example,grid_martingale,
范围量加仓DCA策略Ranged-Volume-DCA-Strategy.md,non_alpha_utility_or_execution_example,grid_martingale,
动态ATR网格回撤捕捉量化交易策略-Dynamic-ATR-Grid-Pullback-Capture-Quantitative-Trading-Strategy.md,non_alpha_utility_or_execution_example,grid_martingale,
多区间-MA100-价格回撤智能网格交易策略-Multi-Zone-MA100-Price-Retracement-Smart-Grid-Trading-Strategy.md,non_alpha_utility_or_execution_example,grid_martingale,
SpotGridStra.md,non_alpha_utility_or_execution_example,grid_martingale,
基于动态DCA的加密货币量化交易策略-Dynamic-DCA-based-Cryptocurrency-Quantitative-Trading-Strategy.md,non_alpha_utility_or_execution_example,grid_martingale,
布林波段双均线追踪网格策略Bollinger-Fibonacci-Grid-Tracking-Trend-Strategy.md,non_alpha_utility_or_execution_example,grid_martingale,
趋势追踪网格策略Trend-Following-Grid-Strategy.md,non_alpha_utility_or_execution_example,grid_martingale,
自适应分形网格波段交易策略与波动率阈值优化系统-Adaptive-Fractal-Grid-Scalping-Strategy-with-Volatility-Threshold-Optimization-System.md,non_alpha_utility_or_execution_example,grid_martingale,
低风险DCA趋势交易策略Low-Risk-DCA-Trend-Trading-Strategy.md,non_alpha_utility_or_execution_example,grid_martingale,
MACD与限制性马丁格尔相结合的高级策略-Advanced-MACD-Strategy-with-Limited-Martingale.md,non_alpha_utility_or_execution_example,grid_martingale,
多时序RSI网格交易策略Multi-Period-RSI-Grid-Trading-Strategy.md,non_alpha_utility_or_execution_example,grid_martingale,
基于量化交易平台的自适应网格交易策略Adaptive-Grid-Trading-Strategy-Based-on-Quantitative-Trading-Platform.md,non_alpha_utility_or_execution_example,grid_martingale,
拓宽均线区间的马丁格尔止损炒股策略Martingale-Strategy-with-Expanded-Moving-Average-Range-for-Stock-Trading.md,non_alpha_utility_or_execution_example,grid_martingale,
趋势跟随可变仓位网格策略-Trend-Following-Variable-Position-Grid-Strategy.md,non_alpha_utility_or_execution_example,grid_martingale,
固定网格交易策略Fixed-Grid-Trading-Strategy.md,non_alpha_utility_or_execution_example,grid_martingale,
基于多空自适应动态网格策略A-Long-Short-Adaptive-Dynamic-Grid-Strategy-Based.md,non_alpha_utility_or_execution_example,grid_martingale,
双向网格K线追踪交易策略Grid-Trading-Strategy-Based-on-Real-time-K-line-Tracking.md,non_alpha_utility_or_execution_example,grid_martingale,
网格美元成本平均策略Grid-Dollar-Cost-Averaging-Strategy.md,non_alpha_utility_or_execution_example,grid_martingale,
带滑点止损的DCA定投策略DCA-Strategy-with-Trailing-Take-Profit.md,non_alpha_utility_or_execution_example,grid_martingale,
Wavetrend-大幅指标超跌反弹网格交易策略-Wavetrend-Large-Amplitude-Oversold-Rebound-Grid-Trading-Strategy.md,non_alpha_utility_or_execution_example,grid_martingale,
量化交易精准多空策略Fibonacci-Zone-DCA-Strategy.md,non_alpha_utility_or_execution_example,grid_martingale,
趋势跟踪网格动态调仓量化策略-Trend-Following-Dynamic-Grid-Position-Sizing-Strategy.md,non_alpha_utility_or_execution_example,grid_martingale,
每日均成本策略结合EMA触碰信号Daily-DCA-Strategy-with-Touching-EMAs.md,non_alpha_utility_or_execution_example,grid_martingale,
MACD-KDJ联动的马丁格尔金字塔式量化交易策略-MACD-KDJ-Combined-Martingale-Pyramiding-Quantitative-Trading-Strategy.md,non_alpha_utility_or_execution_example,grid_martingale,
高级布林带均线网格趋势追踪策略Advanced-Bollinger-Band-Moving-Average-Grid-Trend-Tracking-Strategy.md,non_alpha_utility_or_execution_example,grid_martingale,
Advanced-MACD-Strategy-with-Limited-Martingale-基于有限马丁格尔的高级MACD策略.md,non_alpha_utility_or_execution_example,grid_martingale,
grid.md,non_alpha_utility_or_execution_example,grid_martingale,
交易量动态调整DCA策略-Volume-based-Dynamic-DCA-Strategy.md,non_alpha_utility_or_execution_example,grid_martingale,
自适应布林网格交易策略-Adaptive-Bollinger-Bands-Grid-Trading-Strategy-with-Dynamic-Level-Adjustment.md,non_alpha_utility_or_execution_example,grid_martingale,
双重底部反转均线DCA网格策略Double-Bottom-Reversal-Mean-Reversion-DCA-Grid-Strategy.md,non_alpha_utility_or_execution_example,grid_martingale,
网格交易风险对冲策略Grid-Trading-Risk-Hedging-Strategy.md,non_alpha_utility_or_execution_example,grid_martingale,
主动自适应量化网格交易策略Self-adaptive-Quant-Grid-Trading-Strategy.md,non_alpha_utility_or_execution_example,grid_martingale,
动态网格交易管理策略Dynamic-Grid-Trading-Management-Strategy.md,non_alpha_utility_or_execution_example,grid_martingale,
MartinGale-Strategy1.md,non_alpha_utility_or_execution_example,grid_martingale,
DCA双均线海龟交易策略-DCA-Dual-Moving-Average-Turtle-Trading-Strategy.md,non_alpha_utility_or_execution_example,grid_martingale,
多时间周期动态网格RSI趋势震荡交易策略-Multi-Timeframe-Dynamic-Grid-RSI-Trend-Oscillation-Trading-Strategy.md,non_alpha_utility_or_execution_example,grid_martingale,
基于均线系统的网格交易策略Grid-Trading-Strategy-Based-on-Moving-Average-System.md,non_alpha_utility_or_execution_example,grid_martingale,
多指标确认均线突破DCA动态止盈策略-Multi-Indicator-Confirmation-EMA-Breakout-with-DCA-and-Dynamic-Take-Profit-Strategy.md,non_alpha_utility_or_execution_example,grid_martingale,
动态均线网格交易策略Grid-Strategy-with-Moving-Average-Lines.md,non_alpha_utility_or_execution_example,grid_martingale,
动态网格趋势追踪量化交易策略Dynamic-Grid-Trend-Following-Quantitative-Trading-Strategy.md,non_alpha_utility_or_execution_example,grid_martingale,
MACD与马丁策略结合的多头优化交易策略-MACD-and-Martingale-Combination-Strategy-for-Optimized-Long-Trading.md,non_alpha_utility_or_execution_example,grid_martingale,
双均线与RSI组合的MT5马丁格尔scalping策略RSI-and-Moving-Average-Combination-MT5-Martingale-Scalping-Strategy.md,non_alpha_utility_or_execution_example,grid_martingale,
Flawless-Victory-DCA-动量与波动率策略Flawless-Victory-DCA-Momentum-and-Volatility-Strategy.md,non_alpha_utility_or_execution_example,grid_martingale,
海洋理论网格交易策略Ocean-Theory-Grid-Trading-Strategy.md,non_alpha_utility_or_execution_example,grid_martingale,
KNN-机器学习策略基于-K-近邻算法的趋势预测交易系统-KNN-Machine-Learning-Strategy-Trend-Prediction-Trading-System-Based-on-K-Nearest-Neighbors-Algorithm.md,normalized_candidate,machine_learning,machine-learning-2026-08-31.md
基于斐波那契HMA的AI买卖信号策略Fibonacci-HMA-AI-Buy-Sell-Signal-Strategy.md,variant_or_duplicate,machine_learning,machine-learning-2026-08-31.md
开箱即用的机器学习交易策略Out-of-the-box-Machine-Learning-Trading-Strategy.md,variant_or_duplicate,machine_learning,machine-learning-2026-08-31.md
人工智能驱动的波动趋势价格系统背离交易策略-AI-Powered-Volatility-Price-System-Divergence-Trading-Strategy.md,variant_or_duplicate,machine_learning,machine-learning-2026-08-31.md
AI趋势预测交易策略AI-Trend-Predictor-Trading-Strategy.md,variant_or_duplicate,machine_learning,machine-learning-2026-08-31.md
动态趋势跟踪策略与机器学习增强型风险管理Dynamic-Trend-Following-Strategy-with-Machine-Learning-Enhanced-Risk-Management.md,variant_or_duplicate,machine_learning,machine-learning-2026-08-31.md
趋势追踪-turtle系统Turtle-Trend-Trading-System.md,normalized_candidate,turtle_trend,turtle-trend-2026-08-31.md
M-Language-Turtle-Trading-strategy-implementationsV-10.md,variant_or_duplicate,turtle_trend,turtle-trend-2026-08-31.md
游龟交易策略Turtle-Trend-Strategy.md,variant_or_duplicate,turtle_trend,turtle-trend-2026-08-31.md
理查德海龟交易策略Richards-Turtle-Trading-Strategy.md,variant_or_duplicate,turtle_trend,turtle-trend-2026-08-31.md
双重跟踪止损海龟交易策略Dual-Tracking-Turtle-Trading-Strategy.md,variant_or_duplicate,turtle_trend,turtle-trend-2026-08-31.md
一种追踪突破动量的海龟交易策略Turtle-Trading-Strategy.md,variant_or_duplicate,turtle_trend,turtle-trend-2026-08-31.md
双海龟突破策略Double-Turtle-Breakthrough-Strategy.md,variant_or_duplicate,turtle_trend,turtle-trend-2026-08-31.md
海龟交易决策系统Turtle-Trading-Decision-System.md,variant_or_duplicate,turtle_trend,turtle-trend-2026-08-31.md
趋势顺应海龟交易策略Turtle-trend-Following-Strategy.md,variant_or_duplicate,turtle_trend,turtle-trend-2026-08-31.md
海龟交易法Turtles-strategy.md,variant_or_duplicate,turtle_trend,turtle-trend-2026-08-31.md
双通道突破Turtle策略Double-Channel-Breakthrough-Turtle-Strategy.md,variant_or_duplicate,turtle_trend,turtle-trend-2026-08-31.md
康乃狄克海龟系统Connecticut-Turtle-System.md,variant_or_duplicate,turtle_trend,turtle-trend-2026-08-31.md
